date,mean_temp,max_temp,min_temp,precipitation,cloud_cover,temp_range,temp_avg_change
1994-01-01,20.0,27.2,13.9,0.0,7.583333333333333,13.299999999999999,0.0
1994-01-02,20.0,27.1,13.4,0.0,71.75,13.700000000000001,0.0
1994-01-03,20.7,28.2,14.2,0.0,38.291666666666664,14.0,0.6999999999999993
1994-01-04,21.0,27.7,14.4,0.0,0.0,13.299999999999999,0.3000000000000007
1994-01-05,21.6,28.0,14.7,0.0,8.583333333333334,13.3,0.6000000000000014
1994-01-06,21.4,27.2,14.9,0.0,8.166666666666666,12.299999999999999,-0.20000000000000284
1994-01-07,20.5,27.0,14.9,0.0,4.666666666666667,12.1,-0.8999999999999986
1994-01-08,20.2,26.6,13.8,0.0,0.0,12.8,-0.3000000000000007
1994-01-09,20.7,27.0,13.4,0.0,30.583333333333332,13.6,0.5
1994-01-10,20.2,26.1,14.5,0.0,87.5,11.600000000000001,-0.5
1994-01-11,20.3,26.4,14.9,0.0,23.5,11.499999999999998,0.10000000000000142
1994-01-12,20.2,26.7,14.0,0.0,11.208333333333334,12.7,-0.10000000000000142
1994-01-13,21.8,28.0,14.7,0.0,13.333333333333334,13.3,1.6000000000000014
1994-01-14,22.2,28.1,15.7,0.012500000000000002,23.708333333333332,12.400000000000002,0.3999999999999986
1994-01-15,22.4,27.7,17.0,0.10833333333333334,52.375,10.7,0.1999999999999993
1994-01-16,19.5,25.2,14.4,0.11666666666666668,41.958333333333336,10.799999999999999,-2.8999999999999986
1994-01-17,16.7,22.7,11.4,0.0,0.125,11.299999999999999,-2.8000000000000007
1994-01-18,16.4,22.8,10.7,0.0,18.375,12.100000000000001,-0.3000000000000007
1994-01-19,17.3,24.1,10.2,0.0,1.4583333333333333,13.900000000000002,0.9000000000000021
1994-01-20,18.8,25.6,12.5,0.0,5.875,13.100000000000001,1.5
1994-01-21,19.4,26.9,13.8,0.0,0.8333333333333334,13.099999999999998,0.5999999999999979
1994-01-22,19.1,26.3,12.3,0.0,6.416666666666667,14.0,-0.29999999999999716
1994-01-23,18.0,25.7,11.4,0.0,0.0,14.299999999999999,-1.1000000000000014
1994-01-24,19.0,26.3,11.1,0.0,0.0,15.200000000000001,1.0
1994-01-25,19.1,26.4,12.0,0.0,0.0,14.399999999999999,0.10000000000000142
1994-01-26,19.4,26.5,11.8,0.0,0.0,14.7,0.29999999999999716
1994-01-27,20.4,27.8,13.1,0.0,0.0,14.700000000000001,1.0
1994-01-28,21.6,28.3,13.4,0.0,0.125,14.9,1.2000000000000028
1994-01-29,22.7,29.5,16.2,0.0,1.1666666666666667,13.3,1.0999999999999979
1994-01-30,22.9,29.5,16.7,0.0,23.625,12.8,0.1999999999999993
1994-01-31,21.0,25.2,18.3,0.0375,48.833333333333336,6.899999999999999,-1.8999999999999986
1994-02-01,19.7,22.8,16.6,0.6749999999999999,80.16666666666667,6.199999999999999,-1.3000000000000007
1994-02-02,16.4,19.5,13.1,1.0166666666666666,65.79166666666667,6.4,-3.3000000000000007
1994-02-03,17.1,22.6,12.8,0.0,48.916666666666664,9.8,0.7000000000000028
1994-02-04,18.6,23.8,12.0,0.0,2.0833333333333335,11.8,1.5
1994-02-05,20.1,25.6,14.0,0.0,2.6666666666666665,11.600000000000001,1.5
1994-02-06,20.8,26.6,15.6,0.0,7.5,11.000000000000002,0.6999999999999993
1994-02-07,21.6,28.0,14.2,0.0,3.4166666666666665,13.8,0.8000000000000007
1994-02-08,22.3,28.1,15.3,0.024999999999999998,33.291666666666664,12.8,0.6999999999999993
1994-02-09,20.8,25.5,16.4,0.10416666666666667,61.541666666666664,9.100000000000001,-1.5
1994-02-10,19.1,24.4,13.4,0.0,24.458333333333332,10.999999999999998,-1.6999999999999993
1994-02-11,18.8,24.5,12.9,0.0,2.875,11.6,-0.3000000000000007
1994-02-12,20.7,25.8,15.8,0.020833333333333332,20.25,10.0,1.8999999999999986
1994-02-13,20.7,26.8,15.0,0.0,5.291666666666667,11.8,0.0
1994-02-14,21.3,27.0,15.1,0.0,5.958333333333333,11.9,0.6000000000000014
1994-02-15,22.0,26.3,17.8,0.029166666666666664,74.29166666666667,8.5,0.6999999999999993
1994-02-16,22.1,25.9,17.5,0.0,69.29166666666667,8.399999999999999,0.10000000000000142
1994-02-17,22.5,27.6,16.7,0.0,26.625,10.900000000000002,0.3999999999999986
1994-02-18,23.0,27.7,18.9,0.0,30.625,8.8,0.5
1994-02-19,23.2,29.1,16.9,0.0,0.041666666666666664,12.200000000000003,0.1999999999999993
1994-02-20,24.1,29.9,16.3,0.0,11.416666666666666,13.599999999999998,0.9000000000000021
1994-02-21,25.7,31.0,20.3,0.008333333333333333,29.083333333333332,10.7,1.5999999999999979
1994-02-22,23.0,26.4,18.9,0.024999999999999998,41.458333333333336,7.5,-2.6999999999999993
1994-02-23,21.2,27.0,15.0,0.0,1.4166666666666667,12.0,-1.8000000000000007
1994-02-24,20.5,26.6,13.3,0.0,0.0,13.3,-0.6999999999999993
1994-02-25,20.0,26.9,12.8,0.0,0.0,14.099999999999998,-0.5
1994-02-26,21.4,27.9,15.9,0.0,0.0,11.999999999999998,1.3999999999999986
1994-02-27,23.1,30.5,15.6,0.0,2.0416666666666665,14.9,1.7000000000000028
1994-02-28,24.9,31.8,17.4,0.0,7.708333333333333,14.400000000000002,1.7999999999999972
1994-03-01,24.8,31.3,18.9,0.0,2.6666666666666665,12.400000000000002,-0.09999999999999787
1994-03-02,24.3,30.8,18.8,0.0,8.541666666666666,12.0,-0.5
1994-03-03,24.3,31.2,16.1,0.0,10.916666666666666,15.099999999999998,0.0
1994-03-04,25.5,32.2,18.9,0.0,18.416666666666668,13.300000000000004,1.1999999999999993
1994-03-05,26.9,34.6,19.9,0.0,6.083333333333333,14.700000000000003,1.3999999999999986
1994-03-06,27.4,34.6,20.8,0.0,20.875,13.8,0.5
1994-03-07,27.3,33.8,20.5,0.0,63.458333333333336,13.299999999999997,-0.09999999999999787
1994-03-08,26.0,32.2,19.8,0.0,18.458333333333332,12.400000000000002,-1.3000000000000007
1994-03-09,25.6,32.8,16.8,0.0,0.0,15.999999999999996,-0.3999999999999986
1994-03-10,26.0,33.3,16.8,0.0,5.083333333333333,16.499999999999996,0.3999999999999986
1994-03-11,25.7,32.9,19.1,0.0,8.291666666666666,13.799999999999997,-0.3000000000000007
1994-03-12,27.4,34.7,18.9,0.0,10.291666666666666,15.800000000000004,1.6999999999999993
1994-03-13,28.8,35.2,23.3,0.0,32.25,11.900000000000002,1.4000000000000021
1994-03-14,29.1,35.5,24.2,0.0,21.25,11.3,0.3000000000000007
1994-03-15,29.7,36.8,24.5,0.0,6.208333333333333,12.299999999999997,0.5999999999999979
1994-03-16,29.9,36.6,24.3,0.012499999999999999,15.666666666666666,12.3,0.1999999999999993
1994-03-17,30.1,37.6,23.9,0.0,0.041666666666666664,13.700000000000003,0.20000000000000284
1994-03-18,29.9,36.8,23.0,0.0,0.0,13.799999999999997,-0.20000000000000284
1994-03-19,29.9,36.5,22.5,0.0,3.5833333333333335,14.0,0.0
1994-03-20,30.3,37.5,23.7,0.0,5.666666666666667,13.8,0.40000000000000213
1994-03-21,30.2,37.6,25.4,0.03333333333333333,16.0,12.200000000000003,-0.10000000000000142
1994-03-22,29.7,36.2,25.1,0.0,13.583333333333334,11.100000000000001,-0.5
1994-03-23,28.4,33.2,24.7,0.008333333333333333,34.5,8.500000000000004,-1.3000000000000007
1994-03-24,28.5,34.3,24.6,0.016666666666666666,24.75,9.699999999999996,0.10000000000000142
1994-03-25,28.9,35.2,24.6,0.0,18.833333333333332,10.600000000000001,0.3999999999999986
1994-03-26,28.5,34.0,24.9,0.24583333333333332,27.291666666666668,9.100000000000001,-0.3999999999999986
1994-03-27,29.0,34.4,24.7,0.008333333333333333,26.666666666666668,9.7,0.5
1994-03-28,29.1,35.5,24.4,0.0,16.041666666666668,11.100000000000001,0.10000000000000142
1994-03-29,26.9,29.9,24.6,0.28750000000000003,40.041666666666664,5.299999999999997,-2.200000000000003
1994-03-30,28.0,32.8,25.1,0.10833333333333334,27.5,7.699999999999996,1.1000000000000014
1994-03-31,29.8,35.5,25.4,0.016666666666666666,71.79166666666667,10.100000000000001,1.8000000000000007
1994-04-01,29.7,35.0,26.3,0.05416666666666666,81.04166666666667,8.7,-0.10000000000000142
1994-04-02,26.3,34.4,22.5,0.6958333333333333,52.083333333333336,11.899999999999999,-3.3999999999999986
1994-04-03,24.6,31.4,22.0,0.7458333333333335,61.666666666666664,9.399999999999999,-1.6999999999999993
1994-04-04,26.8,31.6,22.6,0.03333333333333333,50.041666666666664,9.0,2.1999999999999993
1994-04-05,27.5,31.1,24.0,0.041666666666666664,64.16666666666667,7.100000000000001,0.6999999999999993
1994-04-06,29.0,34.6,25.0,0.004166666666666667,13.916666666666666,9.600000000000001,1.5
1994-04-07,29.6,35.2,24.6,0.0,25.458333333333332,10.600000000000001,0.6000000000000014
1994-04-08,29.6,34.5,24.4,0.0,48.375,10.100000000000001,0.0
1994-04-09,29.8,35.2,24.7,0.0,29.0,10.500000000000004,0.1999999999999993
1994-04-10,29.5,35.3,24.4,0.0,0.6666666666666666,10.899999999999999,-0.3000000000000007
1994-04-11,30.1,36.0,24.0,0.0,12.416666666666666,12.0,0.6000000000000014
1994-04-12,29.3,35.6,21.9,0.0,44.0,13.700000000000003,-0.8000000000000007
1994-04-13,30.3,37.0,21.8,0.0,1.9166666666666667,15.2,1.0
1994-04-14,31.0,37.6,24.1,0.0,9.0,13.5,0.6999999999999993
1994-04-15,31.4,38.6,24.9,0.0,26.5,13.700000000000003,0.3999999999999986
1994-04-16,30.4,36.2,26.2,0.0,58.625,10.000000000000004,-1.0
1994-04-17,28.0,35.1,24.3,0.09583333333333333,42.708333333333336,10.8,-2.3999999999999986
1994-04-18,27.8,31.9,24.5,0.21666666666666667,61.208333333333336,7.399999999999999,-0.1999999999999993
1994-04-19,28.3,34.2,24.3,0.05416666666666667,44.0,9.900000000000002,0.5
1994-04-20,30.0,36.7,24.6,0.012499999999999999,32.666666666666664,12.100000000000001,1.6999999999999993
1994-04-21,29.6,35.8,25.4,0.9750000000000001,60.458333333333336,10.399999999999999,-0.3999999999999986
1994-04-22,27.4,32.6,24.9,1.2249999999999999,82.66666666666667,7.700000000000003,-2.200000000000003
1994-04-23,26.9,30.2,24.5,0.3666666666666667,63.5,5.699999999999999,-0.5
1994-04-24,29.1,32.9,24.9,0.0,40.541666666666664,8.0,2.200000000000003
1994-04-25,28.3,34.2,25.3,0.1708333333333333,52.75,8.900000000000002,-0.8000000000000007
1994-04-26,29.4,34.5,25.7,0.024999999999999998,66.41666666666667,8.8,1.0999999999999979
1994-04-27,29.3,34.0,25.4,0.0,21.333333333333332,8.600000000000001,-0.09999999999999787
1994-04-28,29.5,34.3,25.2,0.0,27.333333333333332,9.099999999999998,0.1999999999999993
1994-04-29,29.6,34.7,25.2,0.0,29.166666666666668,9.500000000000004,0.10000000000000142
1994-04-30,29.7,34.2,25.2,0.016666666666666666,37.166666666666664,9.000000000000004,0.09999999999999787
1994-05-01,29.7,34.2,25.4,0.0,86.79166666666667,8.800000000000004,0.0
1994-05-02,30.5,34.9,25.5,0.0,98.75,9.399999999999999,0.8000000000000007
1994-05-03,32.2,37.8,27.4,0.0,37.625,10.399999999999999,1.7000000000000028
1994-05-04,33.5,39.4,28.2,0.0,23.25,11.2,1.2999999999999972
1994-05-05,33.7,39.3,29.0,0.0,30.916666666666668,10.299999999999997,0.20000000000000284
1994-05-06,33.2,39.3,28.5,0.0,14.125,10.799999999999997,-0.5
1994-05-07,32.9,39.0,28.3,0.08750000000000001,13.416666666666666,10.7,-0.30000000000000426
1994-05-08,32.0,36.9,27.8,0.0,31.041666666666668,9.099999999999998,-0.8999999999999986
1994-05-09,30.2,36.1,26.7,0.19583333333333333,35.083333333333336,9.400000000000002,-1.8000000000000007
1994-05-10,29.9,34.8,27.2,0.2041666666666667,57.25,7.599999999999998,-0.3000000000000007
1994-05-11,30.8,35.1,26.9,0.0,17.875,8.200000000000003,0.9000000000000021
1994-05-12,31.8,37.5,26.8,0.008333333333333333,17.916666666666668,10.7,1.0
1994-05-13,31.3,36.9,27.4,0.05416666666666667,21.5,9.5,-0.5
1994-05-14,31.9,37.8,27.4,0.008333333333333333,5.833333333333333,10.399999999999999,0.5999999999999979
1994-05-15,31.6,37.1,27.8,0.0,24.5,9.3,-0.29999999999999716
1994-05-16,31.9,37.4,28.1,0.0,28.708333333333332,9.299999999999997,0.29999999999999716
1994-05-17,31.0,37.0,27.1,3.9583333333333335,52.291666666666664,9.899999999999999,-0.8999999999999986
1994-05-18,27.4,33.2,23.7,4.2749999999999995,59.916666666666664,9.500000000000004,-3.6000000000000014
1994-05-19,26.0,30.0,24.0,3.2458333333333336,80.25,6.0,-1.3999999999999986
1994-05-20,26.9,30.0,24.2,0.6708333333333334,89.20833333333333,5.800000000000001,0.8999999999999986
1994-05-21,26.5,29.1,24.2,0.14583333333333334,80.54166666666667,4.900000000000002,-0.3999999999999986
1994-05-22,27.8,31.4,25.6,0.10833333333333334,81.91666666666667,5.799999999999997,1.3000000000000007
1994-05-23,26.9,30.1,24.7,0.25833333333333336,99.95833333333333,5.400000000000002,-0.9000000000000021
1994-05-24,26.0,28.9,24.4,0.5416666666666666,93.16666666666667,4.5,-0.8999999999999986
1994-05-25,27.5,31.4,25.1,0.39999999999999997,77.95833333333333,6.299999999999997,1.5
1994-05-26,28.3,31.9,25.2,0.28750000000000003,28.291666666666668,6.699999999999999,0.8000000000000007
1994-05-27,30.2,33.9,27.0,0.0,15.916666666666666,6.899999999999999,1.8999999999999986
1994-05-28,30.5,33.9,27.9,0.0,14.666666666666666,6.0,0.3000000000000007
1994-05-29,30.7,34.2,28.5,0.0,15.75,5.700000000000003,0.1999999999999993
1994-05-30,30.3,33.3,28.0,0.0,34.375,5.299999999999997,-0.3999999999999986
1994-05-31,30.4,33.5,28.2,0.0,18.083333333333332,5.300000000000001,0.09999999999999787
1994-06-01,31.0,34.4,28.5,0.0,41.375,5.899999999999999,0.6000000000000014
1994-06-02,31.6,35.7,28.7,0.0,55.583333333333336,7.0000000000000036,0.6000000000000014
1994-06-03,31.2,34.9,28.7,0.0,64.95833333333333,6.199999999999999,-0.40000000000000213
1994-06-04,31.1,34.9,28.7,0.0,33.375,6.199999999999999,-0.09999999999999787
1994-06-05,30.7,34.5,27.7,0.07916666666666666,85.58333333333333,6.800000000000001,-0.40000000000000213
1994-06-06,30.1,33.9,27.9,0.12083333333333335,48.083333333333336,6.0,-0.5999999999999979
1994-06-07,30.8,34.7,28.1,0.012500000000000002,52.583333333333336,6.600000000000001,0.6999999999999993
1994-06-08,30.5,35.1,27.0,0.35000000000000003,68.375,8.100000000000001,-0.3000000000000007
1994-06-09,28.2,31.1,25.6,1.3083333333333333,99.625,5.5,-2.3000000000000007
1994-06-10,26.5,29.7,25.3,1.8416666666666666,97.75,4.399999999999999,-1.6999999999999993
1994-06-11,26.4,27.6,25.2,0.6416666666666667,98.75,2.400000000000002,-0.10000000000000142
1994-06-12,27.9,31.3,25.6,0.4166666666666667,94.91666666666667,5.699999999999999,1.5
1994-06-13,28.2,31.6,26.4,0.31666666666666665,99.66666666666667,5.200000000000003,0.3000000000000007
1994-06-14,27.8,30.4,26.3,0.24166666666666667,99.91666666666667,4.099999999999998,-0.3999999999999986
1994-06-15,28.4,30.9,26.4,0.03333333333333333,98.45833333333333,4.5,0.5999999999999979
1994-06-16,28.1,30.1,26.7,0.041666666666666664,98.08333333333333,3.400000000000002,-0.29999999999999716
1994-06-17,28.8,31.2,27.0,0.09583333333333333,99.20833333333333,4.199999999999999,0.6999999999999993
1994-06-18,28.9,32.1,26.5,0.0375,94.79166666666667,5.600000000000001,0.09999999999999787
1994-06-19,28.3,30.1,26.4,0.024999999999999998,98.66666666666667,3.700000000000003,-0.5999999999999979
1994-06-20,28.3,31.3,26.3,0.16666666666666666,99.41666666666667,5.0,0.0
1994-06-21,28.7,31.5,26.3,0.12916666666666668,87.66666666666667,5.199999999999999,0.3999999999999986
1994-06-22,28.4,31.3,26.4,0.22083333333333333,97.41666666666667,4.900000000000002,-0.3000000000000007
1994-06-23,27.9,30.3,25.9,0.5125000000000001,97.29166666666667,4.400000000000002,-0.5
1994-06-24,28.3,31.2,25.9,0.3541666666666667,99.75,5.300000000000001,0.40000000000000213
1994-06-25,27.3,31.2,25.2,0.9625,99.04166666666667,6.0,-1.0
1994-06-26,26.8,29.6,25.2,0.5208333333333334,97.70833333333333,4.400000000000002,-0.5
1994-06-27,26.4,28.0,25.5,0.9916666666666667,99.95833333333333,2.5,-0.40000000000000213
1994-06-28,27.0,28.2,25.6,2.0416666666666665,99.20833333333333,2.599999999999998,0.6000000000000014
1994-06-29,27.0,29.0,25.3,0.8916666666666666,99.04166666666667,3.6999999999999993,0.0
1994-06-30,27.6,30.4,25.2,0.6333333333333333,98.45833333333333,5.199999999999999,0.6000000000000014
1994-07-01,27.9,32.6,25.6,0.4666666666666666,94.91666666666667,7.0,0.29999999999999716
1994-07-02,27.6,30.7,25.4,0.25416666666666665,99.08333333333333,5.300000000000001,-0.29999999999999716
1994-07-03,27.0,30.0,24.8,0.3,86.16666666666667,5.199999999999999,-0.6000000000000014
1994-07-04,27.8,30.4,24.9,0.049999999999999996,89.04166666666667,5.5,0.8000000000000007
1994-07-05,28.8,31.8,26.2,0.08750000000000001,91.04166666666667,5.600000000000001,1.0
1994-07-06,29.2,33.2,25.9,0.775,99.66666666666667,7.300000000000004,0.3999999999999986
1994-07-07,27.7,31.6,25.6,0.45416666666666666,99.95833333333333,6.0,-1.5
1994-07-08,27.5,29.8,25.6,0.24583333333333335,96.04166666666667,4.199999999999999,-0.1999999999999993
1994-07-09,27.7,30.6,25.7,0.26666666666666666,97.41666666666667,4.900000000000002,0.1999999999999993
1994-07-10,28.7,31.5,26.2,0.07916666666666666,90.125,5.300000000000001,1.0
1994-07-11,27.9,30.9,26.1,0.3875,90.04166666666667,4.799999999999997,-0.8000000000000007
1994-07-12,27.5,30.9,25.5,0.9791666666666666,94.79166666666667,5.399999999999999,-0.3999999999999986
1994-07-13,27.3,29.1,25.5,0.425,99.83333333333333,3.6000000000000014,-0.1999999999999993
1994-07-14,26.9,29.5,25.3,1.1083333333333334,99.875,4.199999999999999,-0.40000000000000213
1994-07-15,27.4,31.1,25.7,0.2916666666666667,99.79166666666667,5.400000000000002,0.5
1994-07-16,27.7,31.2,25.7,0.2541666666666667,99.5,5.5,0.3000000000000007
1994-07-17,28.0,31.5,25.8,0.3666666666666667,98.875,5.699999999999999,0.3000000000000007
1994-07-18,27.7,31.4,25.8,1.1500000000000001,99.83333333333333,5.599999999999998,-0.3000000000000007
1994-07-19,26.5,28.3,25.7,0.2791666666666667,99.66666666666667,2.6000000000000014,-1.1999999999999993
1994-07-20,26.9,30.6,25.2,0.5,99.33333333333333,5.400000000000002,0.3999999999999986
1994-07-21,27.3,29.9,25.2,0.44166666666666665,99.08333333333333,4.699999999999999,0.40000000000000213
1994-07-22,27.4,29.8,25.7,0.5958333333333333,98.79166666666667,4.100000000000001,0.09999999999999787
1994-07-23,28.1,31.9,25.8,0.16666666666666666,89.04166666666667,6.099999999999998,0.7000000000000028
1994-07-24,28.1,30.9,25.8,0.13333333333333333,88.5,5.099999999999998,0.0
1994-07-25,28.1,31.0,25.7,0.3958333333333333,93.875,5.300000000000001,0.0
1994-07-26,27.5,30.7,25.0,0.7875,97.625,5.699999999999999,-0.6000000000000014
1994-07-27,27.3,30.4,25.1,0.9375,98.0,5.299999999999997,-0.1999999999999993
1994-07-28,27.3,30.8,25.3,1.0208333333333333,99.95833333333333,5.5,0.0
1994-07-29,27.2,30.2,25.5,0.16666666666666666,96.95833333333333,4.699999999999999,-0.10000000000000142
1994-07-30,27.3,30.3,25.5,0.8458333333333333,98.16666666666667,4.800000000000001,0.10000000000000142
1994-07-31,27.5,30.1,25.9,0.2708333333333333,99.54166666666667,4.200000000000003,0.1999999999999993
1994-08-01,28.7,32.1,25.7,0.05833333333333333,96.41666666666667,6.400000000000002,1.1999999999999993
1994-08-02,28.0,32.0,25.7,0.7583333333333333,100.0,6.300000000000001,-0.6999999999999993
1994-08-03,26.9,29.2,25.6,0.7833333333333333,99.70833333333333,3.599999999999998,-1.1000000000000014
1994-08-04,28.5,31.8,25.7,0.06666666666666667,99.5,6.100000000000001,1.6000000000000014
1994-08-05,28.8,31.3,26.6,0.016666666666666666,99.625,4.699999999999999,0.3000000000000007
1994-08-06,28.8,32.1,26.8,0.1416666666666667,92.33333333333333,5.300000000000001,0.0
1994-08-07,28.4,31.3,26.4,0.14583333333333334,93.5,4.900000000000002,-0.40000000000000213
1994-08-08,27.9,31.8,25.9,0.5,93.70833333333333,5.900000000000002,-0.5
1994-08-09,27.6,30.0,25.9,0.3833333333333333,97.375,4.100000000000001,-0.29999999999999716
1994-08-10,27.4,30.5,25.2,1.1916666666666667,99.41666666666667,5.300000000000001,-0.20000000000000284
1994-08-11,27.3,30.1,25.2,0.44166666666666665,98.125,4.900000000000002,-0.09999999999999787
1994-08-12,27.4,30.7,25.7,0.23750000000000002,98.79166666666667,5.0,0.09999999999999787
1994-08-13,27.8,31.0,26.2,0.3958333333333333,93.95833333333333,4.800000000000001,0.40000000000000213
1994-08-14,28.1,32.2,25.5,1.45,99.70833333333333,6.700000000000003,0.3000000000000007
1994-08-15,26.5,28.0,25.3,0.6,99.70833333333333,2.6999999999999993,-1.6000000000000014
1994-08-16,28.3,32.2,25.3,0.225,83.20833333333333,6.900000000000002,1.8000000000000007
1994-08-17,27.9,31.0,26.2,0.375,97.91666666666667,4.800000000000001,-0.40000000000000213
1994-08-18,27.5,30.0,25.3,0.2041666666666667,92.33333333333333,4.699999999999999,-0.3999999999999986
1994-08-19,27.3,29.8,25.2,0.7041666666666666,96.58333333333333,4.600000000000001,-0.1999999999999993
1994-08-20,28.0,31.0,25.1,0.225,89.20833333333333,5.899999999999999,0.6999999999999993
1994-08-21,27.8,31.2,25.8,0.15,99.41666666666667,5.399999999999999,-0.1999999999999993
1994-08-22,27.6,29.9,25.9,0.37916666666666665,99.75,4.0,-0.1999999999999993
1994-08-23,27.4,30.5,25.2,0.525,98.875,5.300000000000001,-0.20000000000000284
1994-08-24,26.8,29.7,25.0,0.875,99.91666666666667,4.699999999999999,-0.5999999999999979
1994-08-25,26.6,29.7,24.8,0.5208333333333334,98.41666666666667,4.899999999999999,-0.1999999999999993
1994-08-26,27.0,30.5,25.1,0.3875,92.29166666666667,5.399999999999999,0.3999999999999986
1994-08-27,27.5,30.8,25.4,0.3125,93.08333333333333,5.400000000000002,0.5
1994-08-28,27.1,29.2,25.5,0.19583333333333333,97.29166666666667,3.6999999999999993,-0.3999999999999986
1994-08-29,27.7,30.6,25.0,0.0625,84.16666666666667,5.600000000000001,0.5999999999999979
1994-08-30,27.3,30.2,25.1,0.1791666666666667,98.41666666666667,5.099999999999998,-0.3999999999999986
1994-08-31,27.0,30.8,24.8,0.6666666666666666,99.95833333333333,6.0,-0.3000000000000007
1994-09-01,26.9,29.7,25.0,0.44166666666666665,98.29166666666667,4.699999999999999,-0.10000000000000142
1994-09-02,27.4,30.2,25.4,0.22916666666666666,98.625,4.800000000000001,0.5
1994-09-03,27.1,30.3,25.5,0.25416666666666665,79.29166666666667,4.800000000000001,-0.29999999999999716
1994-09-04,27.1,29.8,25.4,0.2416666666666667,72.41666666666667,4.400000000000002,0.0
1994-09-05,27.2,29.7,25.2,0.17916666666666667,66.66666666666667,4.5,0.09999999999999787
1994-09-06,27.7,30.7,25.3,0.17916666666666667,78.95833333333333,5.399999999999999,0.5
1994-09-07,28.0,31.7,25.4,0.3125,91.83333333333333,6.300000000000001,0.3000000000000007
1994-09-08,29.3,33.4,25.6,0.19999999999999998,95.66666666666667,7.799999999999997,1.3000000000000007
1994-09-09,28.0,30.8,25.8,0.21666666666666667,99.75,5.0,-1.3000000000000007
1994-09-10,27.8,32.2,25.4,0.34166666666666673,83.875,6.800000000000004,-0.1999999999999993
1994-09-11,28.0,32.3,25.3,0.19166666666666665,92.54166666666667,6.9999999999999964,0.1999999999999993
1994-09-12,27.2,30.8,25.3,1.3708333333333333,99.04166666666667,5.5,-0.8000000000000007
1994-09-13,26.9,29.8,25.0,0.47500000000000003,98.95833333333333,4.800000000000001,-0.3000000000000007
1994-09-14,27.2,31.2,25.2,0.17500000000000002,93.0,6.0,0.3000000000000007
1994-09-15,27.5,30.3,25.3,0.05416666666666667,86.75,5.0,0.3000000000000007
1994-09-16,27.2,30.2,25.3,0.29583333333333334,94.58333333333333,4.899999999999999,-0.3000000000000007
1994-09-17,27.0,29.6,25.2,0.49583333333333335,88.33333333333333,4.400000000000002,-0.1999999999999993
1994-09-18,27.4,30.1,25.3,0.4791666666666667,83.83333333333333,4.800000000000001,0.3999999999999986
1994-09-19,28.1,31.1,25.7,0.125,96.75,5.400000000000002,0.7000000000000028
1994-09-20,27.7,31.3,24.7,0.21666666666666667,94.91666666666667,6.600000000000001,-0.40000000000000213
1994-09-21,27.3,31.6,23.5,0.03333333333333333,20.208333333333332,8.100000000000001,-0.3999999999999986
1994-09-22,28.0,31.9,23.4,0.0,28.541666666666668,8.5,0.6999999999999993
1994-09-23,28.2,32.4,24.3,0.0,58.541666666666664,8.099999999999998,0.1999999999999993
1994-09-24,28.3,32.6,24.1,0.0,28.583333333333332,8.5,0.10000000000000142
1994-09-25,28.4,32.4,25.0,0.0,27.166666666666668,7.399999999999999,0.09999999999999787
1994-09-26,27.9,32.3,24.0,0.0,76.83333333333333,8.299999999999997,-0.5
1994-09-27,27.7,32.2,21.0,0.0,1.875,11.200000000000003,-0.1999999999999993
1994-09-28,26.8,31.8,20.8,0.0,21.75,11.0,-0.8999999999999986
1994-09-29,27.3,31.7,21.5,0.0,40.833333333333336,10.2,0.5
1994-09-30,27.9,32.0,22.5,0.0,88.29166666666667,9.5,0.5999999999999979
1994-10-01,28.0,32.0,24.2,0.008333333333333333,34.208333333333336,7.800000000000001,0.10000000000000142
1994-10-02,27.1,31.8,24.6,0.33749999999999997,72.16666666666667,7.199999999999999,-0.8999999999999986
1994-10-03,26.6,30.6,24.7,0.3083333333333333,78.95833333333333,5.900000000000002,-0.5
1994-10-04,25.6,28.9,23.9,0.5208333333333334,97.33333333333333,5.0,-1.0
1994-10-05,24.8,26.1,24.0,0.7125,99.91666666666667,2.1000000000000014,-0.8000000000000007
1994-10-06,24.6,28.1,23.5,1.2041666666666668,89.0,4.600000000000001,-0.1999999999999993
1994-10-07,25.8,29.1,23.5,0.35833333333333334,96.125,5.600000000000001,1.1999999999999993
1994-10-08,26.3,29.7,24.1,0.3541666666666667,93.125,5.599999999999998,0.5
1994-10-09,26.6,30.4,24.8,0.3083333333333333,98.625,5.599999999999998,0.3000000000000007
1994-10-10,26.7,30.1,23.4,0.0375,74.16666666666667,6.700000000000003,0.09999999999999787
1994-10-11,27.1,31.8,23.4,0.008333333333333333,44.666666666666664,8.400000000000002,0.40000000000000213
1994-10-12,27.3,32.3,23.1,0.0,2.1666666666666665,9.199999999999996,0.1999999999999993
1994-10-13,27.2,32.2,22.8,0.0,3.625,9.400000000000002,-0.10000000000000142
1994-10-14,26.8,32.1,22.8,0.0,4.458333333333333,9.3,-0.3999999999999986
1994-10-15,26.9,31.5,22.4,0.0,0.0,9.100000000000001,0.09999999999999787
1994-10-16,25.5,30.5,20.8,0.0,0.25,9.7,-1.3999999999999986
1994-10-17,24.3,29.9,19.8,0.0,37.125,10.099999999999998,-1.1999999999999993
1994-10-18,25.2,29.7,19.7,0.0,65.70833333333333,10.0,0.8999999999999986
1994-10-19,26.0,30.5,21.7,0.0,94.16666666666667,8.8,0.8000000000000007
1994-10-20,26.0,30.6,22.5,0.0,50.375,8.100000000000001,0.0
1994-10-21,26.4,30.9,22.3,0.012499999999999999,14.958333333333334,8.599999999999998,0.3999999999999986
1994-10-22,25.2,30.1,22.7,0.14166666666666666,37.5,7.400000000000002,-1.1999999999999993
1994-10-23,25.2,29.7,22.3,0.05833333333333333,23.583333333333332,7.399999999999999,0.0
1994-10-24,25.3,29.3,22.3,0.016666666666666666,33.166666666666664,7.0,0.10000000000000142
1994-10-25,25.5,29.6,22.2,0.020833333333333332,21.791666666666668,7.400000000000002,0.1999999999999993
1994-10-26,25.6,29.8,22.2,0.012500000000000002,15.958333333333334,7.600000000000001,0.10000000000000142
1994-10-27,26.3,30.3,22.3,0.05833333333333333,24.958333333333332,8.0,0.6999999999999993
1994-10-28,25.9,30.1,21.8,0.0,7.791666666666667,8.3,-0.40000000000000213
1994-10-29,26.2,30.9,21.5,0.0,7.791666666666667,9.399999999999999,0.3000000000000007
1994-10-30,26.3,30.7,22.6,0.0,20.5,8.099999999999998,0.10000000000000142
1994-10-31,26.2,30.0,22.7,0.012500000000000002,50.333333333333336,7.300000000000001,-0.10000000000000142
1994-11-01,26.0,30.6,22.6,0.029166666666666664,74.25,8.0,-0.1999999999999993
1994-11-02,25.4,29.3,22.5,0.008333333333333333,97.625,6.800000000000001,-0.6000000000000014
1994-11-03,24.5,27.5,22.0,0.0,87.79166666666667,5.5,-0.8999999999999986
1994-11-04,25.2,30.3,20.8,0.0,11.458333333333334,9.5,0.6999999999999993
1994-11-05,25.2,30.5,20.6,0.0,72.79166666666667,9.899999999999999,0.0
1994-11-06,24.9,29.8,21.0,0.0,79.625,8.8,-0.3000000000000007
1994-11-07,24.6,29.7,19.7,0.0,27.916666666666668,10.0,-0.29999999999999716
1994-11-08,24.3,28.9,19.4,0.0,87.375,9.5,-0.3000000000000007
1994-11-09,25.5,30.2,20.4,0.0,66.95833333333333,9.8,1.1999999999999993
1994-11-10,25.0,30.1,19.8,0.0,39.416666666666664,10.3,-0.5
1994-11-11,25.2,30.1,19.5,0.0,0.2916666666666667,10.600000000000001,0.1999999999999993
1994-11-12,25.0,30.0,19.7,0.0,0.4166666666666667,10.3,-0.1999999999999993
1994-11-13,24.7,29.8,19.3,0.016666666666666666,10.166666666666666,10.5,-0.3000000000000007
1994-11-14,24.5,29.7,19.9,0.004166666666666667,16.5,9.8,-0.1999999999999993
1994-11-15,24.2,29.5,19.6,0.020833333333333332,17.208333333333332,9.899999999999999,-0.3000000000000007
1994-11-16,23.6,29.4,18.0,0.0,9.708333333333334,11.399999999999999,-0.5999999999999979
1994-11-17,22.9,29.0,17.7,0.0,4.5,11.3,-0.7000000000000028
1994-11-18,22.7,29.0,16.9,0.0,1.7083333333333333,12.100000000000001,-0.1999999999999993
1994-11-19,22.3,28.5,16.5,0.0,0.375,12.0,-0.3999999999999986
1994-11-20,22.9,28.4,16.7,0.0,17.916666666666668,11.7,0.5999999999999979
1994-11-21,23.2,28.5,18.4,0.0,50.125,10.100000000000001,0.3000000000000007
1994-11-22,23.5,28.6,18.9,0.008333333333333333,39.375,9.700000000000003,0.3000000000000007
1994-11-23,22.1,25.3,19.4,0.012499999999999999,94.875,5.900000000000002,-1.3999999999999986
1994-11-24,22.2,26.8,17.7,0.004166666666666667,97.04166666666667,9.100000000000001,0.09999999999999787
1994-11-25,21.9,26.9,17.4,0.0,19.208333333333332,9.5,-0.3000000000000007
1994-11-26,21.6,27.5,16.7,0.0,0.08333333333333333,10.8,-0.29999999999999716
1994-11-27,21.7,27.7,16.3,0.0,0.4166666666666667,11.399999999999999,0.09999999999999787
1994-11-28,22.3,27.8,16.4,0.0,1.5,11.400000000000002,0.6000000000000014
1994-11-29,22.4,28.6,15.9,0.0,16.5,12.700000000000001,0.09999999999999787
1994-11-30,22.4,28.5,16.9,0.0,23.416666666666668,11.600000000000001,0.0
1994-12-01,21.5,27.9,16.1,0.0,14.5,11.799999999999997,-0.8999999999999986
1994-12-02,21.2,26.9,15.6,0.0,4.375,11.299999999999999,-0.3000000000000007
1994-12-03,21.4,27.0,15.7,0.0,17.041666666666668,11.3,0.1999999999999993
1994-12-04,20.8,27.1,15.3,0.0,1.1666666666666667,11.8,-0.5999999999999979
1994-12-05,20.9,27.0,15.0,0.0,0.9583333333333334,12.0,0.09999999999999787
1994-12-06,20.7,27.0,15.2,0.0,1.375,11.8,-0.1999999999999993
1994-12-07,20.6,26.7,14.9,0.0,0.0,11.799999999999999,-0.09999999999999787
1994-12-08,21.0,27.0,14.7,0.0,0.125,12.3,0.3999999999999986
1994-12-09,21.5,28.0,15.0,0.0,0.0,13.0,0.5
1994-12-10,22.0,29.3,14.9,0.0,0.0,14.4,0.5
1994-12-11,22.8,29.1,16.1,0.0,19.958333333333332,13.0,0.8000000000000007
1994-12-12,20.2,25.6,14.2,0.0,13.0,11.400000000000002,-2.6000000000000014
1994-12-13,17.3,24.0,11.1,0.0,0.08333333333333333,12.9,-2.8999999999999986
1994-12-14,17.0,23.8,10.2,0.0,0.0,13.600000000000001,-0.3000000000000007
1994-12-15,17.9,24.8,11.1,0.0,0.0,13.700000000000001,0.8999999999999986
1994-12-16,18.3,25.2,11.6,0.0,0.8333333333333334,13.6,0.40000000000000213
1994-12-17,18.8,25.6,12.5,0.0,0.0,13.100000000000001,0.5
1994-12-18,18.9,25.8,12.7,0.0,0.0,13.100000000000001,0.09999999999999787
1994-12-19,18.7,26.0,12.5,0.0,0.0,13.5,-0.1999999999999993
1994-12-20,18.1,25.2,11.7,0.0,0.0,13.5,-0.5999999999999979
1994-12-21,18.2,25.1,11.6,0.0,0.0,13.500000000000002,0.09999999999999787
1994-12-22,18.4,25.3,12.4,0.0,0.0,12.9,0.1999999999999993
1994-12-23,18.6,25.2,12.5,0.0,2.9583333333333335,12.7,0.20000000000000284
1994-12-24,18.9,25.6,13.2,0.0,3.9583333333333335,12.400000000000002,0.29999999999999716
1994-12-25,19.2,26.1,12.8,0.0,72.41666666666667,13.3,0.3000000000000007
1994-12-26,19.2,26.3,12.6,0.0,77.08333333333333,13.700000000000001,0.0
1994-12-27,20.0,26.8,13.1,0.0,91.08333333333333,13.700000000000001,0.8000000000000007
1994-12-28,20.5,26.5,14.4,0.0,91.45833333333333,12.1,0.5
1994-12-29,20.0,26.6,13.9,0.0,82.70833333333333,12.700000000000001,-0.5
1994-12-30,19.4,26.4,12.5,0.0,3.3333333333333335,13.899999999999999,-0.6000000000000014
1994-12-31,19.9,26.1,12.6,0.0,12.625,13.500000000000002,0.5
1995-01-01,18.1,24.1,11.9,0.0,4.041666666666667,12.200000000000001,-1.7999999999999972
1995-01-02,16.8,23.5,10.5,0.0,0.0,13.0,-1.3000000000000007
1995-01-03,16.8,24.0,9.9,0.0,7.083333333333333,14.1,0.0
1995-01-04,17.5,24.6,11.1,0.0,18.0,13.500000000000002,0.6999999999999993
1995-01-05,18.6,25.9,11.4,0.0,7.375,14.499999999999998,1.1000000000000014
1995-01-06,19.8,25.2,13.2,0.0,88.70833333333333,12.0,1.1999999999999993
1995-01-07,20.9,27.2,16.2,0.0,59.375,11.0,1.0999999999999979
1995-01-08,21.5,27.6,16.2,0.0,76.08333333333333,11.400000000000002,0.6000000000000014
1995-01-09,18.6,21.8,16.1,0.06666666666666667,63.875,5.699999999999999,-2.8999999999999986
1995-01-10,19.4,24.5,14.6,0.0375,27.666666666666668,9.9,0.7999999999999972
1995-01-11,19.8,25.0,14.6,0.05833333333333333,47.208333333333336,10.4,0.40000000000000213
1995-01-12,18.2,22.1,14.9,0.075,73.16666666666667,7.200000000000001,-1.6000000000000014
1995-01-13,17.3,23.2,11.5,0.0,15.208333333333334,11.7,-0.8999999999999986
1995-01-14,16.2,22.2,10.7,0.0,0.041666666666666664,11.5,-1.1000000000000014
1995-01-15,17.2,23.8,10.6,0.0,0.0,13.200000000000001,1.0
1995-01-16,18.8,25.7,11.5,0.0,15.625,14.2,1.6000000000000014
1995-01-17,20.2,25.6,14.3,0.0,88.83333333333333,11.3,1.3999999999999986
1995-01-18,18.4,23.8,14.1,0.0,28.875,9.700000000000001,-1.8000000000000007
1995-01-19,17.7,24.2,11.7,0.0,0.0,12.5,-0.6999999999999993
1995-01-20,17.9,24.2,10.9,0.0,0.041666666666666664,13.299999999999999,0.1999999999999993
1995-01-21,18.8,25.4,12.1,0.0,0.0,13.299999999999999,0.9000000000000021
1995-01-22,18.1,24.5,11.3,0.0,0.041666666666666664,13.2,-0.6999999999999993
1995-01-23,18.1,24.9,10.6,0.0,8.333333333333334,14.299999999999999,0.0
1995-01-24,17.6,23.9,11.5,0.0,7.791666666666667,12.399999999999999,-0.5
1995-01-25,16.8,24.0,10.4,0.0,0.0,13.6,-0.8000000000000007
1995-01-26,17.2,24.4,9.8,0.0,11.875,14.599999999999998,0.3999999999999986
1995-01-27,18.1,25.7,10.9,0.0,0.0,14.799999999999999,0.9000000000000021
1995-01-28,18.1,26.3,10.6,0.0,0.0,15.700000000000001,0.0
1995-01-29,19.5,26.5,10.3,0.0,4.041666666666667,16.2,1.3999999999999986
1995-01-30,19.6,26.8,11.8,0.0,0.20833333333333334,15.0,0.10000000000000142
1995-01-31,19.4,26.3,11.9,0.0,80.58333333333333,14.4,-0.20000000000000284
1995-02-01,19.4,26.4,11.7,0.0,32.291666666666664,14.7,0.0
1995-02-02,19.4,25.8,12.5,0.0,44.583333333333336,13.3,0.0
1995-02-03,20.0,27.3,12.2,0.0,37.125,15.100000000000001,0.6000000000000014
1995-02-04,21.3,27.7,13.9,0.0,25.291666666666668,13.799999999999999,1.3000000000000007
1995-02-05,20.9,25.8,16.6,0.008333333333333333,56.708333333333336,9.2,-0.40000000000000213
1995-02-06,20.6,26.4,13.9,0.008333333333333333,18.541666666666668,12.499999999999998,-0.29999999999999716
1995-02-07,20.3,26.7,13.0,0.0,0.0,13.7,-0.3000000000000007
1995-02-08,20.7,27.4,12.1,0.0,0.0,15.299999999999999,0.3999999999999986
1995-02-09,22.4,29.0,15.7,0.0,17.083333333333332,13.3,1.6999999999999993
1995-02-10,22.9,29.5,15.0,0.0,4.958333333333333,14.5,0.5
1995-02-11,23.6,30.0,17.5,0.0,17.958333333333332,12.5,0.7000000000000028
1995-02-12,23.8,30.5,18.1,0.0,8.958333333333334,12.399999999999999,0.1999999999999993
1995-02-13,25.3,32.5,18.9,0.0,3.4166666666666665,13.600000000000001,1.5
1995-02-14,26.3,33.2,19.7,0.0,7.25,13.500000000000004,1.0
1995-02-15,25.2,31.7,19.6,0.020833333333333332,37.208333333333336,12.099999999999998,-1.1000000000000014
1995-02-16,21.3,26.2,16.0,0.07916666666666666,31.666666666666668,10.2,-3.8999999999999986
1995-02-17,21.7,27.5,15.2,0.0,1.3333333333333333,12.3,0.3999999999999986
1995-02-18,22.2,28.5,17.0,0.6958333333333333,59.666666666666664,11.5,0.5
1995-02-19,22.0,27.4,16.6,0.0,31.666666666666668,10.799999999999997,-0.1999999999999993
1995-02-20,22.4,27.5,16.7,0.0,35.791666666666664,10.8,0.3999999999999986
1995-02-21,23.1,28.5,17.8,0.012499999999999999,34.083333333333336,10.7,0.7000000000000028
1995-02-22,22.6,26.9,19.2,0.3,44.166666666666664,7.699999999999999,-0.5
1995-02-23,23.2,29.4,19.1,0.7041666666666666,59.458333333333336,10.299999999999997,0.5999999999999979
1995-02-24,20.6,25.9,15.5,0.0,17.25,10.399999999999999,-2.599999999999998
1995-02-25,20.0,25.1,14.7,0.0,0.625,10.400000000000002,-0.6000000000000014
1995-02-26,21.7,26.7,16.1,0.0,19.958333333333332,10.599999999999998,1.6999999999999993
1995-02-27,21.4,25.7,18.0,0.1875,68.5,7.699999999999999,-0.3000000000000007
1995-02-28,22.2,26.6,19.0,0.04583333333333334,51.041666666666664,7.600000000000001,0.8000000000000007
1995-03-01,23.6,29.9,17.8,0.0,16.041666666666668,12.099999999999998,1.4000000000000021
1995-03-02,23.4,29.8,17.1,0.0,0.0,12.7,-0.20000000000000284
1995-03-03,24.5,30.6,17.5,0.0,0.5,13.100000000000001,1.1000000000000014
1995-03-04,24.4,30.5,17.5,0.0,0.5416666666666666,13.0,-0.10000000000000142
1995-03-05,24.6,30.9,17.1,0.0,9.541666666666666,13.799999999999997,0.20000000000000284
1995-03-06,25.5,31.3,19.5,0.0,24.125,11.8,0.8999999999999986
1995-03-07,23.9,29.8,19.3,0.2333333333333333,42.958333333333336,10.5,-1.6000000000000014
1995-03-08,24.5,29.8,19.0,0.0,8.708333333333334,10.8,0.6000000000000014
1995-03-09,25.0,30.8,19.8,0.0,22.208333333333332,11.0,0.5
1995-03-10,24.3,30.3,19.0,0.0,25.875,11.3,-0.6999999999999993
1995-03-11,24.4,29.2,18.9,0.0,58.166666666666664,10.3,0.09999999999999787
1995-03-12,24.7,30.6,18.5,0.0,20.125,12.100000000000001,0.3000000000000007
1995-03-13,24.2,30.9,17.6,0.0,38.208333333333336,13.299999999999997,-0.5
1995-03-14,25.3,32.1,17.1,0.0,32.75,15.0,1.1000000000000014
1995-03-15,26.1,32.8,19.5,0.0,24.583333333333332,13.299999999999997,0.8000000000000007
1995-03-16,27.4,33.7,19.8,0.0,34.458333333333336,13.900000000000002,1.2999999999999972
1995-03-17,27.4,33.0,21.4,0.0,59.458333333333336,11.600000000000001,0.0
1995-03-18,28.0,34.5,21.0,0.0,85.33333333333333,13.5,0.6000000000000014
1995-03-19,28.6,35.3,21.3,0.0,54.166666666666664,13.999999999999996,0.6000000000000014
1995-03-20,29.3,36.1,21.8,0.0,64.04166666666667,14.3,0.6999999999999993
1995-03-21,30.0,36.4,23.4,0.0,61.041666666666664,13.0,0.6999999999999993
1995-03-22,29.8,36.6,23.0,0.0,0.625,13.600000000000001,-0.1999999999999993
1995-03-23,29.7,37.1,22.5,0.0,17.375,14.600000000000001,-0.10000000000000142
1995-03-24,30.4,37.8,22.8,0.0,0.0,14.999999999999996,0.6999999999999993
1995-03-25,30.7,37.9,24.6,0.0,21.666666666666668,13.299999999999997,0.3000000000000007
1995-03-26,29.3,36.1,23.7,0.0,58.291666666666664,12.400000000000002,-1.3999999999999986
1995-03-27,27.0,32.8,21.9,0.09583333333333333,44.333333333333336,10.899999999999999,-2.3000000000000007
1995-03-28,27.7,32.7,21.5,0.0,9.583333333333334,11.200000000000003,0.6999999999999993
1995-03-29,30.0,35.9,24.3,0.0,13.75,11.599999999999998,2.3000000000000007
1995-03-30,29.7,36.6,25.7,0.09583333333333333,27.041666666666668,10.900000000000002,-0.3000000000000007
1995-03-31,30.3,36.3,25.5,0.0,19.083333333333332,10.799999999999997,0.6000000000000014
1995-04-01,29.6,35.4,25.4,0.05833333333333333,28.833333333333332,10.0,-0.6999999999999993
1995-04-02,29.6,35.3,24.8,0.024999999999999998,23.375,10.499999999999996,0.0
1995-04-03,29.6,36.2,23.3,0.0,23.583333333333332,12.900000000000002,0.0
1995-04-04,28.8,35.2,22.9,0.09166666666666667,32.625,12.300000000000004,-0.8000000000000007
1995-04-05,28.0,34.9,23.6,0.25416666666666665,36.875,11.299999999999997,-0.8000000000000007
1995-04-06,29.7,36.8,23.3,0.0,7.666666666666667,13.499999999999996,1.6999999999999993
1995-04-07,30.3,37.5,25.0,0.05000000000000001,8.833333333333334,12.5,0.6000000000000014
1995-04-08,31.4,39.0,25.5,0.0,2.5833333333333335,13.5,1.0999999999999979
1995-04-09,30.8,37.0,25.6,0.008333333333333333,21.916666666666668,11.399999999999999,-0.5999999999999979
1995-04-10,30.7,36.6,26.5,0.016666666666666666,32.333333333333336,10.100000000000001,-0.10000000000000142
1995-04-11,30.4,35.5,26.1,0.0375,23.625,9.399999999999999,-0.3000000000000007
1995-04-12,31.1,37.9,26.0,0.09166666666666667,33.416666666666664,11.899999999999999,0.7000000000000028
1995-04-13,31.4,37.1,25.9,0.004166666666666667,11.708333333333334,11.200000000000003,0.29999999999999716
1995-04-14,31.4,38.3,26.4,0.0,13.875,11.899999999999999,0.0
1995-04-15,29.3,36.9,23.8,0.3875,35.25,13.099999999999998,-2.099999999999998
1995-04-16,30.8,38.1,25.7,0.04583333333333334,45.0,12.400000000000002,1.5
1995-04-17,31.6,39.0,25.6,0.0,12.291666666666666,13.399999999999999,0.8000000000000007
1995-04-18,31.9,39.1,26.2,0.0,17.791666666666668,12.900000000000002,0.29999999999999716
1995-04-19,32.4,39.9,26.0,0.0,15.0,13.899999999999999,0.5
1995-04-20,31.9,39.5,25.4,0.07916666666666666,27.75,14.100000000000001,-0.5
1995-04-21,30.3,35.4,25.1,0.0,46.125,10.299999999999997,-1.5999999999999979
1995-04-22,32.0,37.6,26.0,0.0,35.25,11.600000000000001,1.6999999999999993
1995-04-23,32.6,39.0,26.8,0.0,42.833333333333336,12.2,0.6000000000000014
1995-04-24,32.7,39.8,27.2,0.029166666666666664,47.5,12.599999999999998,0.10000000000000142
1995-04-25,32.5,39.4,27.5,0.08749999999999998,15.25,11.899999999999999,-0.20000000000000284
1995-04-26,32.2,39.3,27.4,0.05416666666666667,38.541666666666664,11.899999999999999,-0.29999999999999716
1995-04-27,31.6,37.4,27.3,0.0,14.333333333333334,10.099999999999998,-0.6000000000000014
1995-04-28,32.0,38.1,27.4,0.0,8.458333333333334,10.700000000000003,0.3999999999999986
1995-04-29,32.6,40.2,27.7,0.004166666666666667,9.416666666666666,12.500000000000004,0.6000000000000014
1995-04-30,33.8,41.3,27.6,0.0,24.625,13.699999999999996,1.1999999999999957
1995-05-01,33.0,39.8,28.4,0.041666666666666664,24.208333333333332,11.399999999999999,-0.7999999999999972
1995-05-02,32.9,39.1,28.1,0.05833333333333333,20.791666666666668,11.0,-0.10000000000000142
1995-05-03,32.6,38.6,28.3,0.016666666666666666,15.541666666666666,10.3,-0.29999999999999716
1995-05-04,32.6,38.1,28.4,0.008333333333333333,37.875,9.700000000000003,0.0
1995-05-05,32.5,38.0,28.6,0.012500000000000002,53.583333333333336,9.399999999999999,-0.10000000000000142
1995-05-06,32.1,38.3,28.3,0.041666666666666664,62.375,9.999999999999996,-0.3999999999999986
1995-05-07,31.5,36.4,27.9,0.0,79.95833333333333,8.5,-0.6000000000000014
1995-05-08,31.3,36.1,27.7,0.0,95.29166666666667,8.400000000000002,-0.1999999999999993
1995-05-09,30.5,34.0,27.6,0.0,98.95833333333333,6.399999999999999,-0.8000000000000007
1995-05-10,27.1,30.1,24.4,0.32916666666666666,100.0,5.700000000000003,-3.3999999999999986
1995-05-11,26.9,30.7,25.2,0.5708333333333333,98.41666666666667,5.5,-0.20000000000000284
1995-05-12,26.5,30.1,25.2,1.1958333333333333,99.66666666666667,4.900000000000002,-0.3999999999999986
1995-05-13,26.2,27.3,25.2,0.8291666666666666,99.70833333333333,2.1000000000000014,-0.3000000000000007
1995-05-14,26.9,29.2,25.5,0.3958333333333333,99.79166666666667,3.6999999999999993,0.6999999999999993
1995-05-15,27.5,29.9,26.0,0.47500000000000003,99.91666666666667,3.8999999999999986,0.6000000000000014
1995-05-16,26.1,26.4,25.7,3.3083333333333336,100.0,0.6999999999999993,-1.3999999999999986
1995-05-17,28.4,31.9,25.6,0.08750000000000001,100.0,6.299999999999997,2.299999999999997
1995-05-18,30.3,36.0,25.0,0.0,57.708333333333336,11.0,1.9000000000000021
1995-05-19,29.6,34.7,24.6,0.0,40.583333333333336,10.100000000000001,-0.6999999999999993
1995-05-20,29.9,34.0,27.0,0.0,24.875,7.0,0.29999999999999716
1995-05-21,30.4,34.9,26.6,0.0,9.125,8.299999999999997,0.5
1995-05-22,30.5,35.5,26.5,0.0,4.666666666666667,9.0,0.10000000000000142
1995-05-23,30.3,34.5,27.2,0.0,14.0,7.300000000000001,-0.1999999999999993
1995-05-24,30.4,34.7,27.4,0.0,10.916666666666666,7.300000000000004,0.09999999999999787
1995-05-25,30.7,34.8,27.8,0.0,6.708333333333333,6.9999999999999964,0.3000000000000007
1995-05-26,31.7,36.6,27.8,0.0,3.8333333333333335,8.8,1.0
1995-05-27,31.8,37.0,27.9,0.0,8.208333333333334,9.100000000000001,0.10000000000000142
1995-05-28,31.7,36.7,27.9,0.0,15.5,8.800000000000004,-0.10000000000000142
1995-05-29,31.1,35.9,28.0,0.0,30.166666666666668,7.899999999999999,-0.5999999999999979
1995-05-30,30.7,35.0,27.9,0.0,69.0,7.100000000000001,-0.40000000000000213
1995-05-31,30.4,34.2,27.9,0.0,70.70833333333333,6.300000000000004,-0.3000000000000007
1995-06-01,30.6,34.4,28.0,0.0,77.20833333333333,6.399999999999999,0.20000000000000284
1995-06-02,30.6,33.9,28.3,0.0,94.625,5.599999999999998,0.0
1995-06-03,30.3,33.1,28.6,0.03333333333333333,96.54166666666667,4.5,-0.3000000000000007
1995-06-04,30.2,33.1,28.3,0.1625,98.79166666666667,4.800000000000001,-0.10000000000000142
1995-06-05,30.1,32.5,28.5,0.04583333333333334,99.33333333333333,4.0,-0.09999999999999787
1995-06-06,30.5,33.6,27.7,0.12916666666666668,98.41666666666667,5.900000000000002,0.3999999999999986
1995-06-07,29.9,32.9,27.9,0.5666666666666667,99.83333333333333,5.0,-0.6000000000000014
1995-06-08,30.1,34.2,26.6,0.4666666666666666,99.5,7.600000000000001,0.20000000000000284
1995-06-09,28.4,31.1,26.2,0.43333333333333335,99.45833333333333,4.900000000000002,-1.7000000000000028
1995-06-10,28.8,32.1,26.3,0.7666666666666666,100.0,5.800000000000001,0.40000000000000213
1995-06-11,28.9,32.9,26.6,0.8708333333333332,99.91666666666667,6.299999999999997,0.09999999999999787
1995-06-12,29.1,32.2,27.2,0.03333333333333333,99.95833333333333,5.0000000000000036,0.20000000000000284
1995-06-13,29.5,31.4,27.9,0.0,96.95833333333333,3.5,0.3999999999999986
1995-06-14,29.8,33.2,27.8,0.0,99.375,5.400000000000002,0.3000000000000007
1995-06-15,30.2,33.3,28.1,0.0,96.79166666666667,5.199999999999996,0.3999999999999986
1995-06-16,30.1,32.7,28.6,0.05416666666666667,99.83333333333333,4.100000000000001,-0.09999999999999787
1995-06-17,29.6,32.1,28.3,0.09583333333333333,99.83333333333333,3.8000000000000007,-0.5
1995-06-18,29.0,31.1,27.9,0.425,98.375,3.200000000000003,-0.6000000000000014
1995-06-19,29.9,33.8,27.9,0.20000000000000004,99.79166666666667,5.899999999999999,0.8999999999999986
1995-06-20,28.0,29.8,26.0,0.6708333333333333,96.375,3.8000000000000007,-1.8999999999999986
1995-06-21,28.7,32.7,26.1,0.17083333333333336,65.25,6.600000000000001,0.6999999999999993
1995-06-22,27.6,30.6,26.0,0.1708333333333333,98.25,4.600000000000001,-1.0999999999999979
1995-06-23,28.1,29.8,26.0,0.2625,81.33333333333333,3.8000000000000007,0.5
1995-06-24,28.6,32.4,26.4,0.4041666666666666,77.875,6.0,0.5
1995-06-25,27.4,30.5,25.4,1.5625,79.08333333333333,5.100000000000001,-1.2000000000000028
1995-06-26,27.2,30.6,25.4,0.8916666666666666,77.41666666666667,5.200000000000003,-0.1999999999999993
1995-06-27,28.5,31.6,25.7,0.28750000000000003,78.0,5.900000000000002,1.3000000000000007
1995-06-28,28.5,31.1,26.6,0.0625,97.70833333333333,4.5,0.0
1995-06-29,28.5,31.5,26.6,0.2708333333333333,97.875,4.899999999999999,0.0
1995-06-30,28.4,31.2,26.7,0.32083333333333336,98.79166666666667,4.5,-0.10000000000000142
1995-07-01,28.1,31.1,26.3,0.6375,99.83333333333333,4.800000000000001,-0.29999999999999716
1995-07-02,27.8,31.6,25.6,1.3375000000000001,99.91666666666667,6.0,-0.3000000000000007
1995-07-03,27.7,30.5,25.5,0.8833333333333333,99.95833333333333,5.0,-0.10000000000000142
1995-07-04,29.6,31.7,26.9,0.17916666666666667,99.95833333333333,4.800000000000001,1.9000000000000021
1995-07-05,29.3,31.1,27.5,0.5958333333333333,100.0,3.6000000000000014,-0.3000000000000007
1995-07-06,28.7,31.3,26.9,0.375,99.25,4.400000000000002,-0.6000000000000014
1995-07-07,28.8,31.9,26.7,0.24166666666666667,96.33333333333333,5.199999999999999,0.10000000000000142
1995-07-08,29.1,32.9,26.7,0.09583333333333333,95.66666666666667,6.199999999999999,0.3000000000000007
1995-07-09,28.8,32.3,26.6,0.3166666666666667,96.70833333333333,5.699999999999996,-0.3000000000000007
1995-07-10,27.6,30.9,26.0,0.32083333333333336,98.45833333333333,4.899999999999999,-1.1999999999999993
1995-07-11,27.6,29.9,25.7,0.35000000000000003,96.29166666666667,4.199999999999999,0.0
1995-07-12,27.8,30.7,26.0,0.4041666666666666,98.33333333333333,4.699999999999999,0.1999999999999993
1995-07-13,27.9,31.7,25.8,0.40416666666666673,99.45833333333333,5.899999999999999,0.09999999999999787
1995-07-14,27.5,30.4,25.9,0.21666666666666667,93.875,4.5,-0.3999999999999986
1995-07-15,27.7,30.4,25.5,0.6,98.875,4.899999999999999,0.1999999999999993
1995-07-16,27.6,30.5,25.6,0.43333333333333335,99.54166666666667,4.899999999999999,-0.09999999999999787
1995-07-17,27.2,30.3,25.6,0.8708333333333332,99.58333333333333,4.699999999999999,-0.40000000000000213
1995-07-18,26.6,29.2,25.3,1.3208333333333333,99.66666666666667,3.8999999999999986,-0.5999999999999979
1995-07-19,26.2,28.3,25.1,0.3666666666666667,99.70833333333333,3.1999999999999993,-0.40000000000000213
1995-07-20,26.4,28.5,24.9,0.45,97.625,3.6000000000000014,0.1999999999999993
1995-07-21,26.5,29.3,25.0,0.35833333333333334,97.29166666666667,4.300000000000001,0.10000000000000142
1995-07-22,26.8,29.1,25.2,0.32916666666666666,88.75,3.900000000000002,0.3000000000000007
1995-07-23,27.6,30.1,25.3,0.13749999999999998,66.20833333333333,4.800000000000001,0.8000000000000007
1995-07-24,28.4,31.0,25.6,0.04583333333333334,69.0,5.399999999999999,0.7999999999999972
1995-07-25,29.1,32.0,26.2,0.0625,75.41666666666667,5.800000000000001,0.7000000000000028
1995-07-26,29.3,33.4,26.2,0.4041666666666666,95.79166666666667,7.199999999999999,0.1999999999999993
1995-07-27,27.5,32.2,25.3,1.1666666666666667,99.66666666666667,6.900000000000002,-1.8000000000000007
1995-07-28,27.4,30.3,25.3,0.32916666666666666,86.91666666666667,5.0,-0.10000000000000142
1995-07-29,28.4,31.6,25.8,0.13333333333333333,90.875,5.800000000000001,1.0
1995-07-30,29.0,32.2,26.0,0.4458333333333333,99.58333333333333,6.200000000000003,0.6000000000000014
1995-07-31,26.9,29.5,25.5,1.4791666666666667,97.70833333333333,4.0,-2.1000000000000014
1995-08-01,27.6,31.4,25.4,0.7416666666666667,98.91666666666667,6.0,0.7000000000000028
1995-08-02,27.6,30.6,25.4,0.43333333333333335,97.29166666666667,5.200000000000003,0.0
1995-08-03,26.6,29.1,25.5,1.8125,99.375,3.6000000000000014,-1.0
1995-08-04,28.1,31.3,25.5,0.41250000000000003,86.625,5.800000000000001,1.5
1995-08-05,28.2,31.1,26.1,0.42083333333333334,87.33333333333333,5.0,0.09999999999999787
1995-08-06,28.1,31.9,25.9,0.6541666666666667,99.70833333333333,6.0,-0.09999999999999787
1995-08-07,27.4,29.9,25.5,1.5875000000000001,99.54166666666667,4.399999999999999,-0.7000000000000028
1995-08-08,27.0,29.7,25.6,0.5166666666666667,99.66666666666667,4.099999999999998,-0.3999999999999986
1995-08-09,27.4,29.7,25.7,0.4916666666666667,98.625,4.0,0.3999999999999986
1995-08-10,28.0,30.3,25.8,0.15,93.04166666666667,4.5,0.6000000000000014
1995-08-11,28.3,32.2,26.4,0.45416666666666666,96.33333333333333,5.800000000000004,0.3000000000000007
1995-08-12,28.7,32.3,26.8,0.27499999999999997,99.875,5.4999999999999964,0.3999999999999986
1995-08-13,29.2,31.4,27.3,0.008333333333333333,100.0,4.099999999999998,0.5
1995-08-14,29.5,33.5,26.5,0.12916666666666668,96.25,7.0,0.3000000000000007
1995-08-15,27.5,29.5,25.4,0.8125,99.79166666666667,4.100000000000001,-2.0
1995-08-16,26.9,29.9,25.2,0.2916666666666667,99.70833333333333,4.699999999999999,-0.6000000000000014
1995-08-17,26.9,30.0,25.2,0.5208333333333334,98.5,4.800000000000001,0.0
1995-08-18,28.0,30.9,25.3,0.1875,97.54166666666667,5.599999999999998,1.1000000000000014
1995-08-19,27.8,30.9,25.8,0.4666666666666666,98.29166666666667,5.099999999999998,-0.1999999999999993
1995-08-20,27.3,30.4,25.5,0.5083333333333333,99.04166666666667,4.899999999999999,-0.5
1995-08-21,27.1,29.7,25.3,0.5208333333333334,99.70833333333333,4.399999999999999,-0.1999999999999993
1995-08-22,27.1,29.3,25.2,0.35833333333333334,99.0,4.100000000000001,0.0
1995-08-23,27.6,30.3,25.5,0.5916666666666667,98.79166666666667,4.800000000000001,0.5
1995-08-24,27.6,31.7,25.3,0.21666666666666667,93.41666666666667,6.399999999999999,0.0
1995-08-25,27.9,31.4,25.6,0.35833333333333334,91.91666666666667,5.799999999999997,0.29999999999999716
1995-08-26,28.5,31.9,25.9,0.16666666666666666,98.875,6.0,0.6000000000000014
1995-08-27,28.6,32.1,26.0,0.04583333333333333,85.125,6.100000000000001,0.10000000000000142
1995-08-28,28.5,31.7,26.0,0.07083333333333333,98.41666666666667,5.699999999999999,-0.10000000000000142
1995-08-29,28.0,31.2,25.8,0.28750000000000003,93.66666666666667,5.399999999999999,-0.5
1995-08-30,27.9,30.4,25.8,0.04583333333333334,83.75,4.599999999999998,-0.10000000000000142
1995-08-31,27.6,30.9,26.0,0.6416666666666667,85.5,4.899999999999999,-0.29999999999999716
1995-09-01,27.2,30.2,25.3,0.3458333333333334,97.75,4.899999999999999,-0.40000000000000213
1995-09-02,26.8,28.4,25.3,0.9166666666666666,100.0,3.099999999999998,-0.3999999999999986
1995-09-03,26.6,28.5,25.4,0.5499999999999999,99.41666666666667,3.1000000000000014,-0.1999999999999993
1995-09-04,27.1,30.7,25.0,0.5416666666666666,99.5,5.699999999999999,0.5
1995-09-05,26.6,29.3,25.1,0.5708333333333333,99.79166666666667,4.199999999999999,-0.5
1995-09-06,27.0,29.8,25.1,0.35833333333333334,96.95833333333333,4.699999999999999,0.3999999999999986
1995-09-07,28.2,32.2,25.6,0.0375,83.91666666666667,6.600000000000001,1.1999999999999993
1995-09-08,28.3,32.1,25.6,0.24583333333333335,61.5,6.5,0.10000000000000142
1995-09-09,28.4,32.3,25.8,0.11666666666666665,97.83333333333333,6.4999999999999964,0.09999999999999787
1995-09-10,28.0,32.1,25.5,0.225,97.625,6.600000000000001,-0.3999999999999986
1995-09-11,27.6,31.2,25.4,0.2333333333333333,92.08333333333333,5.800000000000001,-0.3999999999999986
1995-09-12,27.3,30.9,25.0,0.32916666666666666,88.625,5.899999999999999,-0.3000000000000007
1995-09-13,27.8,31.4,25.0,0.19166666666666665,58.208333333333336,6.399999999999999,0.5
1995-09-14,28.7,32.0,25.5,0.0,72.29166666666667,6.5,0.8999999999999986
1995-09-15,28.6,32.9,25.7,0.25833333333333336,99.54166666666667,7.199999999999999,-0.09999999999999787
1995-09-16,26.6,30.1,25.2,1.0041666666666667,99.875,4.900000000000002,-2.0
1995-09-17,26.3,28.0,25.4,0.6833333333333335,99.29166666666667,2.6000000000000014,-0.3000000000000007
1995-09-18,27.4,29.7,25.8,0.12083333333333333,94.375,3.8999999999999986,1.0999999999999979
1995-09-19,27.7,31.2,25.6,0.1375,98.70833333333333,5.599999999999998,0.3000000000000007
1995-09-20,28.1,30.9,26.1,0.08333333333333333,94.95833333333333,4.799999999999997,0.40000000000000213
1995-09-21,27.9,31.7,26.1,0.21666666666666667,99.58333333333333,5.599999999999998,-0.20000000000000284
1995-09-22,27.8,30.9,25.6,0.09166666666666667,94.75,5.299999999999997,-0.09999999999999787
1995-09-23,27.4,31.0,25.1,0.21250000000000002,94.33333333333333,5.899999999999999,-0.40000000000000213
1995-09-24,26.3,29.9,24.8,0.21666666666666667,99.375,5.099999999999998,-1.0999999999999979
1995-09-25,26.0,29.6,24.9,0.4083333333333334,99.91666666666667,4.700000000000003,-0.3000000000000007
1995-09-26,26.0,27.8,25.0,0.6083333333333333,99.79166666666667,2.8000000000000007,0.0
1995-09-27,26.0,28.0,25.0,0.7458333333333332,99.5,3.0,0.0
1995-09-28,26.7,29.9,24.9,0.3666666666666667,97.5,5.0,0.6999999999999993
1995-09-29,26.5,29.9,23.4,0.07916666666666668,64.54166666666667,6.5,-0.1999999999999993
1995-09-30,26.4,29.8,23.1,0.0,43.833333333333336,6.699999999999999,-0.10000000000000142
1995-10-01,27.4,31.1,23.5,0.0,19.541666666666668,7.600000000000001,1.0
1995-10-02,27.8,31.3,23.8,0.024999999999999998,33.083333333333336,7.5,0.40000000000000213
1995-10-03,27.6,31.3,24.9,0.008333333333333333,29.416666666666668,6.400000000000002,-0.1999999999999993
1995-10-04,27.6,31.3,25.3,0.05416666666666667,33.0,6.0,0.0
1995-10-05,27.7,31.2,24.9,0.049999999999999996,41.75,6.300000000000001,0.09999999999999787
1995-10-06,26.7,31.2,24.6,0.35000000000000003,54.125,6.599999999999998,-1.0
1995-10-07,26.3,29.6,24.5,0.20833333333333334,97.375,5.100000000000001,-0.3999999999999986
1995-10-08,25.6,27.7,24.5,1.0374999999999999,99.5,3.1999999999999993,-0.6999999999999993
1995-10-09,25.6,28.1,24.3,0.3333333333333333,94.33333333333333,3.8000000000000007,0.0
1995-10-10,26.6,30.3,24.2,0.24166666666666667,73.41666666666667,6.100000000000001,1.0
1995-10-11,26.5,30.2,24.1,0.15,65.79166666666667,6.099999999999998,-0.10000000000000142
1995-10-12,26.7,30.7,24.0,0.09166666666666667,31.291666666666668,6.699999999999999,0.1999999999999993
1995-10-13,27.3,31.2,24.3,0.029166666666666664,20.75,6.899999999999999,0.6000000000000014
1995-10-14,27.8,31.5,24.3,0.03333333333333333,29.041666666666668,7.199999999999999,0.5
1995-10-15,28.1,31.9,24.7,0.0375,24.041666666666668,7.199999999999999,0.3000000000000007
1995-10-16,27.9,31.7,24.7,0.07916666666666666,49.333333333333336,7.0,-0.20000000000000284
1995-10-17,27.7,31.4,24.4,0.325,56.416666666666664,7.0,-0.1999999999999993
1995-10-18,26.1,29.3,24.2,0.5333333333333333,56.0,5.100000000000001,-1.5999999999999979
1995-10-19,26.1,29.8,23.8,0.3125,78.58333333333333,6.0,0.0
1995-10-20,25.6,28.4,23.8,0.24166666666666667,92.54166666666667,4.599999999999998,-0.5
1995-10-21,25.4,28.3,23.5,0.30416666666666664,90.625,4.800000000000001,-0.20000000000000284
1995-10-22,25.6,29.3,23.7,0.07916666666666668,62.5,5.600000000000001,0.20000000000000284
1995-10-23,26.0,30.3,21.9,0.0,43.25,8.400000000000002,0.3999999999999986
1995-10-24,24.6,29.6,19.5,0.0,3.625,10.100000000000001,-1.3999999999999986
1995-10-25,23.0,28.4,18.5,0.0,0.0,9.899999999999999,-1.6000000000000014
1995-10-26,23.0,28.1,18.3,0.0,0.0,9.8,0.0
1995-10-27,23.8,28.6,18.9,0.0,9.458333333333334,9.700000000000003,0.8000000000000007
1995-10-28,24.1,29.4,19.9,0.0,5.791666666666667,9.5,0.3000000000000007
1995-10-29,25.1,29.6,19.8,0.0,77.875,9.8,1.0
1995-10-30,23.8,25.6,22.5,0.13333333333333333,99.83333333333333,3.1000000000000014,-1.3000000000000007
1995-10-31,23.7,26.0,22.3,0.3458333333333334,99.08333333333333,3.6999999999999993,-0.10000000000000142
1995-11-01,22.7,24.2,21.6,0.42083333333333334,87.0,2.599999999999998,-1.0
1995-11-02,24.8,29.4,21.1,0.0,17.75,8.299999999999997,2.1000000000000014
1995-11-03,23.2,28.6,17.8,0.0,0.0,10.8,-1.6000000000000014
1995-11-04,22.6,28.3,17.6,0.0,0.0,10.7,-0.5999999999999979
1995-11-05,23.1,28.7,17.6,0.0,5.625,11.099999999999998,0.5
1995-11-06,23.3,29.0,18.3,0.0,0.5,10.7,0.1999999999999993
1995-11-07,24.3,29.8,18.3,0.0,88.16666666666667,11.5,1.0
1995-11-08,26.4,30.8,21.9,0.6041666666666666,98.54166666666667,8.900000000000002,2.099999999999998
1995-11-09,24.4,25.0,23.6,2.3125,99.95833333333333,1.3999999999999986,-2.0
1995-11-10,25.3,28.7,22.4,0.0375,96.0,6.300000000000001,0.9000000000000021
1995-11-11,23.7,27.5,19.6,0.0,31.833333333333332,7.899999999999999,-1.6000000000000014
1995-11-12,22.6,27.1,19.1,0.0,13.125,8.0,-1.0999999999999979
1995-11-13,22.5,26.6,18.7,0.004166666666666667,17.208333333333332,7.900000000000002,-0.10000000000000142
1995-11-14,23.0,27.9,18.6,0.0,10.0,9.299999999999997,0.5
1995-11-15,23.2,27.9,19.1,0.0,4.416666666666667,8.799999999999997,0.1999999999999993
1995-11-16,24.3,28.4,20.4,0.09583333333333333,40.833333333333336,8.0,1.1000000000000014
1995-11-17,23.4,25.8,22.0,2.7624999999999997,99.83333333333333,3.8000000000000007,-0.9000000000000021
1995-11-18,23.1,24.8,21.8,0.4583333333333333,95.125,3.0,-0.29999999999999716
1995-11-19,22.9,26.4,19.8,0.05833333333333333,41.041666666666664,6.599999999999998,-0.20000000000000284
1995-11-20,22.7,27.0,19.3,0.0,19.916666666666668,7.699999999999999,-0.1999999999999993
1995-11-21,22.2,27.2,18.0,0.0,4.0,9.2,-0.5
1995-11-22,21.0,26.4,16.4,0.0,2.5416666666666665,10.0,-1.1999999999999993
1995-11-23,21.6,26.2,16.3,0.0,83.29166666666667,9.899999999999999,0.6000000000000014
1995-11-24,21.8,24.5,19.3,0.18333333333333335,100.0,5.199999999999999,0.1999999999999993
1995-11-25,20.8,25.2,17.0,0.27499999999999997,44.291666666666664,8.2,-1.0
1995-11-26,19.9,25.2,14.6,0.0,0.75,10.6,-0.9000000000000021
1995-11-27,18.5,24.2,12.7,0.0,0.0,11.5,-1.3999999999999986
1995-11-28,18.0,23.9,12.3,0.0,0.0,11.599999999999998,-0.5
1995-11-29,18.1,24.0,12.6,0.0,0.0,11.4,0.10000000000000142
1995-11-30,19.3,24.9,13.3,0.0,0.0,11.599999999999998,1.1999999999999993
1995-12-01,20.4,26.5,15.5,0.0,2.875,11.0,1.0999999999999979
1995-12-02,19.2,25.6,13.1,0.0,2.0,12.500000000000002,-1.1999999999999993
1995-12-03,17.5,23.6,11.2,0.0,0.0,12.400000000000002,-1.6999999999999993
1995-12-04,17.1,22.8,10.9,0.0,0.0,11.9,-0.3999999999999986
1995-12-05,17.1,23.3,11.0,0.0,0.0,12.3,0.0
1995-12-06,17.6,23.9,11.8,0.0,0.041666666666666664,12.099999999999998,0.5
1995-12-07,18.2,24.4,12.1,0.0,1.7916666666666667,12.299999999999999,0.5999999999999979
1995-12-08,18.8,24.6,13.2,0.0,2.0833333333333335,11.400000000000002,0.6000000000000014
1995-12-09,19.3,24.9,14.0,0.0,18.916666666666668,10.899999999999999,0.5
1995-12-10,19.2,25.2,13.6,0.0,0.16666666666666666,11.6,-0.10000000000000142
1995-12-11,19.7,25.7,13.5,0.0,0.0,12.2,0.5
1995-12-12,20.4,26.8,14.1,0.0,0.0,12.700000000000001,0.6999999999999993
1995-12-13,20.6,26.4,14.7,0.0,0.0,11.7,0.20000000000000284
1995-12-14,18.9,24.8,12.6,0.0,0.0,12.200000000000001,-1.7000000000000028
1995-12-15,19.5,24.9,12.6,0.0,0.0,12.299999999999999,0.6000000000000014
1995-12-16,19.9,25.8,13.0,0.0,0.0,12.8,0.3999999999999986
1995-12-17,19.9,25.6,13.0,0.0,0.0,12.600000000000001,0.0
1995-12-18,19.6,26.0,13.6,0.0,0.0,12.4,-0.29999999999999716
1995-12-19,18.8,24.5,12.5,0.0,0.0,12.0,-0.8000000000000007
1995-12-20,19.2,25.1,12.8,0.0,0.0,12.3,0.3999999999999986
1995-12-21,20.1,25.1,13.5,0.0,1.0833333333333333,11.600000000000001,0.9000000000000021
1995-12-22,20.0,26.3,14.6,0.0,1.0416666666666667,11.700000000000001,-0.10000000000000142
1995-12-23,21.3,27.7,15.3,0.0,8.458333333333334,12.399999999999999,1.3000000000000007
1995-12-24,20.9,26.1,15.8,0.0,13.375,10.3,-0.40000000000000213
1995-12-25,20.9,26.4,15.7,0.0,12.541666666666666,10.7,0.0
1995-12-26,19.6,25.2,15.2,0.0,3.2916666666666665,10.0,-1.2999999999999972
1995-12-27,19.2,24.4,14.4,0.0,6.833333333333333,9.999999999999998,-0.40000000000000213
1995-12-28,18.0,23.9,12.9,0.0,4.416666666666667,10.999999999999998,-1.1999999999999993
1995-12-29,17.8,23.8,12.2,0.0,2.875,11.600000000000001,-0.1999999999999993
1995-12-30,18.3,24.3,12.5,0.0,50.791666666666664,11.8,0.5
1995-12-31,19.2,24.9,13.3,0.0,53.416666666666664,11.599999999999998,0.8999999999999986
1996-01-01,19.8,25.5,14.2,0.0,30.291666666666668,11.3,0.6000000000000014
1996-01-02,20.4,25.6,14.9,0.0,36.791666666666664,10.700000000000001,0.5999999999999979
1996-01-03,20.9,26.1,15.9,0.0,6.208333333333333,10.200000000000001,0.5
1996-01-04,20.7,25.0,16.1,0.0,57.125,8.899999999999999,-0.1999999999999993
1996-01-05,19.4,25.0,14.0,0.0,13.666666666666666,11.0,-1.3000000000000007
1996-01-06,19.9,24.9,13.6,0.0,55.083333333333336,11.299999999999999,0.5
1996-01-07,20.5,25.5,16.2,0.0,21.75,9.3,0.6000000000000014
1996-01-08,19.6,25.7,14.6,0.0,16.208333333333332,11.1,-0.8999999999999986
1996-01-09,19.6,25.3,13.9,0.0,17.708333333333332,11.4,0.0
1996-01-10,20.2,25.2,13.5,0.029166666666666664,50.416666666666664,11.7,0.5999999999999979
1996-01-11,20.2,25.1,16.0,0.05000000000000001,38.833333333333336,9.100000000000001,0.0
1996-01-12,19.7,25.5,13.8,0.0,15.416666666666666,11.7,-0.5
1996-01-13,19.5,25.3,13.1,0.0,2.9583333333333335,12.200000000000001,-0.1999999999999993
1996-01-14,20.6,25.9,15.6,0.0,13.833333333333334,10.299999999999999,1.1000000000000014
1996-01-15,21.6,26.1,16.9,0.06666666666666667,48.0,9.200000000000003,1.0
1996-01-16,22.0,27.6,17.4,0.0,31.708333333333332,10.200000000000003,0.3999999999999986
1996-01-17,20.1,24.5,15.0,0.041666666666666664,56.875,9.5,-1.8999999999999986
1996-01-18,19.8,24.1,14.9,0.0,54.958333333333336,9.200000000000001,-0.3000000000000007
1996-01-19,19.0,23.7,15.3,0.0,63.791666666666664,8.399999999999999,-0.8000000000000007
1996-01-20,18.1,23.3,12.6,0.0,34.625,10.700000000000001,-0.8999999999999986
1996-01-21,17.9,24.2,11.9,0.0,0.16666666666666666,12.299999999999999,-0.20000000000000284
1996-01-22,17.7,24.0,11.7,0.0,0.08333333333333333,12.3,-0.1999999999999993
1996-01-23,18.6,24.2,11.6,0.0,0.0,12.6,0.9000000000000021
1996-01-24,19.6,26.7,11.8,0.0,4.5,14.899999999999999,1.0
1996-01-25,18.7,24.7,12.4,0.0,0.0,12.299999999999999,-0.9000000000000021
1996-01-26,19.2,25.6,11.7,0.0,0.0,13.900000000000002,0.5
1996-01-27,18.5,25.2,12.4,0.0,0.0,12.799999999999999,-0.6999999999999993
1996-01-28,18.3,25.4,11.6,0.0,0.0,13.799999999999999,-0.1999999999999993
1996-01-29,18.4,25.7,12.1,0.0,13.125,13.6,0.09999999999999787
1996-01-30,17.1,24.7,10.4,0.0,8.291666666666666,14.299999999999999,-1.2999999999999972
1996-01-31,16.6,24.3,9.5,0.0,0.0,14.8,-0.5
1996-02-01,17.5,25.1,9.7,0.0,0.0,15.400000000000002,0.8999999999999986
1996-02-02,19.7,26.8,10.8,0.0,0.0,16.0,2.1999999999999993
1996-02-03,20.7,27.6,12.8,0.0,3.7083333333333335,14.8,1.0
1996-02-04,20.0,27.3,13.3,0.0,0.0,14.0,-0.6999999999999993
1996-02-05,20.5,27.4,12.8,0.0,0.6666666666666666,14.599999999999998,0.5
1996-02-06,21.2,27.8,12.9,0.0,0.7083333333333334,14.9,0.6999999999999993
1996-02-07,21.8,28.3,14.6,0.0,10.125,13.700000000000001,0.6000000000000014
1996-02-08,22.5,28.4,16.4,0.0,11.208333333333334,12.0,0.6999999999999993
1996-02-09,22.6,28.8,16.1,0.0,12.708333333333334,12.7,0.10000000000000142
1996-02-10,21.9,29.5,15.5,0.0,13.833333333333334,14.0,-0.7000000000000028
1996-02-11,22.4,28.7,15.2,0.004166666666666667,22.791666666666668,13.5,0.5
1996-02-12,20.8,26.9,15.5,0.0,3.375,11.399999999999999,-1.5999999999999979
1996-02-13,19.9,26.2,14.5,0.0,0.0,11.7,-0.9000000000000021
1996-02-14,20.6,27.1,13.5,0.0,0.25,13.600000000000001,0.7000000000000028
1996-02-15,21.4,27.9,13.0,0.0,0.08333333333333333,14.899999999999999,0.7999999999999972
1996-02-16,22.3,29.0,14.8,0.0,0.0,14.2,0.9000000000000021
1996-02-17,21.9,28.6,15.2,0.0,0.0,13.400000000000002,-0.40000000000000213
1996-02-18,21.6,28.6,14.0,0.0,0.0,14.600000000000001,-0.29999999999999716
1996-02-19,22.4,30.3,14.2,0.0,1.9583333333333333,16.1,0.7999999999999972
1996-02-20,23.5,29.1,17.4,0.07083333333333333,50.375,11.700000000000003,1.1000000000000014
1996-02-21,22.8,27.1,19.5,0.18333333333333335,30.833333333333332,7.600000000000001,-0.6999999999999993
1996-02-22,24.4,29.9,19.6,0.04583333333333334,17.666666666666668,10.299999999999997,1.5999999999999979
1996-02-23,24.0,30.5,17.9,0.0,13.5,12.600000000000001,-0.3999999999999986
1996-02-24,25.8,31.8,18.2,0.0,5.458333333333333,13.600000000000001,1.8000000000000007
1996-02-25,26.7,33.1,22.4,0.0,41.708333333333336,10.700000000000003,0.8999999999999986
1996-02-26,25.8,31.0,21.2,0.0,18.083333333333332,9.8,-0.8999999999999986
1996-02-27,24.9,30.3,19.6,0.004166666666666667,27.958333333333332,10.7,-0.9000000000000021
1996-02-28,23.5,29.6,18.3,0.0,3.9583333333333335,11.3,-1.3999999999999986
1996-02-29,23.8,30.3,16.8,0.0,7.5,13.5,0.3000000000000007
1996-03-01,22.9,30.1,16.1,0.0,0.4583333333333333,14.0,-0.9000000000000021
1996-03-02,24.1,30.7,15.9,0.0,17.583333333333332,14.799999999999999,1.2000000000000028
1996-03-03,25.1,31.4,17.6,0.0,40.375,13.799999999999997,1.0
1996-03-04,24.9,30.7,19.2,0.0,35.291666666666664,11.5,-0.20000000000000284
1996-03-05,24.7,30.3,19.2,0.012500000000000002,11.791666666666666,11.100000000000001,-0.1999999999999993
1996-03-06,25.3,31.1,18.8,0.0,13.416666666666666,12.3,0.6000000000000014
1996-03-07,26.1,32.1,19.1,0.0,7.875,13.0,0.8000000000000007
1996-03-08,27.4,34.4,21.0,0.0,0.0,13.399999999999999,1.2999999999999972
1996-03-09,28.0,35.0,21.5,0.0,0.041666666666666664,13.5,0.6000000000000014
1996-03-10,27.5,34.3,20.7,0.0,0.16666666666666666,13.599999999999998,-0.5
1996-03-11,28.0,34.1,22.0,0.0,0.0,12.100000000000001,0.5
1996-03-12,28.9,35.6,22.5,0.0,0.625,13.100000000000001,0.8999999999999986
1996-03-13,30.1,37.8,22.4,0.0,0.75,15.399999999999999,1.2000000000000028
1996-03-14,29.5,36.4,24.1,0.0,3.75,12.299999999999997,-0.6000000000000014
1996-03-15,29.3,36.6,23.9,0.0,10.833333333333334,12.700000000000003,-0.1999999999999993
1996-03-16,29.7,36.8,24.1,0.0,2.9166666666666665,12.699999999999996,0.3999999999999986
1996-03-17,30.3,37.2,24.3,0.0,67.66666666666667,12.900000000000002,0.6000000000000014
1996-03-18,30.3,36.6,24.0,0.0,83.16666666666667,12.600000000000001,0.0
1996-03-19,30.4,36.6,24.4,0.004166666666666667,95.375,12.200000000000003,0.09999999999999787
1996-03-20,29.3,36.1,24.2,0.07083333333333335,22.375,11.900000000000002,-1.0999999999999979
1996-03-21,29.2,34.8,24.0,0.012500000000000002,28.0,10.799999999999997,-0.10000000000000142
1996-03-22,28.8,35.2,24.2,0.03333333333333333,29.916666666666668,11.000000000000004,-0.3999999999999986
1996-03-23,29.3,35.3,24.6,0.004166666666666667,7.291666666666667,10.699999999999996,0.5
1996-03-24,28.4,33.9,24.2,0.008333333333333333,7.458333333333333,9.7,-0.9000000000000021
1996-03-25,29.0,35.3,24.5,0.0,10.375,10.799999999999997,0.6000000000000014
1996-03-26,27.6,34.1,24.1,0.55,25.833333333333332,10.0,-1.3999999999999986
1996-03-27,29.1,34.9,24.4,0.0,11.25,10.5,1.5
1996-03-28,28.9,33.8,25.0,0.008333333333333333,30.875,8.799999999999997,-0.20000000000000284
1996-03-29,29.5,35.2,26.0,0.0,16.916666666666668,9.200000000000003,0.6000000000000014
1996-03-30,29.6,35.3,25.9,0.0,21.208333333333332,9.399999999999999,0.10000000000000142
1996-03-31,29.6,35.1,25.7,0.004166666666666667,49.625,9.400000000000002,0.0
1996-04-01,27.9,34.3,20.3,0.0625,4.791666666666667,13.999999999999996,-1.7000000000000028
1996-04-02,27.3,34.2,19.8,0.0,8.25,14.400000000000002,-0.5999999999999979
1996-04-03,27.9,34.2,22.1,0.0,29.0,12.100000000000001,0.5999999999999979
1996-04-04,28.8,35.9,23.8,0.0,4.416666666666667,12.099999999999998,0.9000000000000021
1996-04-05,28.9,36.0,23.6,0.0,17.541666666666668,12.399999999999999,0.09999999999999787
1996-04-06,29.7,36.3,24.1,0.012499999999999999,3.625,12.199999999999996,0.8000000000000007
1996-04-07,30.3,37.6,24.7,0.0,4.708333333333333,12.900000000000002,0.6000000000000014
1996-04-08,30.6,37.6,25.4,0.024999999999999998,14.5,12.200000000000003,0.3000000000000007
1996-04-09,30.6,37.0,25.6,0.0,8.791666666666666,11.399999999999999,0.0
1996-04-10,29.7,35.2,25.6,0.008333333333333333,42.625,9.600000000000001,-0.9000000000000021
1996-04-11,29.8,34.5,25.1,0.016666666666666666,30.583333333333332,9.399999999999999,0.10000000000000142
1996-04-12,30.4,36.9,24.5,0.004166666666666667,19.416666666666668,12.399999999999999,0.5999999999999979
1996-04-13,30.7,37.3,24.1,0.0,88.04166666666667,13.199999999999996,0.3000000000000007
1996-04-14,30.6,37.0,24.4,0.0,92.66666666666667,12.600000000000001,-0.09999999999999787
1996-04-15,31.0,37.6,24.2,0.0,59.625,13.400000000000002,0.3999999999999986
1996-04-16,31.0,37.4,25.1,0.008333333333333333,18.791666666666668,12.299999999999997,0.0
1996-04-17,30.6,36.9,25.8,0.0,38.375,11.099999999999998,-0.3999999999999986
1996-04-18,31.1,36.9,26.5,0.0,15.416666666666666,10.399999999999999,0.5
1996-04-19,32.0,38.7,27.2,0.0,6.708333333333333,11.500000000000004,0.8999999999999986
1996-04-20,32.6,39.4,27.4,0.008333333333333333,7.625,12.0,0.6000000000000014
1996-04-21,32.8,39.2,27.2,0.008333333333333333,12.166666666666666,12.000000000000004,0.19999999999999574
1996-04-22,31.8,37.4,27.1,0.0,23.291666666666668,10.299999999999997,-0.9999999999999964
1996-04-23,30.8,37.0,25.9,0.7374999999999999,26.583333333333332,11.100000000000001,-1.0
1996-04-24,29.5,35.1,26.3,0.32083333333333336,22.666666666666668,8.8,-1.3000000000000007
1996-04-25,27.9,34.3,25.4,0.25416666666666665,42.5,8.899999999999999,-1.6000000000000014
1996-04-26,26.8,29.6,24.1,0.225,73.20833333333333,5.5,-1.0999999999999979
1996-04-27,26.9,30.3,22.9,0.04583333333333334,56.625,7.400000000000002,0.09999999999999787
1996-04-28,25.7,29.1,23.4,0.9125,92.45833333333333,5.700000000000003,-1.1999999999999993
1996-04-29,25.0,27.6,23.2,0.775,66.375,4.400000000000002,-0.6999999999999993
1996-04-30,28.3,31.4,24.6,0.041666666666666664,38.208333333333336,6.799999999999997,3.3000000000000007
1996-05-01,29.9,34.7,26.6,0.012500000000000002,37.541666666666664,8.100000000000001,1.5999999999999979
1996-05-02,29.3,32.8,26.7,0.0,42.458333333333336,6.099999999999998,-0.5999999999999979
1996-05-03,29.3,33.3,26.6,0.0,35.375,6.699999999999996,0.0
1996-05-04,28.9,32.8,25.7,0.008333333333333333,39.5,7.099999999999998,-0.40000000000000213
1996-05-05,29.2,33.9,25.8,0.0,85.20833333333333,8.099999999999998,0.3000000000000007
1996-05-06,29.5,33.2,26.3,0.0,77.83333333333333,6.900000000000002,0.3000000000000007
1996-05-07,28.5,32.7,25.2,0.0,98.16666666666667,7.5000000000000036,-1.0
1996-05-08,30.6,35.6,25.2,0.0,44.5,10.400000000000002,2.1000000000000014
1996-05-09,31.7,37.6,27.0,0.0,44.791666666666664,10.600000000000001,1.0999999999999979
1996-05-10,31.2,36.5,27.9,0.0,13.625,8.600000000000001,-0.5
1996-05-11,31.0,35.6,27.9,0.0,34.625,7.700000000000003,-0.1999999999999993
1996-05-12,31.2,36.0,27.5,0.0,24.375,8.5,0.1999999999999993
1996-05-13,31.1,36.4,27.5,0.0,16.416666666666668,8.899999999999999,-0.09999999999999787
1996-05-14,31.7,37.2,27.8,0.0,20.541666666666668,9.400000000000002,0.5999999999999979
1996-05-15,31.7,37.3,27.9,0.0,33.208333333333336,9.399999999999999,0.0
1996-05-16,31.2,36.9,27.9,0.0375,48.708333333333336,9.0,-0.5
1996-05-17,31.5,36.7,27.7,0.0,41.708333333333336,9.000000000000004,0.3000000000000007
1996-05-18,31.6,37.0,27.6,0.004166666666666667,28.791666666666668,9.399999999999999,0.10000000000000142
1996-05-19,31.4,37.2,26.9,0.0,10.75,10.300000000000004,-0.20000000000000284
1996-05-20,31.4,36.7,27.0,0.0,57.083333333333336,9.700000000000003,0.0
1996-05-21,30.8,35.9,26.8,0.05000000000000001,42.708333333333336,9.099999999999998,-0.5999999999999979
1996-05-22,31.0,36.2,26.9,0.016666666666666666,77.20833333333333,9.300000000000004,0.1999999999999993
1996-05-23,31.2,35.9,27.2,0.03333333333333333,71.70833333333333,8.7,0.1999999999999993
1996-05-24,31.9,37.3,28.0,0.0,20.208333333333332,9.299999999999997,0.6999999999999993
1996-05-25,32.6,38.2,28.8,0.0,25.291666666666668,9.400000000000002,0.7000000000000028
1996-05-26,32.5,37.8,28.2,0.0,97.04166666666667,9.599999999999998,-0.10000000000000142
1996-05-27,33.6,40.0,28.4,0.0,74.54166666666667,11.600000000000001,1.1000000000000014
1996-05-28,34.2,40.5,29.1,0.0,18.208333333333332,11.399999999999999,0.6000000000000014
1996-05-29,32.4,37.5,29.3,0.0,40.041666666666664,8.2,-1.8000000000000043
1996-05-30,31.5,36.1,28.8,0.020833333333333332,79.20833333333333,7.300000000000001,-0.8999999999999986
1996-05-31,31.4,35.7,27.9,0.008333333333333333,42.958333333333336,7.800000000000004,-0.10000000000000142
1996-06-01,31.1,35.4,28.1,0.0375,37.208333333333336,7.299999999999997,-0.29999999999999716
1996-06-02,31.4,36.1,28.3,0.0,50.25,7.800000000000001,0.29999999999999716
1996-06-03,31.3,36.1,28.6,0.012500000000000002,69.91666666666667,7.5,-0.09999999999999787
1996-06-04,31.8,36.8,28.5,0.004166666666666667,60.75,8.299999999999997,0.5
1996-06-05,31.5,36.4,28.3,0.004166666666666667,46.291666666666664,8.099999999999998,-0.3000000000000007
1996-06-06,30.7,36.8,27.9,0.7374999999999999,74.20833333333333,8.899999999999999,-0.8000000000000007
1996-06-07,28.0,32.2,26.0,0.7374999999999999,93.75,6.200000000000003,-2.6999999999999993
1996-06-08,27.4,31.7,25.1,0.7958333333333334,84.5,6.599999999999998,-0.6000000000000014
1996-06-09,28.0,32.4,25.1,0.375,45.083333333333336,7.299999999999997,0.6000000000000014
1996-06-10,28.9,32.9,26.0,0.06666666666666667,24.208333333333332,6.899999999999999,0.8999999999999986
1996-06-11,28.5,31.5,26.0,0.3,44.375,5.5,-0.3999999999999986
1996-06-12,28.6,32.4,26.0,0.25833333333333336,31.625,6.399999999999999,0.10000000000000142
1996-06-13,28.9,33.1,26.1,0.10000000000000002,24.041666666666668,7.0,0.29999999999999716
1996-06-14,29.5,33.2,26.2,0.008333333333333333,25.791666666666668,7.0000000000000036,0.6000000000000014
1996-06-15,29.3,32.6,26.5,0.07083333333333335,38.166666666666664,6.100000000000001,-0.1999999999999993
1996-06-16,28.9,32.9,26.4,0.13333333333333333,70.04166666666667,6.5,-0.40000000000000213
1996-06-17,28.2,31.9,25.8,0.425,96.75,6.099999999999998,-0.6999999999999993
1996-06-18,28.3,30.6,25.7,0.22916666666666666,100.0,4.900000000000002,0.10000000000000142
1996-06-19,26.4,26.8,25.9,3.108333333333333,100.0,0.9000000000000021,-1.9000000000000021
1996-06-20,26.7,28.9,25.6,2.1,100.0,3.299999999999997,0.3000000000000007
1996-06-21,27.1,29.7,25.9,2.7083333333333335,100.0,3.8000000000000007,0.40000000000000213
1996-06-22,26.6,29.3,25.1,1.1541666666666666,99.875,4.199999999999999,-0.5
1996-06-23,28.0,30.9,26.1,0.2791666666666667,99.66666666666667,4.799999999999997,1.3999999999999986
1996-06-24,28.8,31.8,26.6,0.3541666666666667,99.45833333333333,5.199999999999999,0.8000000000000007
1996-06-25,28.7,31.8,26.6,0.9249999999999999,99.70833333333333,5.199999999999999,-0.10000000000000142
1996-06-26,28.1,29.7,26.0,0.8583333333333334,99.875,3.6999999999999993,-0.5999999999999979
1996-06-27,27.9,30.7,25.9,0.9874999999999999,99.33333333333333,4.800000000000001,-0.20000000000000284
1996-06-28,28.4,31.3,26.5,0.575,99.125,4.800000000000001,0.5
1996-06-29,28.4,32.2,26.4,1.0666666666666667,99.25,5.800000000000004,0.0
1996-06-30,27.3,28.7,26.7,0.6541666666666667,99.91666666666667,2.0,-1.0999999999999979
1996-07-01,30.0,32.7,27.3,0.029166666666666664,99.875,5.400000000000002,2.6999999999999993
1996-07-02,29.7,33.5,27.2,0.13333333333333333,99.875,6.300000000000001,-0.3000000000000007
1996-07-03,29.0,32.2,26.4,0.9208333333333334,98.66666666666667,5.800000000000004,-0.6999999999999993
1996-07-04,29.2,31.8,26.3,0.26666666666666666,96.5,5.5,0.1999999999999993
1996-07-05,27.5,31.5,25.7,1.7249999999999999,96.45833333333333,5.800000000000001,-1.6999999999999993
1996-07-06,26.2,28.4,25.0,1.1958333333333333,99.375,3.3999999999999986,-1.3000000000000007
1996-07-07,27.7,30.5,25.1,0.14166666666666666,98.45833333333333,5.399999999999999,1.5
1996-07-08,27.8,30.9,25.6,0.21666666666666667,94.83333333333333,5.299999999999997,0.10000000000000142
1996-07-09,29.0,32.3,26.0,0.025000000000000005,87.54166666666667,6.299999999999997,1.1999999999999993
1996-07-10,29.5,33.0,27.1,0.016666666666666666,97.45833333333333,5.899999999999999,0.5
1996-07-11,28.8,31.6,27.1,0.25,99.625,4.5,-0.6999999999999993
1996-07-12,28.9,32.0,26.8,0.008333333333333333,99.45833333333333,5.199999999999999,0.09999999999999787
1996-07-13,28.5,32.1,26.4,0.225,98.95833333333333,5.700000000000003,-0.3999999999999986
1996-07-14,27.8,30.7,25.6,0.4583333333333333,99.75,5.099999999999998,-0.6999999999999993
1996-07-15,27.9,30.5,26.0,0.30416666666666664,98.5,4.5,0.09999999999999787
1996-07-16,28.6,31.0,26.1,0.1625,98.875,4.899999999999999,0.7000000000000028
1996-07-17,29.1,31.8,26.7,0.05416666666666667,85.58333333333333,5.100000000000001,0.5
1996-07-18,28.8,31.4,26.5,0.07083333333333333,96.79166666666667,4.899999999999999,-0.3000000000000007
1996-07-19,28.5,32.0,26.6,0.12083333333333333,89.375,5.399999999999999,-0.3000000000000007
1996-07-20,27.9,30.8,25.9,0.28750000000000003,99.75,4.900000000000002,-0.6000000000000014
1996-07-21,28.1,30.9,26.0,0.1625,99.625,4.899999999999999,0.20000000000000284
1996-07-22,28.3,31.4,26.6,0.38333333333333336,100.0,4.799999999999997,0.1999999999999993
1996-07-23,27.5,29.6,25.8,0.20833333333333334,99.95833333333333,3.8000000000000007,-0.8000000000000007
1996-07-24,27.3,31.3,25.6,2.0875,99.25,5.699999999999999,-0.1999999999999993
1996-07-25,27.0,29.6,25.8,0.625,98.95833333333333,3.8000000000000007,-0.3000000000000007
1996-07-26,27.8,30.6,26.7,0.12916666666666668,99.625,3.900000000000002,0.8000000000000007
1996-07-27,28.4,31.1,26.5,0.020833333333333332,95.41666666666667,4.600000000000001,0.5999999999999979
1996-07-28,29.2,32.3,26.3,0.0375,84.25,5.9999999999999964,0.8000000000000007
1996-07-29,28.6,32.5,25.9,0.14583333333333334,85.20833333333333,6.600000000000001,-0.5999999999999979
1996-07-30,28.4,30.9,26.3,0.08333333333333333,99.0,4.599999999999998,-0.20000000000000284
1996-07-31,27.2,29.4,25.8,0.7625000000000001,100.0,3.599999999999998,-1.1999999999999993
1996-08-01,27.6,30.7,25.7,0.3458333333333334,99.91666666666667,5.0,0.40000000000000213
1996-08-02,27.0,29.6,25.6,0.9833333333333334,99.45833333333333,4.0,-0.6000000000000014
1996-08-03,27.1,29.5,25.3,0.7000000000000001,99.79166666666667,4.199999999999999,0.10000000000000142
1996-08-04,27.4,29.9,25.4,0.4375,99.70833333333333,4.5,0.29999999999999716
1996-08-05,27.1,29.4,25.8,1.1500000000000001,97.04166666666667,3.599999999999998,-0.29999999999999716
1996-08-06,26.2,28.3,24.8,1.1375,99.79166666666667,3.5,-0.9000000000000021
1996-08-07,25.9,27.6,24.7,0.5375,99.95833333333333,2.900000000000002,-0.3000000000000007
1996-08-08,26.1,27.5,24.8,0.19999999999999998,99.75,2.6999999999999993,0.20000000000000284
1996-08-09,27.4,30.3,24.8,0.17916666666666667,92.625,5.5,1.2999999999999972
1996-08-10,28.2,32.3,25.5,0.08333333333333333,98.0,6.799999999999997,0.8000000000000007
1996-08-11,27.8,30.5,25.3,0.10416666666666667,98.41666666666667,5.199999999999999,-0.3999999999999986
1996-08-12,28.1,31.7,25.8,0.10833333333333334,99.33333333333333,5.899999999999999,0.3000000000000007
1996-08-13,28.0,30.9,25.8,0.0625,99.04166666666667,5.099999999999998,-0.10000000000000142
1996-08-14,27.4,31.1,25.2,0.33749999999999997,98.83333333333333,5.900000000000002,-0.6000000000000014
1996-08-15,27.0,29.9,25.1,0.3583333333333334,99.5,4.799999999999997,-0.3999999999999986
1996-08-16,26.7,29.4,25.6,0.37083333333333335,99.83333333333333,3.799999999999997,-0.3000000000000007
1996-08-17,27.5,30.0,25.6,0.35000000000000003,99.29166666666667,4.399999999999999,0.8000000000000007
1996-08-18,27.2,30.8,25.1,0.525,99.375,5.699999999999999,-0.3000000000000007
1996-08-19,26.3,29.4,25.0,0.8833333333333333,99.54166666666667,4.399999999999999,-0.8999999999999986
1996-08-20,26.0,29.4,24.6,0.5750000000000001,95.04166666666667,4.799999999999997,-0.3000000000000007
1996-08-21,25.3,26.2,24.3,1.1583333333333334,99.625,1.8999999999999986,-0.6999999999999993
1996-08-22,25.2,26.7,24.2,0.7458333333333332,96.66666666666667,2.5,-0.10000000000000142
1996-08-23,25.7,27.7,24.3,0.37083333333333335,77.79166666666667,3.3999999999999986,0.5
1996-08-24,27.5,31.7,24.4,0.10416666666666667,68.45833333333333,7.300000000000001,1.8000000000000007
1996-08-25,27.2,30.7,24.8,0.6166666666666667,99.70833333333333,5.899999999999999,-0.3000000000000007
1996-08-26,27.4,30.8,24.9,0.24583333333333335,91.16666666666667,5.900000000000002,0.1999999999999993
1996-08-27,27.0,30.3,25.3,0.425,97.5,5.0,-0.3999999999999986
1996-08-28,26.9,29.3,25.0,0.35000000000000003,99.58333333333333,4.300000000000001,-0.10000000000000142
1996-08-29,27.1,29.8,25.1,0.19583333333333333,99.5,4.699999999999999,0.20000000000000284
1996-08-30,27.5,30.7,25.7,0.20833333333333334,99.125,5.0,0.3999999999999986
1996-08-31,28.0,31.2,25.7,0.09583333333333333,93.70833333333333,5.5,0.5
1996-09-01,28.1,31.0,25.7,0.041666666666666664,68.5,5.300000000000001,0.10000000000000142
1996-09-02,28.0,31.9,25.5,0.2125,78.79166666666667,6.399999999999999,-0.10000000000000142
1996-09-03,28.2,31.9,25.4,0.12916666666666668,96.125,6.5,0.1999999999999993
1996-09-04,26.4,29.8,24.8,0.75,99.79166666666667,5.0,-1.8000000000000007
1996-09-05,26.4,29.5,24.8,0.3541666666666667,76.58333333333333,4.699999999999999,0.0
1996-09-06,26.6,29.7,24.7,0.22916666666666666,88.25,5.0,0.20000000000000284
1996-09-07,27.2,30.3,24.7,0.05416666666666667,86.625,5.600000000000001,0.5999999999999979
1996-09-08,27.5,31.0,25.1,0.325,62.583333333333336,5.899999999999999,0.3000000000000007
1996-09-09,28.3,31.9,25.3,0.09999999999999999,18.458333333333332,6.599999999999998,0.8000000000000007
1996-09-10,29.1,32.4,25.1,0.020833333333333332,38.333333333333336,7.299999999999997,0.8000000000000007
1996-09-11,28.9,33.1,25.4,0.05000000000000001,84.16666666666667,7.700000000000003,-0.20000000000000284
1996-09-12,29.2,32.3,25.3,0.0,94.25,6.9999999999999964,0.3000000000000007
1996-09-13,29.3,32.9,26.5,0.04583333333333334,39.833333333333336,6.399999999999999,0.10000000000000142
1996-09-14,29.8,34.0,26.1,0.2625,39.25,7.899999999999999,0.5
1996-09-15,29.3,33.5,25.9,0.38749999999999996,93.16666666666667,7.600000000000001,-0.5
1996-09-16,29.0,33.8,26.4,0.3,100.0,7.399999999999999,-0.3000000000000007
1996-09-17,29.1,32.0,26.4,0.049999999999999996,99.91666666666667,5.600000000000001,0.10000000000000142
1996-09-18,28.1,31.3,25.4,0.2625,99.875,5.900000000000002,-1.0
1996-09-19,28.6,31.9,25.5,0.0375,79.25,6.399999999999999,0.5
1996-09-20,29.0,32.7,26.0,0.025000000000000005,56.875,6.700000000000003,0.3999999999999986
1996-09-21,28.3,32.4,25.8,0.05833333333333334,60.0,6.599999999999998,-0.6999999999999993
1996-09-22,28.5,32.2,25.8,0.05416666666666667,67.29166666666667,6.400000000000002,0.1999999999999993
1996-09-23,28.8,32.7,26.3,0.024999999999999998,77.29166666666667,6.400000000000002,0.3000000000000007
1996-09-24,28.5,31.9,25.9,0.0375,96.25,6.0,-0.3000000000000007
1996-09-25,28.1,32.1,25.4,0.6041666666666666,84.66666666666667,6.700000000000003,-0.3999999999999986
1996-09-26,26.7,31.2,24.7,0.9416666666666668,98.79166666666667,6.5,-1.4000000000000021
1996-09-27,26.2,30.2,24.7,0.35000000000000003,98.58333333333333,5.5,-0.5
1996-09-28,26.8,29.7,25.2,0.22083333333333333,95.5,4.5,0.6000000000000014
1996-09-29,27.0,30.1,25.2,0.1875,64.5,4.900000000000002,0.1999999999999993
1996-09-30,27.3,31.4,24.5,0.2333333333333333,36.291666666666664,6.899999999999999,0.3000000000000007
1996-10-01,28.5,32.1,24.5,0.024999999999999998,14.125,7.600000000000001,1.1999999999999993
1996-10-02,27.2,31.3,24.9,0.4666666666666666,67.125,6.400000000000002,-1.3000000000000007
1996-10-03,26.6,29.4,24.7,0.17500000000000002,99.0,4.699999999999999,-0.5999999999999979
1996-10-04,26.9,30.3,24.7,0.3833333333333333,99.08333333333333,5.600000000000001,0.29999999999999716
1996-10-05,27.8,31.7,24.8,1.1083333333333334,97.20833333333333,6.899999999999999,0.9000000000000021
1996-10-06,26.0,29.5,22.3,0.075,92.0,7.199999999999999,-1.8000000000000007
1996-10-07,26.5,30.5,22.0,0.0,21.875,8.5,0.5
1996-10-08,25.8,29.9,21.8,0.05833333333333333,16.833333333333332,8.099999999999998,-0.6999999999999993
1996-10-09,26.1,30.3,21.5,0.0,21.708333333333332,8.8,0.3000000000000007
1996-10-10,26.5,30.3,23.0,0.0,20.041666666666668,7.300000000000001,0.3999999999999986
1996-10-11,25.8,29.9,21.2,0.0,15.833333333333334,8.7,-0.6999999999999993
1996-10-12,25.8,29.8,21.0,0.0,21.5,8.8,0.0
1996-10-13,26.0,30.3,21.7,0.0,18.291666666666668,8.600000000000001,0.1999999999999993
1996-10-14,25.8,30.6,21.1,0.0,16.041666666666668,9.5,-0.1999999999999993
1996-10-15,26.0,30.5,21.0,0.0,9.0,9.5,0.1999999999999993
1996-10-16,26.0,30.6,21.2,0.0,34.375,9.400000000000002,0.0
1996-10-17,25.7,30.7,21.5,0.0,21.166666666666668,9.2,-0.3000000000000007
1996-10-18,25.3,30.6,20.1,0.0,7.291666666666667,10.5,-0.3999999999999986
1996-10-19,25.6,30.6,19.6,0.0,21.833333333333332,11.0,0.3000000000000007
1996-10-20,26.3,30.8,21.3,0.0,19.875,9.5,0.6999999999999993
1996-10-21,26.4,30.9,21.9,0.0,14.166666666666666,9.0,0.09999999999999787
1996-10-22,26.8,30.8,22.0,0.0,23.458333333333332,8.8,0.40000000000000213
1996-10-23,26.0,31.1,21.2,0.004166666666666667,15.833333333333334,9.900000000000002,-0.8000000000000007
1996-10-24,25.7,30.9,20.7,0.0,14.416666666666666,10.2,-0.3000000000000007
1996-10-25,26.3,30.8,20.7,0.0,14.083333333333334,10.100000000000001,0.6000000000000014
1996-10-26,27.3,31.3,22.6,0.06666666666666667,70.25,8.7,1.0
1996-10-27,24.2,25.9,22.9,2.1,99.95833333333333,3.0,-3.1000000000000014
1996-10-28,23.8,25.2,22.2,0.9208333333333334,100.0,3.0,-0.3999999999999986
1996-10-29,22.5,24.9,20.4,0.0,90.25,4.5,-1.3000000000000007
1996-10-30,24.5,28.6,20.2,0.0,16.708333333333332,8.400000000000002,2.0
1996-10-31,23.9,29.4,18.6,0.0,2.25,10.799999999999997,-0.6000000000000014
1996-11-01,23.1,28.6,18.0,0.0,47.958333333333336,10.600000000000001,-0.7999999999999972
1996-11-02,23.6,28.9,17.7,0.0,3.25,11.2,0.5
1996-11-03,24.5,29.4,19.2,0.0,26.208333333333332,10.2,0.8999999999999986
1996-11-04,25.5,30.0,21.0,0.03333333333333333,59.208333333333336,9.0,1.0
1996-11-05,25.7,30.1,22.8,0.05833333333333333,72.25,7.300000000000001,0.1999999999999993
1996-11-06,25.6,29.7,22.8,0.05833333333333333,44.166666666666664,6.899999999999999,-0.09999999999999787
1996-11-07,26.0,30.4,22.5,0.004166666666666667,28.375,7.899999999999999,0.3999999999999986
1996-11-08,25.3,30.4,20.7,0.0,8.166666666666666,9.7,-0.6999999999999993
1996-11-09,26.0,30.0,22.0,0.0,10.0,8.0,0.6999999999999993
1996-11-10,23.9,29.1,17.9,0.008333333333333333,11.0,11.200000000000003,-2.1000000000000014
1996-11-11,22.3,28.2,16.9,0.0,0.0,11.3,-1.5999999999999979
1996-11-12,21.5,27.9,15.6,0.0,0.0,12.299999999999999,-0.8000000000000007
1996-11-13,21.6,27.9,15.4,0.0,0.0,12.499999999999998,0.10000000000000142
1996-11-14,22.7,28.6,17.8,0.0,0.125,10.8,1.0999999999999979
1996-11-15,22.3,28.7,16.5,0.0,8.458333333333334,12.2,-0.3999999999999986
1996-11-16,21.8,28.3,16.0,0.0,0.2916666666666667,12.3,-0.5
1996-11-17,21.2,27.7,15.1,0.0,0.041666666666666664,12.6,-0.6000000000000014
1996-11-18,20.4,27.2,14.6,0.0,3.7916666666666665,12.6,-0.8000000000000007
1996-11-19,21.2,27.2,14.4,0.0,44.541666666666664,12.799999999999999,0.8000000000000007
1996-11-20,21.9,28.0,16.9,0.0,20.541666666666668,11.100000000000001,0.6999999999999993
1996-11-21,22.3,28.1,16.5,0.0,67.5,11.600000000000001,0.40000000000000213
1996-11-22,22.0,27.9,16.2,0.0,56.541666666666664,11.7,-0.3000000000000007
1996-11-23,21.5,27.6,15.6,0.0,20.875,12.000000000000002,-0.5
1996-11-24,21.4,27.3,15.0,0.0,0.08333333333333333,12.3,-0.10000000000000142
1996-11-25,21.0,27.4,14.8,0.0,0.0,12.599999999999998,-0.3999999999999986
1996-11-26,20.4,27.2,14.4,0.0,0.0,12.799999999999999,-0.6000000000000014
1996-11-27,20.3,26.9,14.6,0.0,0.0,12.299999999999999,-0.09999999999999787
1996-11-28,20.8,27.4,14.5,0.0,26.666666666666668,12.899999999999999,0.5
1996-11-29,20.9,27.3,14.9,0.0,57.708333333333336,12.4,0.09999999999999787
1996-11-30,20.5,26.8,15.3,0.0,60.291666666666664,11.5,-0.3999999999999986
1996-12-01,20.9,27.3,15.1,0.0,83.20833333333333,12.200000000000001,0.3999999999999986
1996-12-02,22.3,27.4,15.5,0.020833333333333332,99.58333333333333,11.899999999999999,1.4000000000000021
1996-12-03,22.1,25.8,19.3,0.08333333333333333,82.125,6.5,-0.1999999999999993
1996-12-04,23.0,27.2,19.0,0.0,92.45833333333333,8.2,0.8999999999999986
1996-12-05,21.6,25.4,18.5,0.0,59.333333333333336,6.899999999999999,-1.3999999999999986
1996-12-06,22.0,27.7,17.2,0.0,40.083333333333336,10.5,0.3999999999999986
1996-12-07,20.0,26.8,13.6,0.0,23.708333333333332,13.200000000000001,-2.0
1996-12-08,18.1,25.3,12.2,0.0,57.291666666666664,13.100000000000001,-1.8999999999999986
1996-12-09,16.7,24.1,10.5,0.0,8.125,13.600000000000001,-1.4000000000000021
1996-12-10,16.3,23.6,9.7,0.0,9.083333333333334,13.900000000000002,-0.3999999999999986
1996-12-11,16.9,24.3,9.9,0.0,0.0,14.4,0.5999999999999979
1996-12-12,17.4,24.9,10.4,0.0,0.0,14.499999999999998,0.5
1996-12-13,17.9,25.2,11.2,0.0,0.0,14.0,0.5
1996-12-14,18.4,25.4,11.3,0.0,0.0,14.099999999999998,0.5
1996-12-15,18.2,25.4,11.4,0.0,0.0,13.999999999999998,-0.1999999999999993
1996-12-16,17.7,25.3,11.1,0.0,9.5,14.200000000000001,-0.5
1996-12-17,17.8,24.8,10.9,0.0,5.541666666666667,13.9,0.10000000000000142
1996-12-18,18.5,25.3,11.5,0.0,4.708333333333333,13.8,0.6999999999999993
1996-12-19,19.5,26.1,13.9,0.0,2.875,12.200000000000001,1.0
1996-12-20,19.7,26.4,13.2,0.0,1.9166666666666667,13.2,0.1999999999999993
1996-12-21,19.9,26.3,13.8,0.0,1.875,12.5,0.1999999999999993
1996-12-22,19.3,25.7,13.2,0.0,0.9166666666666666,12.5,-0.5999999999999979
1996-12-23,19.1,25.9,13.2,0.0,0.20833333333333334,12.7,-0.1999999999999993
1996-12-24,18.4,25.3,12.4,0.0,27.208333333333332,12.9,-0.7000000000000028
1996-12-25,18.6,25.6,12.0,0.0,1.0833333333333333,13.600000000000001,0.20000000000000284
1996-12-26,19.3,25.8,12.4,0.0,7.666666666666667,13.4,0.6999999999999993
1996-12-27,19.2,25.9,13.0,0.0,77.95833333333333,12.899999999999999,-0.10000000000000142
1996-12-28,19.3,26.4,13.0,0.0,44.625,13.399999999999999,0.10000000000000142
1996-12-29,18.0,25.2,11.8,0.0,1.5,13.399999999999999,-1.3000000000000007
1996-12-30,18.6,25.1,11.3,0.0,14.125,13.8,0.6000000000000014
1996-12-31,19.3,25.3,13.2,0.0,45.958333333333336,12.100000000000001,0.6999999999999993
1997-01-01,19.4,25.4,14.6,0.0,15.041666666666666,10.799999999999999,0.09999999999999787
1997-01-02,19.1,25.4,13.4,0.0,33.083333333333336,11.999999999999998,-0.29999999999999716
1997-01-03,18.8,25.4,12.7,0.0,9.75,12.7,-0.3000000000000007
1997-01-04,18.8,25.3,12.9,0.0,0.0,12.4,0.0
1997-01-05,18.7,24.8,13.9,0.0,83.41666666666667,10.9,-0.10000000000000142
1997-01-06,19.4,25.0,14.9,0.0,50.416666666666664,10.1,0.6999999999999993
1997-01-07,18.9,24.9,13.0,0.0,62.666666666666664,11.899999999999999,-0.5
1997-01-08,19.0,25.4,12.4,0.0,74.58333333333333,12.999999999999998,0.10000000000000142
1997-01-09,18.3,24.3,13.4,0.0,86.95833333333333,10.9,-0.6999999999999993
1997-01-10,18.8,25.3,12.9,0.0,35.375,12.4,0.5
1997-01-11,19.0,25.6,13.5,0.004166666666666667,17.25,12.100000000000001,0.1999999999999993
1997-01-12,16.8,20.1,13.9,0.09583333333333333,50.125,6.200000000000001,-2.1999999999999993
1997-01-13,19.6,25.6,13.0,0.0,31.708333333333332,12.600000000000001,2.8000000000000007
1997-01-14,20.3,25.8,15.2,0.0,42.291666666666664,10.600000000000001,0.6999999999999993
1997-01-15,19.3,22.4,16.0,0.11666666666666668,68.875,6.399999999999999,-1.0
1997-01-16,18.7,23.0,15.2,0.10416666666666667,49.916666666666664,7.800000000000001,-0.6000000000000014
1997-01-17,17.9,23.9,11.5,0.0,2.2916666666666665,12.399999999999999,-0.8000000000000007
1997-01-18,16.9,23.9,10.6,0.0,0.0,13.299999999999999,-1.0
1997-01-19,17.9,23.7,10.4,0.0,0.625,13.299999999999999,1.0
1997-01-20,19.3,24.7,14.0,0.7458333333333332,54.083333333333336,10.7,1.4000000000000021
1997-01-21,16.6,19.9,12.4,0.008333333333333333,49.416666666666664,7.499999999999998,-2.6999999999999993
1997-01-22,15.4,21.0,10.1,0.0,1.4583333333333333,10.9,-1.200000000000001
1997-01-23,15.2,20.0,9.2,0.0,1.0416666666666667,10.8,-0.20000000000000107
1997-01-24,16.3,21.8,8.7,0.0,1.3333333333333333,13.100000000000001,1.1000000000000014
1997-01-25,15.6,22.0,9.2,0.0,1.375,12.8,-0.7000000000000011
1997-01-26,15.8,22.3,8.1,0.0,1.3333333333333333,14.200000000000001,0.20000000000000107
1997-01-27,16.5,23.2,8.9,0.0,0.0,14.299999999999999,0.6999999999999993
1997-01-28,17.9,24.2,10.4,0.0,1.3333333333333333,13.799999999999999,1.3999999999999986
1997-01-29,18.5,25.0,11.0,0.0,5.791666666666667,14.0,0.6000000000000014
1997-01-30,19.5,25.6,12.6,0.0,15.541666666666666,13.000000000000002,1.0
1997-01-31,21.5,26.8,15.5,0.22499999999999998,34.958333333333336,11.3,2.0
1997-02-01,19.7,26.0,13.9,0.024999999999999998,10.958333333333334,12.1,-1.8000000000000007
1997-02-02,19.9,25.6,13.2,0.0,1.375,12.400000000000002,0.1999999999999993
1997-02-03,20.6,26.3,15.6,0.3875,59.708333333333336,10.700000000000001,0.7000000000000028
1997-02-04,19.9,25.1,15.7,0.0,41.666666666666664,9.400000000000002,-0.7000000000000028
1997-02-05,20.5,25.0,15.5,0.008333333333333333,24.291666666666668,9.5,0.6000000000000014
1997-02-06,19.2,25.3,12.4,0.0,11.958333333333334,12.9,-1.3000000000000007
1997-02-07,17.7,23.5,11.3,0.0,0.0,12.2,-1.5
1997-02-08,17.8,24.6,11.3,0.0,0.0,13.3,0.10000000000000142
1997-02-09,20.7,26.8,12.0,0.0,9.625,14.8,2.8999999999999986
1997-02-10,21.9,27.2,17.1,0.08333333333333333,41.25,10.099999999999998,1.1999999999999993
1997-02-11,21.1,26.3,15.0,0.0,26.625,11.3,-0.7999999999999972
1997-02-12,18.6,25.5,11.4,0.0,0.0,14.1,-2.5
1997-02-13,18.3,24.9,10.5,0.0,0.0,14.399999999999999,-0.3000000000000007
1997-02-14,19.9,27.0,11.9,0.0,0.0,15.1,1.5999999999999979
1997-02-15,22.7,29.7,14.4,0.0,0.0,15.299999999999999,2.8000000000000007
1997-02-16,23.8,30.7,17.8,0.0,0.7083333333333334,12.899999999999999,1.1000000000000014
1997-02-17,23.4,29.8,16.9,0.0,2.1666666666666665,12.900000000000002,-0.40000000000000213
1997-02-18,23.0,28.9,16.8,0.0,9.541666666666666,12.099999999999998,-0.3999999999999986
1997-02-19,23.0,29.5,17.7,0.0,32.708333333333336,11.8,0.0
1997-02-20,20.1,24.9,16.1,0.22083333333333333,55.958333333333336,8.799999999999997,-2.8999999999999986
1997-02-21,21.3,26.8,15.9,0.0,28.083333333333332,10.9,1.1999999999999993
1997-02-22,20.5,25.1,15.6,0.020833333333333332,24.666666666666668,9.500000000000002,-0.8000000000000007
1997-02-23,20.7,27.3,14.2,0.0,4.125,13.100000000000001,0.1999999999999993
1997-02-24,22.2,28.3,16.1,0.0,9.083333333333334,12.2,1.5
1997-02-25,23.0,28.5,17.8,0.0,21.333333333333332,10.7,0.8000000000000007
1997-02-26,24.0,30.2,17.8,0.0,3.625,12.399999999999999,1.0
1997-02-27,24.6,31.0,19.1,0.0,22.25,11.899999999999999,0.6000000000000014
1997-02-28,24.5,29.8,21.1,0.0,37.875,8.7,-0.10000000000000142
1997-03-01,25.2,30.9,20.1,0.0,43.541666666666664,10.799999999999997,0.6999999999999993
1997-03-02,25.1,31.3,19.9,0.0,33.708333333333336,11.400000000000002,-0.09999999999999787
1997-03-03,25.6,32.4,20.0,0.0,15.291666666666666,12.399999999999999,0.5
1997-03-04,26.4,34.0,19.8,0.0,16.791666666666668,14.2,0.7999999999999972
1997-03-05,26.0,33.2,20.0,0.0,9.375,13.200000000000003,-0.3999999999999986
1997-03-06,26.2,33.4,19.6,0.0,34.416666666666664,13.799999999999997,0.1999999999999993
1997-03-07,26.9,33.8,21.2,0.0,6.416666666666667,12.599999999999998,0.6999999999999993
1997-03-08,26.6,34.0,19.8,0.0,5.083333333333333,14.2,-0.29999999999999716
1997-03-09,27.2,34.4,20.8,0.0,37.333333333333336,13.599999999999998,0.5999999999999979
1997-03-10,27.3,34.2,21.4,0.0,25.166666666666668,12.800000000000004,0.10000000000000142
1997-03-11,27.6,34.3,22.2,0.0,25.833333333333332,12.099999999999998,0.3000000000000007
1997-03-12,27.6,34.2,23.2,0.0,29.916666666666668,11.000000000000004,0.0
1997-03-13,28.2,33.8,23.6,0.016666666666666666,54.083333333333336,10.199999999999996,0.5999999999999979
1997-03-14,27.7,33.5,24.6,0.08750000000000001,42.75,8.899999999999999,-0.5
1997-03-15,28.4,33.7,24.6,0.004166666666666667,42.75,9.100000000000001,0.6999999999999993
1997-03-16,28.9,35.0,24.4,0.0,16.25,10.600000000000001,0.5
1997-03-17,29.0,35.0,23.1,0.0,4.875,11.899999999999999,0.10000000000000142
1997-03-18,28.6,33.9,22.7,0.0,39.208333333333336,11.2,-0.3999999999999986
1997-03-19,28.6,33.9,23.2,0.0,66.58333333333333,10.7,0.0
1997-03-20,29.3,35.0,25.0,0.020833333333333332,55.583333333333336,10.0,0.6999999999999993
1997-03-21,29.4,35.3,23.6,0.0,23.083333333333332,11.699999999999996,0.09999999999999787
1997-03-22,27.6,33.7,21.1,0.5,62.25,12.600000000000001,-1.7999999999999972
1997-03-23,26.6,31.1,21.9,0.0,23.875,9.200000000000003,-1.0
1997-03-24,25.1,30.8,21.4,0.3,89.5,9.400000000000002,-1.5
1997-03-25,24.5,29.7,21.2,0.09999999999999999,48.666666666666664,8.5,-0.6000000000000014
1997-03-26,25.5,30.8,21.6,0.04583333333333334,48.916666666666664,9.2,1.0
1997-03-27,25.8,31.7,21.5,0.06666666666666667,33.75,10.2,0.3000000000000007
1997-03-28,26.6,31.8,22.6,0.0375,23.5,9.2,0.8000000000000007
1997-03-29,27.4,32.2,23.4,0.049999999999999996,60.958333333333336,8.800000000000004,0.7999999999999972
1997-03-30,24.3,30.8,19.5,0.9750000000000001,74.08333333333333,11.3,-3.099999999999998
1997-03-31,23.4,27.2,19.5,0.016666666666666666,60.458333333333336,7.699999999999999,-0.9000000000000021
1997-04-01,25.5,30.1,19.9,0.0,24.958333333333332,10.200000000000003,2.1000000000000014
1997-04-02,25.5,31.3,21.9,1.4291666666666665,58.208333333333336,9.400000000000002,0.0
1997-04-03,24.7,30.0,21.1,0.125,68.75,8.899999999999999,-0.8000000000000007
1997-04-04,25.2,29.7,20.9,0.03333333333333333,56.5,8.8,0.5
1997-04-05,25.1,29.9,20.8,0.020833333333333332,55.708333333333336,9.099999999999998,-0.09999999999999787
1997-04-06,25.7,31.2,20.5,0.004166666666666667,28.541666666666668,10.7,0.5999999999999979
1997-04-07,24.2,28.6,20.8,0.15416666666666667,26.708333333333332,7.800000000000001,-1.5
1997-04-08,24.6,31.8,20.5,0.004166666666666667,21.0,11.3,0.40000000000000213
1997-04-09,23.9,29.2,20.6,0.05416666666666667,50.625,8.599999999999998,-0.7000000000000028
1997-04-10,24.9,29.5,21.2,0.6458333333333334,73.79166666666667,8.3,1.0
1997-04-11,24.8,30.1,20.9,0.10416666666666667,28.416666666666668,9.200000000000003,-0.09999999999999787
1997-04-12,24.3,28.6,20.9,0.19999999999999998,35.583333333333336,7.700000000000003,-0.5
1997-04-13,24.9,29.9,21.0,0.10416666666666667,46.25,8.899999999999999,0.5999999999999979
1997-04-14,24.5,29.2,22.2,0.39166666666666666,66.41666666666667,7.0,-0.3999999999999986
1997-04-15,26.7,30.1,23.4,0.12916666666666668,53.25,6.700000000000003,2.1999999999999993
1997-04-16,26.4,31.7,23.3,0.2625,44.291666666666664,8.399999999999999,-0.3000000000000007
1997-04-17,27.5,32.8,24.2,0.0375,31.0,8.599999999999998,1.1000000000000014
1997-04-18,28.1,33.4,23.9,0.024999999999999998,57.0,9.5,0.6000000000000014
1997-04-19,28.3,33.8,24.1,0.0,93.375,9.699999999999996,0.1999999999999993
1997-04-20,28.3,34.4,22.9,0.0,18.791666666666668,11.5,0.0
1997-04-21,28.1,33.4,22.8,0.029166666666666664,69.83333333333333,10.599999999999998,-0.1999999999999993
1997-04-22,28.2,32.8,24.6,0.041666666666666664,31.041666666666668,8.199999999999996,0.09999999999999787
1997-04-23,27.7,32.3,23.4,0.016666666666666666,29.666666666666668,8.899999999999999,-0.5
1997-04-24,26.7,30.6,23.4,0.3666666666666667,43.916666666666664,7.200000000000003,-1.0
1997-04-25,24.0,29.8,21.5,1.0791666666666668,77.79166666666667,8.3,-2.6999999999999993
1997-04-26,24.9,29.9,21.6,1.0,71.70833333333333,8.299999999999997,0.8999999999999986
1997-04-27,25.0,29.4,21.5,1.2,81.125,7.899999999999999,0.10000000000000142
1997-04-28,25.0,29.0,22.2,1.0083333333333333,61.958333333333336,6.800000000000001,0.0
1997-04-29,27.0,31.5,22.9,0.0625,46.833333333333336,8.600000000000001,2.0
1997-04-30,28.1,32.3,24.0,0.03333333333333333,26.666666666666668,8.299999999999997,1.1000000000000014
1997-05-01,28.0,32.2,25.0,0.09166666666666667,24.416666666666668,7.200000000000003,-0.10000000000000142
1997-05-02,28.4,31.9,25.1,0.09583333333333333,22.458333333333332,6.799999999999997,0.3999999999999986
1997-05-03,29.3,33.6,25.0,0.0,6.916666666666667,8.600000000000001,0.9000000000000021
1997-05-04,30.0,35.2,25.7,0.024999999999999998,15.041666666666666,9.500000000000004,0.6999999999999993
1997-05-05,30.1,35.2,25.8,0.008333333333333333,35.666666666666664,9.400000000000002,0.10000000000000142
1997-05-06,30.0,34.8,25.8,0.0,98.29166666666667,8.999999999999996,-0.10000000000000142
1997-05-07,28.5,33.7,24.2,0.0,27.291666666666668,9.500000000000004,-1.5
1997-05-08,28.8,33.4,24.4,0.024999999999999998,14.5,9.0,0.3000000000000007
1997-05-09,29.8,34.4,25.8,0.016666666666666666,10.5,8.599999999999998,1.0
1997-05-10,30.1,35.2,26.7,0.03333333333333333,13.208333333333334,8.500000000000004,0.3000000000000007
1997-05-11,30.7,35.9,26.6,0.012499999999999999,12.333333333333334,9.299999999999997,0.5999999999999979
1997-05-12,31.0,35.7,27.1,0.0,9.583333333333334,8.600000000000001,0.3000000000000007
1997-05-13,30.9,35.4,27.7,0.0,22.875,7.699999999999999,-0.10000000000000142
1997-05-14,30.7,35.2,27.5,0.0,19.25,7.700000000000003,-0.1999999999999993
1997-05-15,31.0,35.7,27.5,0.0,13.666666666666666,8.200000000000003,0.3000000000000007
1997-05-16,31.0,35.7,27.3,0.0,33.333333333333336,8.400000000000002,0.0
1997-05-17,30.2,35.1,24.7,0.0,57.666666666666664,10.400000000000002,-0.8000000000000007
1997-05-18,29.8,33.5,24.6,0.0,99.875,8.899999999999999,-0.3999999999999986
1997-05-19,29.8,34.0,26.4,0.0,99.625,7.600000000000001,0.0
1997-05-20,31.3,37.1,26.7,0.0,70.20833333333333,10.400000000000002,1.5
1997-05-21,31.9,39.0,26.8,0.0,48.625,12.2,0.5999999999999979
1997-05-22,31.5,36.3,28.1,0.0,47.916666666666664,8.199999999999996,-0.3999999999999986
1997-05-23,31.5,35.5,28.1,0.0,53.041666666666664,7.399999999999999,0.0
1997-05-24,31.5,36.4,27.6,0.0,50.208333333333336,8.799999999999997,0.0
1997-05-25,30.5,36.2,24.9,0.6124999999999999,45.291666666666664,11.300000000000004,-1.0
1997-05-26,28.7,33.3,25.5,1.4333333333333333,48.833333333333336,7.799999999999997,-1.8000000000000007
1997-05-27,29.5,34.7,25.8,0.0,58.708333333333336,8.900000000000002,0.8000000000000007
1997-05-28,29.0,34.4,24.6,0.0,60.875,9.799999999999997,-0.5
1997-05-29,29.5,33.3,25.3,0.004166666666666667,35.875,7.9999999999999964,0.5
1997-05-30,30.0,33.7,25.8,0.0,16.583333333333332,7.900000000000002,0.5
1997-05-31,30.3,34.4,26.5,0.024999999999999998,16.583333333333332,7.899999999999999,0.3000000000000007
1997-06-01,32.0,37.0,27.7,0.0,27.458333333333332,9.3,1.6999999999999993
1997-06-02,31.8,37.1,28.1,0.0,31.0,9.0,-0.1999999999999993
1997-06-03,31.5,36.4,27.5,0.008333333333333333,18.666666666666668,8.899999999999999,-0.3000000000000007
1997-06-04,31.8,36.6,27.6,0.0,20.958333333333332,9.0,0.3000000000000007
1997-06-05,32.1,37.1,28.7,0.020833333333333332,25.5,8.400000000000002,0.3000000000000007
1997-06-06,32.9,37.8,29.2,0.0,48.083333333333336,8.599999999999998,0.7999999999999972
1997-06-07,32.8,37.4,28.8,0.0,98.29166666666667,8.599999999999998,-0.10000000000000142
1997-06-08,32.5,37.5,29.2,0.016666666666666666,97.75,8.3,-0.29999999999999716
1997-06-09,31.4,35.1,28.0,0.008333333333333333,97.70833333333333,7.100000000000001,-1.1000000000000014
1997-06-10,31.1,35.6,28.2,0.0,74.33333333333333,7.400000000000002,-0.29999999999999716
1997-06-11,29.8,34.2,27.2,0.3,95.5,7.0000000000000036,-1.3000000000000007
1997-06-12,28.7,31.4,26.3,0.37083333333333335,97.95833333333333,5.099999999999998,-1.1000000000000014
1997-06-13,28.5,30.8,26.4,0.26666666666666666,97.25,4.400000000000002,-0.1999999999999993
1997-06-14,29.0,32.5,26.6,0.15,87.5,5.899999999999999,0.5
1997-06-15,30.9,34.8,27.5,0.03333333333333333,77.125,7.299999999999997,1.8999999999999986
1997-06-16,30.8,35.3,27.6,0.29583333333333334,99.70833333333333,7.699999999999996,-0.09999999999999787
1997-06-17,30.6,34.3,27.6,0.20000000000000004,98.58333333333333,6.699999999999996,-0.1999999999999993
1997-06-18,28.5,31.8,25.9,0.5833333333333334,94.66666666666667,5.900000000000002,-2.1000000000000014
1997-06-19,27.7,30.9,26.0,0.85,89.04166666666667,4.899999999999999,-0.8000000000000007
1997-06-20,29.0,32.8,26.2,0.6791666666666667,89.04166666666667,6.599999999999998,1.3000000000000007
1997-06-21,29.5,33.0,26.9,0.42083333333333334,96.33333333333333,6.100000000000001,0.5
1997-06-22,28.2,32.1,26.0,0.9541666666666667,95.08333333333333,6.100000000000001,-1.3000000000000007
1997-06-23,28.4,32.1,26.0,0.5,87.91666666666667,6.100000000000001,0.1999999999999993
1997-06-24,27.9,31.5,26.2,1.0041666666666667,99.20833333333333,5.300000000000001,-0.5
1997-06-25,27.8,30.4,26.0,0.5625,99.5,4.399999999999999,-0.09999999999999787
1997-06-26,27.5,30.0,26.1,0.6333333333333333,99.70833333333333,3.8999999999999986,-0.3000000000000007
1997-06-27,28.3,30.3,26.2,0.1625,98.66666666666667,4.100000000000001,0.8000000000000007
1997-06-28,28.6,30.4,26.7,0.7833333333333333,99.91666666666667,3.6999999999999993,0.3000000000000007
1997-06-29,28.0,30.3,26.6,0.41250000000000003,99.91666666666667,3.6999999999999993,-0.6000000000000014
1997-06-30,27.9,31.2,26.3,0.6791666666666667,98.79166666666667,4.899999999999999,-0.10000000000000142
1997-07-01,28.2,31.2,26.1,0.8208333333333333,95.45833333333333,5.099999999999998,0.3000000000000007
1997-07-02,27.2,29.8,25.5,2.275,99.58333333333333,4.300000000000001,-1.0
1997-07-03,27.1,30.5,25.6,0.8041666666666667,97.75,4.899999999999999,-0.09999999999999787
1997-07-04,28.3,31.0,26.1,0.8041666666666667,86.20833333333333,4.899999999999999,1.1999999999999993
1997-07-05,28.3,30.5,26.5,0.23333333333333336,98.25,4.0,0.0
1997-07-06,28.7,31.9,26.6,0.17499999999999996,94.0,5.299999999999997,0.3999999999999986
1997-07-07,28.9,31.9,26.7,0.15,96.54166666666667,5.199999999999999,0.1999999999999993
1997-07-08,28.9,31.5,26.9,0.37916666666666665,99.625,4.600000000000001,0.0
1997-07-09,28.3,32.0,26.7,0.8125,100.0,5.300000000000001,-0.5999999999999979
1997-07-10,28.4,30.6,26.8,0.49583333333333335,100.0,3.8000000000000007,0.09999999999999787
1997-07-11,28.4,30.5,27.3,0.27499999999999997,100.0,3.1999999999999993,0.0
1997-07-12,29.1,32.2,27.1,0.17500000000000002,99.79166666666667,5.100000000000001,0.7000000000000028
1997-07-13,28.7,33.1,26.1,0.15,98.08333333333333,7.0,-0.40000000000000213
1997-07-14,29.4,33.8,26.1,0.2791666666666667,96.875,7.699999999999996,0.6999999999999993
1997-07-15,28.5,32.7,26.3,0.6,98.375,6.400000000000002,-0.8999999999999986
1997-07-16,28.1,31.6,25.9,0.7208333333333333,96.0,5.700000000000003,-0.3999999999999986
1997-07-17,27.8,31.6,25.7,0.8541666666666666,98.5,5.900000000000002,-0.3000000000000007
1997-07-18,27.4,30.4,25.6,0.9625,96.95833333333333,4.799999999999997,-0.40000000000000213
1997-07-19,26.5,28.5,25.4,2.75,100.0,3.1000000000000014,-0.8999999999999986
1997-07-20,26.0,27.5,25.3,4.691666666666666,99.95833333333333,2.1999999999999993,-0.5
1997-07-21,27.2,30.1,25.5,0.6375000000000001,99.91666666666667,4.600000000000001,1.1999999999999993
1997-07-22,27.3,29.6,25.6,0.44166666666666665,98.20833333333333,4.0,0.10000000000000142
1997-07-23,27.5,30.6,25.7,0.29583333333333334,99.25,4.900000000000002,0.1999999999999993
1997-07-24,27.5,31.3,25.5,0.4041666666666666,94.54166666666667,5.800000000000001,0.0
1997-07-25,27.9,30.7,25.4,0.6124999999999999,94.58333333333333,5.300000000000001,0.3999999999999986
1997-07-26,28.4,33.1,25.8,0.7333333333333334,99.20833333333333,7.300000000000001,0.5
1997-07-27,27.9,31.3,25.5,0.8041666666666667,99.41666666666667,5.800000000000001,-0.5
1997-07-28,27.7,31.6,25.6,0.6749999999999999,99.75,6.0,-0.1999999999999993
1997-07-29,27.8,31.2,26.1,0.31666666666666665,99.33333333333333,5.099999999999998,0.10000000000000142
1997-07-30,28.2,31.3,26.5,0.16666666666666666,89.625,4.800000000000001,0.3999999999999986
1997-07-31,28.4,30.9,26.9,0.3625,88.54166666666667,4.0,0.1999999999999993
1997-08-01,28.8,32.1,27.0,0.25833333333333336,99.54166666666667,5.100000000000001,0.40000000000000213
1997-08-02,29.0,32.2,26.4,0.8416666666666667,99.66666666666667,5.800000000000004,0.1999999999999993
1997-08-03,28.2,31.9,26.2,1.0458333333333334,98.45833333333333,5.699999999999999,-0.8000000000000007
1997-08-04,28.1,31.3,25.8,1.3166666666666667,97.875,5.5,-0.09999999999999787
1997-08-05,27.1,30.3,25.4,0.7916666666666666,99.79166666666667,4.900000000000002,-1.0
1997-08-06,28.5,31.4,26.2,0.1125,93.54166666666667,5.199999999999999,1.3999999999999986
1997-08-07,28.7,32.5,26.1,0.11666666666666665,78.25,6.399999999999999,0.1999999999999993
1997-08-08,29.1,32.7,26.5,0.24583333333333335,93.70833333333333,6.200000000000003,0.40000000000000213
1997-08-09,28.4,32.2,26.3,1.2375,98.41666666666667,5.900000000000002,-0.7000000000000028
1997-08-10,27.8,31.6,25.8,1.15,98.125,5.800000000000001,-0.5999999999999979
1997-08-11,27.7,30.4,25.8,0.2791666666666667,98.95833333333333,4.599999999999998,-0.10000000000000142
1997-08-12,27.8,31.7,25.5,0.23750000000000002,97.58333333333333,6.199999999999999,0.10000000000000142
1997-08-13,27.8,31.4,25.4,0.44166666666666665,98.04166666666667,6.0,0.0
1997-08-14,26.6,28.6,24.9,0.5499999999999999,99.83333333333333,3.700000000000003,-1.1999999999999993
1997-08-15,26.9,30.9,24.8,0.49583333333333335,89.25,6.099999999999998,0.29999999999999716
1997-08-16,27.6,31.3,25.3,0.5041666666666667,98.20833333333333,6.0,0.7000000000000028
1997-08-17,27.2,30.2,25.3,0.3166666666666667,99.0,4.899999999999999,-0.40000000000000213
1997-08-18,27.7,30.5,25.5,0.2041666666666667,74.125,5.0,0.5
1997-08-19,27.5,30.5,25.7,0.3,92.16666666666667,4.800000000000001,-0.1999999999999993
1997-08-20,26.0,27.9,25.4,0.8375,99.875,2.5,-1.5
1997-08-21,26.4,28.4,25.2,0.38333333333333336,98.20833333333333,3.1999999999999993,0.3999999999999986
1997-08-22,26.2,28.7,24.8,0.8791666666666668,96.29166666666667,3.8999999999999986,-0.1999999999999993
1997-08-23,27.4,31.5,24.7,0.20833333333333334,93.58333333333333,6.800000000000001,1.1999999999999993
1997-08-24,28.7,31.8,25.5,0.12083333333333333,72.83333333333333,6.300000000000001,1.3000000000000007
1997-08-25,29.0,33.0,25.8,0.3958333333333333,95.625,7.199999999999999,0.3000000000000007
1997-08-26,26.9,29.3,25.5,0.6749999999999999,97.16666666666667,3.8000000000000007,-2.1000000000000014
1997-08-27,27.9,31.5,25.7,0.4666666666666666,97.91666666666667,5.800000000000001,1.0
1997-08-28,27.5,30.1,25.9,0.28750000000000003,99.125,4.200000000000003,-0.3999999999999986
1997-08-29,27.5,30.0,25.9,0.2791666666666667,83.91666666666667,4.100000000000001,0.0
1997-08-30,28.5,30.7,26.1,0.10000000000000002,96.58333333333333,4.599999999999998,1.0
1997-08-31,28.1,31.6,26.4,0.09583333333333333,99.0,5.200000000000003,-0.3999999999999986
1997-09-01,28.3,31.1,26.3,0.4291666666666667,82.41666666666667,4.800000000000001,0.1999999999999993
1997-09-02,29.1,33.2,26.5,0.012500000000000002,81.79166666666667,6.700000000000003,0.8000000000000007
1997-09-03,28.8,32.3,26.6,0.19999999999999998,98.16666666666667,5.699999999999996,-0.3000000000000007
1997-09-04,28.6,32.8,26.6,0.2791666666666667,97.875,6.199999999999996,-0.1999999999999993
1997-09-05,28.7,32.5,26.9,0.05833333333333334,99.625,5.600000000000001,0.09999999999999787
1997-09-06,27.2,29.8,25.4,0.8208333333333333,99.875,4.400000000000002,-1.5
1997-09-07,26.2,27.7,25.0,0.2791666666666667,88.95833333333333,2.6999999999999993,-1.0
1997-09-08,25.4,27.8,24.3,0.9874999999999999,99.625,3.5,-0.8000000000000007
1997-09-09,25.2,27.2,24.4,0.5166666666666667,90.29166666666667,2.8000000000000007,-0.1999999999999993
1997-09-10,25.9,29.1,24.2,0.2916666666666667,65.29166666666667,4.900000000000002,0.6999999999999993
1997-09-11,26.8,30.6,24.0,0.49583333333333335,52.083333333333336,6.600000000000001,0.9000000000000021
1997-09-12,26.6,30.3,24.8,0.5750000000000001,93.5,5.5,-0.1999999999999993
1997-09-13,27.0,30.1,25.0,0.42500000000000004,98.25,5.100000000000001,0.3999999999999986
1997-09-14,27.6,31.1,25.2,0.4583333333333333,69.0,5.900000000000002,0.6000000000000014
1997-09-15,27.2,29.9,25.3,0.6416666666666667,93.75,4.599999999999998,-0.40000000000000213
1997-09-16,27.5,31.6,25.1,0.32083333333333336,64.70833333333333,6.5,0.3000000000000007
1997-09-17,27.8,31.5,25.4,0.23750000000000002,79.79166666666667,6.100000000000001,0.3000000000000007
1997-09-18,28.3,32.0,25.7,0.08333333333333333,57.458333333333336,6.300000000000001,0.5
1997-09-19,28.4,31.7,26.0,0.04583333333333334,99.33333333333333,5.699999999999999,0.09999999999999787
1997-09-20,28.2,32.0,25.4,0.25416666666666665,99.29166666666667,6.600000000000001,-0.1999999999999993
1997-09-21,27.8,31.3,25.3,0.1708333333333333,74.08333333333333,6.0,-0.3999999999999986
1997-09-22,27.9,31.9,25.5,0.1708333333333333,57.916666666666664,6.399999999999999,0.09999999999999787
1997-09-23,27.2,30.7,25.3,0.15833333333333333,63.291666666666664,5.399999999999999,-0.6999999999999993
1997-09-24,26.8,31.0,24.8,0.8999999999999999,94.33333333333333,6.199999999999999,-0.3999999999999986
1997-09-25,26.3,29.9,24.8,0.6541666666666667,98.875,5.099999999999998,-0.5
1997-09-26,25.6,27.8,24.5,1.0333333333333334,100.0,3.3000000000000007,-0.6999999999999993
1997-09-27,27.4,30.9,24.5,0.0,73.625,6.399999999999999,1.7999999999999972
1997-09-28,28.7,32.8,24.4,0.016666666666666666,10.875,8.399999999999999,1.3000000000000007
1997-09-29,27.9,30.8,25.3,0.0,69.95833333333333,5.5,-0.8000000000000007
1997-09-30,27.2,30.7,23.5,0.06666666666666667,27.5,7.199999999999999,-0.6999999999999993
1997-10-01,26.4,30.4,23.8,0.0375,40.833333333333336,6.599999999999998,-0.8000000000000007
1997-10-02,26.8,30.4,23.8,0.020833333333333332,32.083333333333336,6.599999999999998,0.40000000000000213
1997-10-03,26.2,30.1,23.2,0.05833333333333333,24.625,6.900000000000002,-0.6000000000000014
1997-10-04,27.1,30.5,23.2,0.004166666666666667,10.458333333333334,7.300000000000001,0.9000000000000021
1997-10-05,26.8,30.8,22.4,0.0,7.166666666666667,8.400000000000002,-0.3000000000000007
1997-10-06,26.9,30.9,22.2,0.0,9.791666666666666,8.7,0.09999999999999787
1997-10-07,27.0,31.1,22.8,0.0,11.25,8.3,0.10000000000000142
1997-10-08,27.1,31.4,23.2,0.0,10.833333333333334,8.2,0.10000000000000142
1997-10-09,26.9,31.2,23.4,0.0375,30.583333333333332,7.800000000000001,-0.20000000000000284
1997-10-10,26.7,30.9,23.1,0.04583333333333334,16.958333333333332,7.799999999999997,-0.1999999999999993
1997-10-11,27.3,31.1,23.5,0.0,16.833333333333332,7.600000000000001,0.6000000000000014
1997-10-12,27.1,31.3,23.6,0.03333333333333333,26.208333333333332,7.699999999999999,-0.1999999999999993
1997-10-13,26.9,30.5,23.3,0.008333333333333333,35.416666666666664,7.199999999999999,-0.20000000000000284
1997-10-14,26.6,30.8,23.2,0.0,33.916666666666664,7.600000000000001,-0.29999999999999716
1997-10-15,26.3,29.9,21.7,0.016666666666666666,55.125,8.2,-0.3000000000000007
1997-10-16,25.8,30.3,21.5,0.0,7.125,8.8,-0.5
1997-10-17,25.6,30.8,20.8,0.0,3.7916666666666665,10.0,-0.1999999999999993
1997-10-18,25.7,30.5,20.5,0.0,29.083333333333332,10.0,0.09999999999999787
1997-10-19,25.8,30.5,20.4,0.0,10.708333333333334,10.100000000000001,0.10000000000000142
1997-10-20,26.2,30.9,20.2,0.0,9.875,10.7,0.3999999999999986
1997-10-21,26.5,31.2,21.0,0.0,25.75,10.2,0.3000000000000007
1997-10-22,26.7,31.2,21.4,0.0,17.041666666666668,9.8,0.1999999999999993
1997-10-23,26.7,31.2,21.7,0.012500000000000002,63.0,9.5,0.0
1997-10-24,25.7,31.0,21.1,0.008333333333333333,13.75,9.899999999999999,-1.0
1997-10-25,25.1,30.4,20.7,0.0,18.166666666666668,9.7,-0.5999999999999979
1997-10-26,23.9,29.8,18.3,0.0,19.25,11.5,-1.2000000000000028
1997-10-27,24.2,29.7,18.1,0.0,2.25,11.599999999999998,0.3000000000000007
1997-10-28,25.1,30.3,18.6,0.0,28.125,11.7,0.9000000000000021
1997-10-29,25.2,30.1,20.1,0.008333333333333333,77.125,10.0,0.09999999999999787
1997-10-30,25.5,29.7,21.2,0.0,74.0,8.5,0.3000000000000007
1997-10-31,25.4,30.3,20.4,0.0,30.0,9.900000000000002,-0.10000000000000142
1997-11-01,25.0,30.5,19.9,0.0,15.458333333333334,10.600000000000001,-0.3999999999999986
1997-11-02,24.7,30.1,19.7,0.0,2.7916666666666665,10.400000000000002,-0.3000000000000007
1997-11-03,24.4,30.4,18.9,0.0,59.916666666666664,11.5,-0.3000000000000007
1997-11-04,24.4,30.0,18.5,0.0,86.83333333333333,11.5,0.0
1997-11-05,24.2,30.1,19.1,0.0,45.125,11.0,-0.1999999999999993
1997-11-06,25.1,30.7,19.0,0.0,1.4166666666666667,11.7,0.9000000000000021
1997-11-07,26.2,31.1,20.6,0.0,8.875,10.5,1.0999999999999979
1997-11-08,26.0,31.0,20.7,0.0,9.208333333333334,10.3,-0.1999999999999993
1997-11-09,25.6,30.1,21.0,0.016666666666666666,46.625,9.100000000000001,-0.3999999999999986
1997-11-10,25.5,29.8,21.3,0.0,33.416666666666664,8.5,-0.10000000000000142
1997-11-11,25.2,29.7,20.8,0.016666666666666666,15.541666666666666,8.899999999999999,-0.3000000000000007
1997-11-12,25.6,30.1,20.5,0.0,40.791666666666664,9.600000000000001,0.40000000000000213
1997-11-13,25.1,29.2,21.4,0.0,84.375,7.800000000000001,-0.5
1997-11-14,24.4,28.6,20.0,0.016666666666666666,68.41666666666667,8.600000000000001,-0.7000000000000028
1997-11-15,24.1,29.0,19.2,0.0,41.458333333333336,9.8,-0.29999999999999716
1997-11-16,23.5,28.9,18.4,0.0,93.04166666666667,10.5,-0.6000000000000014
1997-11-17,23.2,28.2,18.1,0.0,52.833333333333336,10.099999999999998,-0.3000000000000007
1997-11-18,23.7,28.6,19.9,0.0,3.2083333333333335,8.700000000000003,0.5
1997-11-19,23.9,28.8,18.9,0.0,30.458333333333332,9.900000000000002,0.1999999999999993
1997-11-20,23.4,28.0,18.9,0.0,26.958333333333332,9.100000000000001,-0.5
1997-11-21,23.3,28.3,18.5,0.0,12.958333333333334,9.8,-0.09999999999999787
1997-11-22,23.0,28.7,17.6,0.0,0.25,11.099999999999998,-0.3000000000000007
1997-11-23,23.6,29.1,17.2,0.0,5.041666666666667,11.900000000000002,0.6000000000000014
1997-11-24,24.4,29.9,18.6,0.0,7.916666666666667,11.299999999999997,0.7999999999999972
1997-11-25,25.1,30.0,20.2,0.0,22.375,9.8,0.7000000000000028
1997-11-26,24.9,29.9,20.6,0.08750000000000001,29.208333333333332,9.299999999999997,-0.20000000000000284
1997-11-27,24.8,28.9,21.0,0.0,52.708333333333336,7.899999999999999,-0.09999999999999787
1997-11-28,24.1,28.3,19.7,0.0,66.08333333333333,8.600000000000001,-0.6999999999999993
1997-11-29,22.3,27.5,18.1,0.0,67.875,9.399999999999999,-1.8000000000000007
1997-11-30,22.3,27.3,17.6,0.0,57.5,9.7,0.0
1997-12-01,20.8,25.0,18.5,0.06666666666666667,93.625,6.5,-1.5
1997-12-02,21.9,26.0,16.3,0.0,54.416666666666664,9.7,1.0999999999999979
1997-12-03,20.2,25.3,15.8,0.0,45.791666666666664,9.5,-1.6999999999999993
1997-12-04,20.5,25.9,15.8,0.0,2.4166666666666665,10.099999999999998,0.3000000000000007
1997-12-05,20.5,26.5,15.5,0.0,1.125,11.0,0.0
1997-12-06,21.1,27.1,16.0,0.0,50.75,11.100000000000001,0.6000000000000014
1997-12-07,22.0,27.7,16.1,0.0,69.54166666666667,11.599999999999998,0.8999999999999986
1997-12-08,23.1,28.2,17.8,0.0,55.458333333333336,10.399999999999999,1.1000000000000014
1997-12-09,22.4,27.5,18.5,0.31666666666666665,96.33333333333333,9.0,-0.7000000000000028
1997-12-10,19.8,22.9,17.4,0.7791666666666667,87.125,5.5,-2.599999999999998
1997-12-11,19.0,23.4,15.3,0.0,22.75,8.099999999999998,-0.8000000000000007
1997-12-12,18.6,23.4,14.0,0.0,50.625,9.399999999999999,-0.3999999999999986
1997-12-13,18.7,22.7,13.4,0.1708333333333333,82.33333333333333,9.299999999999999,0.09999999999999787
1997-12-14,18.6,20.3,16.9,0.5166666666666667,75.95833333333333,3.400000000000002,-0.09999999999999787
1997-12-15,18.5,22.7,14.1,0.0,39.208333333333336,8.6,-0.10000000000000142
1997-12-16,17.7,22.9,13.9,0.0,12.25,8.999999999999998,-0.8000000000000007
1997-12-17,18.5,22.8,13.6,0.0,47.416666666666664,9.200000000000001,0.8000000000000007
1997-12-18,17.5,22.7,12.9,0.0,6.166666666666667,9.799999999999999,-1.0
1997-12-19,17.0,22.9,12.4,0.0,0.875,10.499999999999998,-0.5
1997-12-20,17.2,22.2,11.8,0.0,60.333333333333336,10.399999999999999,0.1999999999999993
1997-12-21,17.0,21.9,11.3,0.0,62.083333333333336,10.599999999999998,-0.1999999999999993
1997-12-22,14.8,20.8,9.9,0.0,11.5,10.9,-2.1999999999999993
1997-12-23,14.8,21.4,9.2,0.0,5.25,12.2,0.0
1997-12-24,15.2,21.8,9.2,0.0,16.458333333333332,12.600000000000001,0.3999999999999986
1997-12-25,15.5,22.1,9.6,0.0,0.375,12.500000000000002,0.3000000000000007
1997-12-26,16.1,23.0,10.2,0.0,2.375,12.8,0.6000000000000014
1997-12-27,16.5,22.9,10.4,0.0,19.208333333333332,12.499999999999998,0.3999999999999986
1997-12-28,18.4,23.2,13.2,0.0,55.708333333333336,10.0,1.8999999999999986
1997-12-29,19.3,24.8,15.2,0.0,19.625,9.600000000000001,0.9000000000000021
1997-12-30,19.6,24.9,15.4,0.0,72.41666666666667,9.499999999999998,0.3000000000000007
1997-12-31,20.4,24.3,16.7,0.0,72.70833333333333,7.600000000000001,0.7999999999999972
1998-01-01,17.9,22.6,12.4,0.0,56.125,10.200000000000001,-2.5
1998-01-02,16.0,22.1,11.0,0.0,4.291666666666667,11.100000000000001,-1.8999999999999986
1998-01-03,15.2,21.2,10.3,0.0,3.7083333333333335,10.899999999999999,-0.8000000000000007
1998-01-04,15.9,22.3,10.5,0.0,69.25,11.8,0.7000000000000011
1998-01-05,15.9,22.3,10.2,0.0,17.0,12.100000000000001,0.0
1998-01-06,16.0,22.8,9.7,0.0,0.0,13.100000000000001,0.09999999999999964
1998-01-07,16.4,23.2,9.9,0.0,18.583333333333332,13.299999999999999,0.3999999999999986
1998-01-08,16.8,23.4,10.2,0.0,31.666666666666668,13.2,0.40000000000000213
1998-01-09,17.1,23.9,10.3,0.0,15.833333333333334,13.599999999999998,0.3000000000000007
1998-01-10,17.2,23.6,11.4,0.0,50.166666666666664,12.200000000000001,0.09999999999999787
1998-01-11,17.5,23.5,11.2,0.0,37.083333333333336,12.3,0.3000000000000007
1998-01-12,18.0,24.5,10.9,0.0,12.291666666666666,13.6,0.5
1998-01-13,20.4,26.9,13.7,0.0,37.916666666666664,13.2,2.3999999999999986
1998-01-14,19.3,25.4,12.8,0.0,66.75,12.599999999999998,-1.0999999999999979
1998-01-15,18.7,24.8,12.1,0.0,32.041666666666664,12.700000000000001,-0.6000000000000014
1998-01-16,21.1,27.4,14.7,0.0,21.333333333333332,12.7,2.400000000000002
1998-01-17,21.2,26.7,15.8,0.27499999999999997,59.166666666666664,10.899999999999999,0.09999999999999787
1998-01-18,17.9,21.1,16.1,0.3541666666666667,86.66666666666667,5.0,-3.3000000000000007
1998-01-19,17.8,20.9,14.6,0.041666666666666664,71.45833333333333,6.299999999999999,-0.09999999999999787
1998-01-20,17.9,21.9,14.5,0.5083333333333333,78.45833333333333,7.399999999999999,0.09999999999999787
1998-01-21,14.9,15.5,12.5,0.6208333333333333,85.45833333333333,3.0,-2.9999999999999982
1998-01-22,16.0,21.0,11.5,0.0,38.875,9.5,1.0999999999999996
1998-01-23,16.1,21.9,10.6,0.0,4.791666666666667,11.299999999999999,0.10000000000000142
1998-01-24,17.4,23.0,10.8,0.0,62.75,12.2,1.2999999999999972
1998-01-25,18.8,23.4,15.2,0.04583333333333334,68.79166666666667,8.2,1.4000000000000021
1998-01-26,19.1,23.4,15.8,0.0,80.16666666666667,7.599999999999998,0.3000000000000007
1998-01-27,19.9,24.1,16.1,0.05416666666666667,73.04166666666667,8.0,0.7999999999999972
1998-01-28,19.0,23.3,16.3,0.09583333333333333,67.66666666666667,7.0,-0.8999999999999986
1998-01-29,20.0,24.2,16.4,0.020833333333333332,38.833333333333336,7.800000000000001,1.0
1998-01-30,20.5,25.5,15.4,0.0,49.75,10.1,0.5
1998-01-31,20.2,25.8,15.0,0.0,22.583333333333332,10.8,-0.3000000000000007
1998-02-01,19.7,25.0,14.8,0.0,25.208333333333332,10.2,-0.5
1998-02-02,20.6,26.1,14.5,0.0,0.7083333333333334,11.600000000000001,0.9000000000000021
1998-02-03,21.7,27.2,15.7,0.0,16.458333333333332,11.5,1.0999999999999979
1998-02-04,21.2,25.8,16.4,0.020833333333333332,41.416666666666664,9.400000000000002,-0.5
1998-02-05,19.6,25.3,12.8,0.0,21.916666666666668,12.5,-1.5999999999999979
1998-02-06,19.7,24.8,12.2,0.0,89.0,12.600000000000001,0.09999999999999787
1998-02-07,18.8,22.6,14.5,0.025000000000000005,67.83333333333333,8.100000000000001,-0.8999999999999986
1998-02-08,18.9,24.9,13.0,0.0,9.291666666666666,11.899999999999999,0.09999999999999787
1998-02-09,18.8,25.5,12.5,0.0,0.0,13.0,-0.09999999999999787
1998-02-10,19.1,26.0,12.7,0.0,0.0,13.3,0.3000000000000007
1998-02-11,19.9,26.3,12.5,0.0,0.0,13.8,0.7999999999999972
1998-02-12,20.6,26.9,12.6,0.0,12.666666666666666,14.299999999999999,0.7000000000000028
1998-02-13,21.3,27.5,13.7,0.0,22.125,13.8,0.6999999999999993
1998-02-14,22.1,28.3,15.2,0.0,10.375,13.100000000000001,0.8000000000000007
1998-02-15,23.1,29.6,16.2,0.0,83.70833333333333,13.400000000000002,1.0
1998-02-16,24.5,30.5,19.0,0.0,50.958333333333336,11.5,1.3999999999999986
1998-02-17,25.0,31.3,19.6,0.008333333333333333,69.875,11.7,0.5
1998-02-18,24.2,29.4,19.9,0.012500000000000002,54.958333333333336,9.5,-0.8000000000000007
1998-02-19,23.7,28.1,19.7,0.0,35.083333333333336,8.400000000000002,-0.5
1998-02-20,23.5,28.3,19.0,0.008333333333333333,31.958333333333332,9.3,-0.1999999999999993
1998-02-21,23.2,28.0,18.3,0.0,21.541666666666668,9.7,-0.3000000000000007
1998-02-22,23.5,28.3,17.7,0.0,24.083333333333332,10.600000000000001,0.3000000000000007
1998-02-23,23.9,28.5,18.8,0.0,52.291666666666664,9.7,0.3999999999999986
1998-02-24,24.8,29.6,19.4,0.0,38.708333333333336,10.200000000000003,0.9000000000000021
1998-02-25,25.5,29.7,21.2,0.004166666666666667,55.75,8.5,0.6999999999999993
1998-02-26,24.1,28.9,21.4,0.2041666666666667,63.458333333333336,7.5,-1.3999999999999986
1998-02-27,24.2,29.2,19.0,0.0,6.791666666666667,10.2,0.09999999999999787
1998-02-28,23.8,29.3,18.4,0.0,11.208333333333334,10.900000000000002,-0.3999999999999986
1998-03-01,23.5,29.2,17.7,0.0,22.625,11.5,-0.3000000000000007
1998-03-02,22.4,28.4,15.0,0.0,7.291666666666667,13.399999999999999,-1.1000000000000014
1998-03-03,22.7,29.2,14.4,0.0,0.0,14.799999999999999,0.3000000000000007
1998-03-04,23.5,30.3,15.5,0.0,0.0,14.8,0.8000000000000007
1998-03-05,25.3,31.4,16.6,0.0,30.958333333333332,14.799999999999997,1.8000000000000007
1998-03-06,26.1,31.1,19.5,0.008333333333333333,58.166666666666664,11.600000000000001,0.8000000000000007
1998-03-07,23.9,28.9,19.2,0.3333333333333333,38.208333333333336,9.7,-2.200000000000003
1998-03-08,22.4,27.9,16.5,0.0,0.625,11.399999999999999,-1.5
1998-03-09,22.3,28.5,15.4,0.0,1.5833333333333333,13.1,-0.09999999999999787
1998-03-10,24.7,30.8,17.1,0.0,10.208333333333334,13.7,2.3999999999999986
1998-03-11,26.1,31.2,20.7,0.004166666666666667,53.291666666666664,10.5,1.4000000000000021
1998-03-12,25.5,32.3,22.4,0.6166666666666666,69.58333333333333,9.899999999999999,-0.6000000000000014
1998-03-13,23.8,28.1,21.9,1.05,79.75,6.200000000000003,-1.6999999999999993
1998-03-14,24.2,29.5,17.5,0.0,17.541666666666668,12.0,0.3999999999999986
1998-03-15,23.9,29.3,16.7,0.0,15.166666666666666,12.600000000000001,-0.3000000000000007
1998-03-16,23.9,29.9,16.6,0.0,31.375,13.299999999999997,0.0
1998-03-17,25.1,31.0,18.9,0.0,34.375,12.100000000000001,1.2000000000000028
1998-03-18,24.8,30.2,19.5,0.0,39.833333333333336,10.7,-0.3000000000000007
1998-03-19,25.2,30.8,19.2,0.0,6.041666666666667,11.600000000000001,0.3999999999999986
1998-03-20,26.3,32.0,19.3,0.0,1.3333333333333333,12.7,1.1000000000000014
1998-03-21,27.5,33.0,22.7,0.0,8.75,10.3,1.1999999999999993
1998-03-22,28.9,34.4,22.9,0.0,44.083333333333336,11.5,1.3999999999999986
1998-03-23,27.8,33.0,25.6,0.24583333333333335,42.375,7.399999999999999,-1.0999999999999979
1998-03-24,24.3,29.4,20.5,2.125,86.41666666666667,8.899999999999999,-3.5
1998-03-25,24.0,29.7,17.9,0.0,17.25,11.8,-0.3000000000000007
1998-03-26,24.5,30.1,17.3,0.0,0.08333333333333333,12.8,0.5
1998-03-27,24.8,29.8,20.4,0.0,15.541666666666666,9.400000000000002,0.3000000000000007
1998-03-28,25.4,30.1,21.2,0.0,16.666666666666668,8.900000000000002,0.5999999999999979
1998-03-29,24.9,30.5,20.8,0.48333333333333334,71.58333333333333,9.7,-0.5
1998-03-30,22.1,25.5,19.7,1.8,79.04166666666667,5.800000000000001,-2.799999999999997
1998-03-31,22.9,27.7,18.4,0.0,26.291666666666668,9.3,0.7999999999999972
1998-04-01,23.4,28.4,18.1,0.0,4.25,10.299999999999997,0.5
1998-04-02,24.5,29.9,18.7,0.0,6.333333333333333,11.2,1.1000000000000014
1998-04-03,25.2,30.9,18.8,0.0,3.6666666666666665,12.099999999999998,0.6999999999999993
1998-04-04,26.3,31.2,19.8,0.0,30.0,11.399999999999999,1.1000000000000014
1998-04-05,26.6,30.6,23.7,0.225,22.708333333333332,6.900000000000002,0.3000000000000007
1998-04-06,26.1,32.5,22.8,0.14583333333333334,19.25,9.7,-0.5
1998-04-07,27.1,33.0,23.5,0.05416666666666667,28.083333333333332,9.5,1.0
1998-04-08,27.9,32.3,25.0,0.0625,55.791666666666664,7.299999999999997,0.7999999999999972
1998-04-09,28.0,31.9,24.5,0.11249999999999999,49.833333333333336,7.399999999999999,0.10000000000000142
1998-04-10,29.3,34.1,25.5,0.0,15.083333333333334,8.600000000000001,1.3000000000000007
1998-04-11,30.3,36.1,25.7,0.0,5.75,10.400000000000002,1.0
1998-04-12,30.6,36.3,26.1,0.0,3.875,10.199999999999996,0.3000000000000007
1998-04-13,30.1,35.1,25.7,0.0,13.75,9.400000000000002,-0.5
1998-04-14,29.7,34.7,26.1,0.0625,26.541666666666668,8.600000000000001,-0.40000000000000213
1998-04-15,29.9,35.1,26.2,0.10416666666666667,63.333333333333336,8.900000000000002,0.1999999999999993
1998-04-16,28.8,33.1,23.9,0.0,61.25,9.200000000000003,-1.0999999999999979
1998-04-17,28.9,33.9,23.8,0.0,38.125,10.099999999999998,0.09999999999999787
1998-04-18,29.3,34.8,24.8,0.03333333333333333,40.083333333333336,9.999999999999996,0.40000000000000213
1998-04-19,29.9,35.3,26.3,0.012499999999999999,25.25,8.999999999999996,0.5999999999999979
1998-04-20,30.0,34.7,27.0,0.004166666666666667,42.208333333333336,7.700000000000003,0.10000000000000142
1998-04-21,30.5,34.7,27.8,0.020833333333333332,55.875,6.900000000000002,0.5
1998-04-22,29.0,35.3,23.6,0.6375000000000001,52.416666666666664,11.699999999999996,-1.5
1998-04-23,27.1,34.2,23.3,0.5166666666666667,53.416666666666664,10.900000000000002,-1.8999999999999986
1998-04-24,26.2,31.9,24.3,1.0333333333333334,54.875,7.599999999999998,-0.9000000000000021
1998-04-25,27.4,31.5,24.1,0.08750000000000001,65.04166666666667,7.399999999999999,1.1999999999999993
1998-04-26,28.2,32.4,24.3,0.2708333333333333,39.958333333333336,8.099999999999998,0.8000000000000007
1998-04-27,28.9,33.4,25.7,0.05416666666666667,62.125,7.699999999999999,0.6999999999999993
1998-04-28,29.5,33.3,26.2,0.024999999999999998,91.08333333333333,7.099999999999998,0.6000000000000014
1998-04-29,29.5,34.6,26.2,0.05833333333333333,24.291666666666668,8.400000000000002,0.0
1998-04-30,30.1,34.9,26.0,0.024999999999999998,20.0,8.899999999999999,0.6000000000000014
1998-05-01,29.5,35.5,27.1,0.07083333333333335,40.041666666666664,8.399999999999999,-0.6000000000000014
1998-05-02,30.3,34.7,27.2,0.0,52.25,7.5000000000000036,0.8000000000000007
1998-05-03,28.7,31.7,26.9,0.12083333333333333,96.16666666666667,4.800000000000001,-1.6000000000000014
1998-05-04,28.2,32.0,25.8,1.2708333333333333,72.29166666666667,6.199999999999999,-0.5
1998-05-05,26.6,29.2,23.1,1.5041666666666667,99.875,6.099999999999998,-1.5999999999999979
1998-05-06,26.0,30.5,22.9,0.5375,97.33333333333333,7.600000000000001,-0.6000000000000014
1998-05-07,27.6,31.7,23.8,0.5458333333333333,60.75,7.899999999999999,1.6000000000000014
1998-05-08,29.6,32.9,27.0,0.03333333333333333,74.95833333333333,5.899999999999999,2.0
1998-05-09,30.3,34.7,26.5,0.0,26.416666666666668,8.200000000000003,0.6999999999999993
1998-05-10,28.1,34.5,25.5,0.275,92.33333333333333,9.0,-2.1999999999999993
1998-05-11,27.8,30.9,24.7,0.004166666666666667,40.791666666666664,6.199999999999999,-0.3000000000000007
1998-05-12,29.4,33.7,24.8,0.004166666666666667,13.75,8.900000000000002,1.5999999999999979
1998-05-13,29.8,34.1,25.0,0.0,8.0,9.100000000000001,0.40000000000000213
1998-05-14,30.4,35.1,26.1,0.0,10.291666666666666,9.0,0.5999999999999979
1998-05-15,30.6,34.9,27.1,0.0,23.0,7.799999999999997,0.20000000000000284
1998-05-16,29.6,33.2,26.4,0.0625,26.25,6.800000000000004,-1.0
1998-05-17,28.7,32.9,25.5,0.7458333333333332,39.958333333333336,7.399999999999999,-0.9000000000000021
1998-05-18,27.9,32.6,25.5,0.17083333333333336,47.583333333333336,7.100000000000001,-0.8000000000000007
1998-05-19,27.5,31.2,25.5,0.46666666666666673,96.70833333333333,5.699999999999999,-0.3999999999999986
1998-05-20,31.5,35.4,26.5,0.0,98.83333333333333,8.899999999999999,4.0
1998-05-21,32.1,36.0,29.0,0.0,86.58333333333333,7.0,0.6000000000000014
1998-05-22,31.8,35.7,29.5,0.0,60.583333333333336,6.200000000000003,-0.3000000000000007
1998-05-23,31.6,35.2,29.5,0.0,57.125,5.700000000000003,-0.1999999999999993
1998-05-24,31.3,34.6,28.9,0.0375,80.875,5.700000000000003,-0.3000000000000007
1998-05-25,30.5,33.2,28.4,0.14166666666666666,98.0,4.800000000000004,-0.8000000000000007
1998-05-26,30.7,33.6,28.6,0.041666666666666664,98.25,5.0,0.1999999999999993
1998-05-27,30.9,35.3,28.6,0.004166666666666667,85.91666666666667,6.699999999999996,0.1999999999999993
1998-05-28,31.8,36.1,28.7,0.025000000000000005,53.375,7.400000000000002,0.9000000000000021
1998-05-29,32.2,36.4,29.1,0.0,58.791666666666664,7.299999999999997,0.40000000000000213
1998-05-30,32.8,38.1,29.2,0.0,15.083333333333334,8.900000000000002,0.5999999999999943
1998-05-31,32.1,36.5,28.9,0.0,55.75,7.600000000000001,-0.6999999999999957
1998-06-01,32.1,36.6,29.1,0.0,23.958333333333332,7.5,0.0
1998-06-02,32.2,36.4,29.2,0.0,26.625,7.199999999999999,0.10000000000000142
1998-06-03,32.5,36.7,29.7,0.0,41.416666666666664,7.0000000000000036,0.29999999999999716
1998-06-04,32.5,36.9,29.6,0.0,41.166666666666664,7.299999999999997,0.0
1998-06-05,32.5,36.5,29.7,0.0,54.916666666666664,6.800000000000001,0.0
1998-06-06,32.8,37.0,29.9,0.0,62.666666666666664,7.100000000000001,0.29999999999999716
1998-06-07,33.2,37.3,30.3,0.0,80.5,6.9999999999999964,0.4000000000000057
1998-06-08,34.1,38.8,30.8,0.0,51.916666666666664,7.9999999999999964,0.8999999999999986
1998-06-09,35.1,40.2,31.3,0.075,98.45833333333333,8.900000000000002,1.0
1998-06-10,34.3,39.6,29.9,0.008333333333333333,87.08333333333333,9.700000000000003,-0.8000000000000043
1998-06-11,32.3,35.9,29.4,0.0,93.29166666666667,6.5,-2.0
1998-06-12,30.8,34.5,27.9,0.2041666666666667,99.625,6.600000000000001,-1.4999999999999964
1998-06-13,29.4,33.9,27.4,0.22916666666666666,96.125,6.5,-1.4000000000000021
1998-06-14,28.4,31.0,27.0,0.3458333333333334,94.75,4.0,-1.0
1998-06-15,28.8,31.7,27.0,0.20833333333333334,92.0,4.699999999999999,0.40000000000000213
1998-06-16,29.9,33.3,27.2,0.12083333333333335,82.16666666666667,6.099999999999998,1.0999999999999979
1998-06-17,31.0,34.4,27.9,0.008333333333333333,60.708333333333336,6.5,1.1000000000000014
1998-06-18,30.7,34.2,28.6,0.049999999999999996,91.04166666666667,5.600000000000001,-0.3000000000000007
1998-06-19,30.2,33.4,27.2,0.2833333333333333,91.83333333333333,6.199999999999999,-0.5
1998-06-20,29.5,32.9,26.8,1.0458333333333334,94.70833333333333,6.099999999999998,-0.6999999999999993
1998-06-21,28.3,30.8,26.7,0.25833333333333336,97.45833333333333,4.100000000000001,-1.1999999999999993
1998-06-22,28.4,31.4,26.7,0.6666666666666666,99.95833333333333,4.699999999999999,0.09999999999999787
1998-06-23,28.5,32.8,26.7,0.375,98.79166666666667,6.099999999999998,0.10000000000000142
1998-06-24,28.7,32.0,26.3,0.7166666666666667,98.16666666666667,5.699999999999999,0.1999999999999993
1998-06-25,28.4,30.8,26.5,0.3458333333333334,99.33333333333333,4.300000000000001,-0.3000000000000007
1998-06-26,28.3,31.5,26.7,0.39999999999999997,97.79166666666667,4.800000000000001,-0.09999999999999787
1998-06-27,28.3,31.1,26.5,0.7999999999999999,98.70833333333333,4.600000000000001,0.0
1998-06-28,28.5,30.9,26.1,0.2833333333333333,99.91666666666667,4.799999999999997,0.1999999999999993
1998-06-29,28.5,31.1,26.6,0.1875,99.5,4.5,0.0
1998-06-30,29.0,31.7,26.9,0.08750000000000001,99.95833333333333,4.800000000000001,0.5
1998-07-01,28.7,32.1,26.6,0.46249999999999997,99.54166666666667,5.5,-0.3000000000000007
1998-07-02,28.5,31.5,26.6,0.17916666666666667,97.375,4.899999999999999,-0.1999999999999993
1998-07-03,28.4,31.3,26.6,0.23750000000000002,98.29166666666667,4.699999999999999,-0.10000000000000142
1998-07-04,27.7,30.7,26.7,1.2166666666666666,99.79166666666667,4.0,-0.6999999999999993
1998-07-05,28.6,30.9,27.0,0.07916666666666668,98.95833333333333,3.8999999999999986,0.9000000000000021
1998-07-06,29.2,32.2,27.3,0.07083333333333333,96.58333333333333,4.900000000000002,0.5999999999999979
1998-07-07,28.5,31.1,26.8,0.029166666666666664,98.375,4.300000000000001,-0.6999999999999993
1998-07-08,27.8,31.1,26.1,0.3958333333333333,85.54166666666667,5.0,-0.6999999999999993
1998-07-09,28.6,31.4,26.2,0.2916666666666667,88.95833333333333,5.199999999999999,0.8000000000000007
1998-07-10,28.1,30.8,26.0,0.34583333333333327,96.375,4.800000000000001,-0.5
1998-07-11,27.7,30.5,25.9,0.4375,99.91666666666667,4.600000000000001,-0.40000000000000213
1998-07-12,27.7,29.8,25.8,0.25,99.95833333333333,4.0,0.0
1998-07-13,28.0,32.2,26.7,0.6625,100.0,5.5000000000000036,0.3000000000000007
1998-07-14,28.9,32.8,26.9,0.43333333333333335,100.0,5.899999999999999,0.8999999999999986
1998-07-15,28.7,31.8,27.2,0.39166666666666666,99.875,4.600000000000001,-0.1999999999999993
1998-07-16,29.1,33.2,27.2,0.19166666666666665,99.29166666666667,6.0000000000000036,0.40000000000000213
1998-07-17,27.7,30.9,26.3,1.3625,99.45833333333333,4.599999999999998,-1.4000000000000021
1998-07-18,27.4,29.9,26.6,0.5708333333333333,97.91666666666667,3.299999999999997,-0.3000000000000007
1998-07-19,28.5,32.0,26.6,0.39999999999999997,76.83333333333333,5.399999999999999,1.1000000000000014
1998-07-20,29.0,32.6,27.0,0.24583333333333332,56.375,5.600000000000001,0.5
1998-07-21,29.7,33.3,27.6,0.25833333333333336,62.875,5.699999999999996,0.6999999999999993
1998-07-22,29.7,32.5,27.8,0.425,64.25,4.699999999999999,0.0
1998-07-23,28.4,31.8,26.7,0.6166666666666667,93.25,5.100000000000001,-1.3000000000000007
1998-07-24,29.3,32.7,27.0,0.26666666666666666,94.125,5.700000000000003,0.9000000000000021
1998-07-25,29.6,33.5,27.2,0.20833333333333334,94.66666666666667,6.300000000000001,0.3000000000000007
1998-07-26,29.6,33.1,27.1,0.09999999999999999,89.66666666666667,6.0,0.0
1998-07-27,29.1,32.8,26.7,0.26666666666666666,98.20833333333333,6.099999999999998,-0.5
1998-07-28,28.1,31.2,26.1,0.3541666666666667,95.83333333333333,5.099999999999998,-1.0
1998-07-29,28.2,31.5,26.0,0.14166666666666666,98.375,5.5,0.09999999999999787
1998-07-30,28.6,31.2,26.1,0.12916666666666668,93.70833333333333,5.099999999999998,0.40000000000000213
1998-07-31,28.8,31.9,26.4,0.10416666666666667,98.29166666666667,5.5,0.1999999999999993
1998-08-01,28.7,31.7,26.0,0.1416666666666667,98.04166666666667,5.699999999999999,-0.10000000000000142
1998-08-02,28.6,30.9,26.5,0.08750000000000001,97.54166666666667,4.399999999999999,-0.09999999999999787
1998-08-03,28.7,31.9,26.8,0.3458333333333334,98.33333333333333,5.099999999999998,0.09999999999999787
1998-08-04,28.4,32.3,26.4,0.5041666666666667,99.66666666666667,5.899999999999999,-0.3000000000000007
1998-08-05,27.9,30.5,25.8,1.0208333333333333,99.75,4.699999999999999,-0.5
1998-08-06,28.0,30.6,26.2,0.19999999999999998,99.45833333333333,4.400000000000002,0.10000000000000142
1998-08-07,27.8,31.2,26.1,0.2708333333333333,97.5,5.099999999999998,-0.1999999999999993
1998-08-08,28.5,32.2,26.1,0.19999999999999998,99.375,6.100000000000001,0.6999999999999993
1998-08-09,28.6,31.7,26.2,0.11666666666666668,98.08333333333333,5.5,0.10000000000000142
1998-08-10,28.2,31.7,26.3,0.24583333333333332,98.04166666666667,5.399999999999999,-0.40000000000000213
1998-08-11,27.9,30.2,26.1,0.5416666666666666,99.625,4.099999999999998,-0.3000000000000007
1998-08-12,28.0,31.0,26.4,0.4041666666666666,99.29166666666667,4.600000000000001,0.10000000000000142
1998-08-13,26.8,27.7,26.3,1.0208333333333333,99.91666666666667,1.3999999999999986,-1.1999999999999993
1998-08-14,27.8,31.0,26.3,0.48750000000000004,97.95833333333333,4.699999999999999,1.0
1998-08-15,27.5,29.9,26.0,0.6791666666666667,95.16666666666667,3.8999999999999986,-0.3000000000000007
1998-08-16,28.5,31.5,26.2,0.14583333333333334,96.16666666666667,5.300000000000001,1.0
1998-08-17,27.7,31.4,25.3,1.0416666666666667,99.875,6.099999999999998,-0.8000000000000007
1998-08-18,26.2,28.7,25.3,1.7125000000000001,98.54166666666667,3.3999999999999986,-1.5
1998-08-19,27.8,30.8,25.6,0.39999999999999997,99.54166666666667,5.199999999999999,1.6000000000000014
1998-08-20,28.6,31.4,26.0,0.1875,97.75,5.399999999999999,0.8000000000000007
1998-08-21,29.0,32.6,25.7,0.02916666666666667,91.79166666666667,6.900000000000002,0.3999999999999986
1998-08-22,28.8,32.6,26.2,0.024999999999999998,97.875,6.400000000000002,-0.1999999999999993
1998-08-23,28.1,32.0,26.0,0.35833333333333334,91.375,6.0,-0.6999999999999993
1998-08-24,27.2,30.6,25.8,0.6125,96.95833333333333,4.800000000000001,-0.9000000000000021
1998-08-25,27.7,30.9,25.8,0.3416666666666666,97.95833333333333,5.099999999999998,0.5
1998-08-26,27.0,30.1,25.1,0.4375,97.375,5.0,-0.6999999999999993
1998-08-27,26.7,28.2,25.3,0.36250000000000004,96.66666666666667,2.8999999999999986,-0.3000000000000007
1998-08-28,27.7,30.6,26.0,0.3541666666666667,91.875,4.600000000000001,1.0
1998-08-29,28.1,30.3,26.5,0.125,98.20833333333333,3.8000000000000007,0.40000000000000213
1998-08-30,28.0,30.8,25.7,0.23333333333333336,97.79166666666667,5.100000000000001,-0.10000000000000142
1998-08-31,27.6,30.8,25.6,0.32083333333333336,99.20833333333333,5.199999999999999,-0.3999999999999986
1998-09-01,27.7,30.6,25.9,0.39166666666666666,99.20833333333333,4.700000000000003,0.09999999999999787
1998-09-02,28.1,30.6,26.0,0.12083333333333333,97.83333333333333,4.600000000000001,0.40000000000000213
1998-09-03,28.0,30.4,26.2,0.19999999999999998,94.875,4.199999999999999,-0.10000000000000142
1998-09-04,28.0,31.3,26.0,0.1625,82.16666666666667,5.300000000000001,0.0
1998-09-05,27.8,31.3,25.7,0.35000000000000003,97.29166666666667,5.600000000000001,-0.1999999999999993
1998-09-06,26.6,30.5,25.2,1.1083333333333332,100.0,5.300000000000001,-1.1999999999999993
1998-09-07,26.7,30.5,24.7,0.7041666666666666,99.16666666666667,5.800000000000001,0.09999999999999787
1998-09-08,25.5,26.6,24.7,0.5083333333333333,99.875,1.9000000000000021,-1.1999999999999993
1998-09-09,26.0,27.4,24.6,0.8624999999999999,99.95833333333333,2.799999999999997,0.5
1998-09-10,25.5,26.8,24.5,1.6458333333333333,98.66666666666667,2.3000000000000007,-0.5
1998-09-11,25.2,26.1,24.3,1.5708333333333335,99.79166666666667,1.8000000000000007,-0.3000000000000007
1998-09-12,25.1,25.9,24.0,1.5041666666666667,99.625,1.8999999999999986,-0.09999999999999787
1998-09-13,25.6,28.9,24.2,1.0374999999999999,90.54166666666667,4.699999999999999,0.5
1998-09-14,26.7,30.2,24.7,0.16666666666666666,55.041666666666664,5.5,1.0999999999999979
1998-09-15,27.7,31.3,24.9,0.0375,51.666666666666664,6.400000000000002,1.0
1998-09-16,28.3,31.9,25.1,0.025000000000000005,77.08333333333333,6.799999999999997,0.6000000000000014
1998-09-17,28.1,31.5,25.2,0.020833333333333332,98.20833333333333,6.300000000000001,-0.1999999999999993
1998-09-18,28.5,32.2,25.1,0.024999999999999998,80.79166666666667,7.100000000000001,0.3999999999999986
1998-09-19,28.2,32.1,25.8,0.18333333333333332,55.875,6.300000000000001,-0.3000000000000007
1998-09-20,27.9,32.0,25.7,0.21250000000000002,97.08333333333333,6.300000000000001,-0.3000000000000007
1998-09-21,27.6,30.4,25.5,0.16666666666666666,88.29166666666667,4.899999999999999,-0.29999999999999716
1998-09-22,27.9,31.9,25.4,0.10833333333333334,62.458333333333336,6.5,0.29999999999999716
1998-09-23,28.1,31.7,25.8,0.125,66.625,5.899999999999999,0.20000000000000284
1998-09-24,28.3,32.1,25.9,0.05416666666666667,50.583333333333336,6.200000000000003,0.1999999999999993
1998-09-25,28.9,32.4,25.4,0.012500000000000002,28.708333333333332,7.0,0.5999999999999979
1998-09-26,29.5,33.4,25.3,0.0,36.708333333333336,8.099999999999998,0.6000000000000014
1998-09-27,29.7,33.7,25.7,0.1875,91.70833333333333,8.000000000000004,0.1999999999999993
1998-09-28,26.9,31.0,25.2,0.49166666666666664,98.20833333333333,5.800000000000001,-2.8000000000000007
1998-09-29,28.2,31.6,25.2,0.06666666666666667,79.33333333333333,6.400000000000002,1.3000000000000007
1998-09-30,27.8,31.8,25.6,0.2333333333333333,85.54166666666667,6.199999999999999,-0.3999999999999986
1998-10-01,28.0,32.0,25.3,0.12916666666666668,78.66666666666667,6.699999999999999,0.1999999999999993
1998-10-02,27.5,32.1,25.1,0.08333333333333333,52.75,7.0,-0.5
1998-10-03,27.6,31.5,25.2,0.2333333333333333,77.29166666666667,6.300000000000001,0.10000000000000142
1998-10-04,27.3,31.1,25.0,0.125,39.166666666666664,6.100000000000001,-0.3000000000000007
1998-10-05,28.3,31.9,25.0,0.012500000000000002,17.041666666666668,6.899999999999999,1.0
1998-10-06,28.9,32.4,25.3,0.008333333333333333,9.083333333333334,7.099999999999998,0.5999999999999979
1998-10-07,28.5,32.7,25.3,0.0625,25.166666666666668,7.400000000000002,-0.3999999999999986
1998-10-08,28.9,32.7,25.1,0.05416666666666667,15.0,7.600000000000001,0.3999999999999986
1998-10-09,29.0,32.5,25.9,0.016666666666666666,18.541666666666668,6.600000000000001,0.10000000000000142
1998-10-10,29.1,32.7,26.4,0.012500000000000002,12.458333333333334,6.300000000000004,0.10000000000000142
1998-10-11,29.2,32.6,26.7,0.029166666666666664,19.083333333333332,5.900000000000002,0.09999999999999787
1998-10-12,29.1,33.0,26.3,0.049999999999999996,18.333333333333332,6.699999999999999,-0.09999999999999787
1998-10-13,28.1,32.4,25.0,0.1125,24.833333333333332,7.399999999999999,-1.0
1998-10-14,27.1,31.0,25.0,0.22916666666666666,56.875,6.0,-1.0
1998-10-15,26.0,28.4,24.9,0.39999999999999997,86.41666666666667,3.5,-1.1000000000000014
1998-10-16,26.7,29.7,24.8,0.24583333333333335,92.625,4.899999999999999,0.6999999999999993
1998-10-17,27.2,30.6,25.3,0.22916666666666666,97.83333333333333,5.300000000000001,0.5
1998-10-18,27.4,30.9,25.3,0.049999999999999996,73.66666666666667,5.599999999999998,0.1999999999999993
1998-10-19,27.1,31.0,25.3,0.26666666666666666,78.83333333333333,5.699999999999999,-0.29999999999999716
1998-10-20,26.1,28.5,25.1,0.25416666666666665,99.33333333333333,3.3999999999999986,-1.0
1998-10-21,27.2,30.8,24.6,0.008333333333333333,58.291666666666664,6.199999999999999,1.0999999999999979
1998-10-22,26.7,29.9,24.5,0.041666666666666664,47.125,5.399999999999999,-0.5
1998-10-23,26.6,30.0,23.3,0.0375,19.375,6.699999999999999,-0.09999999999999787
1998-10-24,27.1,30.8,23.2,0.008333333333333333,16.625,7.600000000000001,0.5
1998-10-25,27.1,30.6,23.9,0.05000000000000001,37.708333333333336,6.700000000000003,0.0
1998-10-26,27.1,30.9,23.7,0.008333333333333333,15.375,7.199999999999999,0.0
1998-10-27,26.3,31.0,21.9,0.0,15.833333333333334,9.100000000000001,-0.8000000000000007
1998-10-28,25.1,30.2,21.2,0.0,14.208333333333334,9.0,-1.1999999999999993
1998-10-29,25.0,29.0,21.0,0.075,82.125,8.0,-0.10000000000000142
1998-10-30,25.1,28.2,22.6,0.07083333333333333,69.41666666666667,5.599999999999998,0.10000000000000142
1998-10-31,25.8,29.4,22.9,0.1625,66.08333333333333,6.5,0.6999999999999993
1998-11-01,26.0,29.9,22.4,0.0,39.083333333333336,7.5,0.1999999999999993
1998-11-02,25.5,29.9,21.9,0.0,9.0,8.0,-0.5
1998-11-03,24.9,30.1,20.2,0.0,1.7083333333333333,9.900000000000002,-0.6000000000000014
1998-11-04,25.2,29.7,20.0,0.0,8.5,9.7,0.3000000000000007
1998-11-05,25.9,30.2,20.6,0.0,4.333333333333333,9.599999999999998,0.6999999999999993
1998-11-06,26.3,30.8,21.0,0.0,3.7916666666666665,9.8,0.40000000000000213
1998-11-07,25.6,30.5,21.0,0.0,2.25,9.5,-0.6999999999999993
1998-11-08,25.7,30.5,22.0,0.0,5.75,8.5,0.09999999999999787
1998-11-09,26.3,30.4,23.0,0.0,31.666666666666668,7.399999999999999,0.6000000000000014
1998-11-10,25.2,30.1,21.7,0.13333333333333333,44.083333333333336,8.400000000000002,-1.1000000000000014
1998-11-11,24.0,27.6,21.4,0.0625,26.666666666666668,6.200000000000003,-1.1999999999999993
1998-11-12,25.1,29.8,20.6,0.008333333333333333,9.833333333333334,9.2,1.1000000000000014
1998-11-13,23.9,29.5,19.3,0.0,3.2916666666666665,10.2,-1.2000000000000028
1998-11-14,24.8,29.7,19.1,0.0,62.5,10.599999999999998,0.9000000000000021
1998-11-15,25.8,30.0,22.3,0.004166666666666667,96.04166666666667,7.699999999999999,1.0
1998-11-16,24.8,28.9,22.6,0.33749999999999997,69.04166666666667,6.299999999999997,-1.0
1998-11-17,25.4,29.6,22.1,0.024999999999999998,47.916666666666664,7.5,0.5999999999999979
1998-11-18,25.6,29.8,22.2,0.020833333333333332,31.708333333333332,7.600000000000001,0.20000000000000284
1998-11-19,26.1,30.2,22.4,0.004166666666666667,38.958333333333336,7.800000000000001,0.5
1998-11-20,24.9,27.6,22.9,0.0,97.625,4.700000000000003,-1.2000000000000028
1998-11-21,24.1,27.3,22.5,0.6875,99.45833333333333,4.800000000000001,-0.7999999999999972
1998-11-22,22.8,23.9,21.5,1.2916666666666667,97.29166666666667,2.3999999999999986,-1.3000000000000007
1998-11-23,23.5,26.9,20.1,0.0,50.708333333333336,6.799999999999997,0.6999999999999993
1998-11-24,22.9,28.1,18.7,0.0,5.375,9.400000000000002,-0.6000000000000014
1998-11-25,21.0,26.9,16.0,0.0,0.0,10.899999999999999,-1.8999999999999986
1998-11-26,19.8,25.8,15.2,0.0,1.2083333333333333,10.600000000000001,-1.1999999999999993
1998-11-27,20.0,25.9,15.0,0.0,0.2916666666666667,10.899999999999999,0.1999999999999993
1998-11-28,20.5,26.8,15.5,0.0,0.0,11.3,0.5
1998-11-29,20.2,26.6,15.2,0.0,0.041666666666666664,11.400000000000002,-0.3000000000000007
1998-11-30,20.2,26.6,14.9,0.0,0.0,11.700000000000001,0.0
1998-12-01,20.4,26.3,14.6,0.0,0.0,11.700000000000001,0.1999999999999993
1998-12-02,19.9,26.6,14.6,0.0,0.0,12.000000000000002,-0.5
1998-12-03,19.6,26.5,13.6,0.0,0.0,12.9,-0.29999999999999716
1998-12-04,18.5,25.5,12.9,0.0,0.0,12.6,-1.1000000000000014
1998-12-05,19.4,25.6,12.3,0.0,0.0,13.3,0.8999999999999986
1998-12-06,19.7,26.5,13.8,0.0,7.458333333333333,12.7,0.3000000000000007
1998-12-07,20.2,26.6,13.9,0.0,22.291666666666668,12.700000000000001,0.5
1998-12-08,21.6,26.8,15.0,0.0,30.25,11.8,1.4000000000000021
1998-12-09,21.9,26.9,17.5,0.0,38.166666666666664,9.399999999999999,0.29999999999999716
1998-12-10,22.0,26.7,17.9,0.0,42.625,8.8,0.10000000000000142
1998-12-11,20.5,26.2,15.4,0.0,14.25,10.799999999999999,-1.5
1998-12-12,20.4,26.1,14.8,0.0,20.0,11.3,-0.10000000000000142
1998-12-13,20.3,26.5,15.4,0.0,3.125,11.1,-0.09999999999999787
1998-12-14,20.7,27.3,15.0,0.0,27.291666666666668,12.3,0.3999999999999986
1998-12-15,20.5,27.7,14.9,0.0,18.5,12.799999999999999,-0.1999999999999993
1998-12-16,20.1,27.4,13.8,0.0,34.458333333333336,13.599999999999998,-0.3999999999999986
1998-12-17,19.4,26.7,13.1,0.0,0.0,13.6,-0.7000000000000028
1998-12-18,19.0,25.8,12.8,0.0,0.0,13.0,-0.3999999999999986
1998-12-19,19.1,25.6,12.6,0.0,0.0,13.000000000000002,0.10000000000000142
1998-12-20,19.0,26.1,13.2,0.0,0.0,12.900000000000002,-0.10000000000000142
1998-12-21,18.6,26.2,12.6,0.0,0.0,13.6,-0.3999999999999986
1998-12-22,19.7,26.6,13.6,0.0,0.0,13.000000000000002,1.0999999999999979
1998-12-23,19.3,26.3,13.3,0.0,0.3333333333333333,13.0,-0.3999999999999986
1998-12-24,18.8,25.5,12.7,0.0,0.0,12.8,-0.5
1998-12-25,18.9,25.5,12.9,0.0,0.0,12.6,0.09999999999999787
1998-12-26,18.8,25.7,13.2,0.0,0.0,12.5,-0.09999999999999787
1998-12-27,18.0,24.9,12.2,0.0,0.0,12.7,-0.8000000000000007
1998-12-28,17.8,24.7,11.6,0.0,3.3333333333333335,13.1,-0.1999999999999993
1998-12-29,17.6,24.4,11.6,0.0,0.125,12.799999999999999,-0.1999999999999993
1998-12-30,17.5,24.2,11.4,0.0,0.0,12.799999999999999,-0.10000000000000142
1998-12-31,17.7,24.4,11.1,0.0,0.0,13.299999999999999,0.1999999999999993
1999-01-01,17.6,24.2,11.9,0.0,0.0,12.299999999999999,-0.09999999999999787
1999-01-02,17.6,24.1,12.0,0.0,0.0,12.100000000000001,0.0
1999-01-03,18.0,25.1,12.1,0.0,0.0,13.000000000000002,0.3999999999999986
1999-01-04,19.1,25.3,12.1,0.0,6.458333333333333,13.200000000000001,1.1000000000000014
1999-01-05,19.4,25.8,13.7,0.0,48.916666666666664,12.100000000000001,0.29999999999999716
1999-01-06,19.8,25.0,15.2,0.0,88.875,9.8,0.40000000000000213
1999-01-07,20.0,25.9,14.7,0.0,86.875,11.2,0.1999999999999993
1999-01-08,20.4,26.6,13.8,0.0,2.9583333333333335,12.8,0.3999999999999986
1999-01-09,19.5,24.3,14.4,0.0,45.625,9.9,-0.8999999999999986
1999-01-10,17.3,22.7,12.2,0.0,6.25,10.5,-2.1999999999999993
1999-01-11,16.0,22.0,10.9,0.0,11.75,11.1,-1.3000000000000007
1999-01-12,16.5,22.9,10.3,0.0,4.583333333333333,12.599999999999998,0.5
1999-01-13,17.3,24.0,10.5,0.0,0.0,13.5,0.8000000000000007
1999-01-14,17.0,23.8,11.4,0.0,0.0,12.4,-0.3000000000000007
1999-01-15,17.2,24.1,10.6,0.0,0.0,13.500000000000002,0.1999999999999993
1999-01-16,17.4,24.2,11.2,0.0,0.0,13.0,0.1999999999999993
1999-01-17,16.9,24.0,10.8,0.0,0.0,13.2,-0.5
1999-01-18,16.4,23.7,10.4,0.0,0.0,13.299999999999999,-0.5
1999-01-19,16.5,23.7,9.9,0.0,0.0,13.799999999999999,0.10000000000000142
1999-01-20,16.9,24.2,9.8,0.0,0.0,14.399999999999999,0.3999999999999986
1999-01-21,17.8,25.9,10.5,0.0,0.0,15.399999999999999,0.9000000000000021
1999-01-22,18.2,26.2,10.2,0.0,0.0,16.0,0.3999999999999986
1999-01-23,19.8,27.7,11.2,0.0,6.916666666666667,16.5,1.6000000000000014
1999-01-24,21.5,29.4,13.8,0.0,24.166666666666668,15.599999999999998,1.6999999999999993
1999-01-25,21.7,29.1,14.4,0.0,9.875,14.700000000000001,0.1999999999999993
1999-01-26,19.9,26.9,13.1,0.0,18.625,13.799999999999999,-1.8000000000000007
1999-01-27,18.3,25.4,12.2,0.0,3.0416666666666665,13.2,-1.5999999999999979
1999-01-28,19.4,26.4,11.8,0.0,0.0,14.599999999999998,1.0999999999999979
1999-01-29,20.9,28.1,15.2,0.0,0.08333333333333333,12.900000000000002,1.5
1999-01-30,20.2,26.7,14.1,0.0,0.0,12.6,-0.6999999999999993
1999-01-31,19.5,26.2,13.4,0.0,0.0,12.799999999999999,-0.6999999999999993
1999-02-01,19.5,26.7,13.2,0.0,0.0,13.5,0.0
1999-02-02,20.1,27.8,12.7,0.0,11.833333333333334,15.100000000000001,0.6000000000000014
1999-02-03,21.7,28.7,15.8,0.0,6.958333333333333,12.899999999999999,1.5999999999999979
1999-02-04,22.0,29.2,15.9,0.0,0.5416666666666666,13.299999999999999,0.3000000000000007
1999-02-05,22.0,29.1,16.1,0.0,0.16666666666666666,13.0,0.0
1999-02-06,21.7,28.7,15.8,0.0,0.0,12.899999999999999,-0.3000000000000007
1999-02-07,20.6,27.8,13.7,0.0,0.0,14.100000000000001,-1.0999999999999979
1999-02-08,20.2,28.0,12.7,0.0,2.875,15.3,-0.40000000000000213
1999-02-09,22.2,28.6,13.2,0.0,72.04166666666667,15.400000000000002,2.0
1999-02-10,22.5,28.6,16.4,0.0,33.583333333333336,12.200000000000003,0.3000000000000007
1999-02-11,23.1,30.4,16.2,0.0,0.2916666666666667,14.2,0.6000000000000014
1999-02-12,24.0,31.3,17.2,0.0,0.0,14.100000000000001,0.8999999999999986
1999-02-13,24.4,30.9,17.6,0.0,0.0,13.299999999999997,0.3999999999999986
1999-02-14,24.4,30.5,16.7,0.0,0.0,13.8,0.0
1999-02-15,23.9,30.6,16.1,0.0,1.2916666666666667,14.5,-0.5
1999-02-16,23.5,30.7,16.4,0.0,0.625,14.3,-0.3999999999999986
1999-02-17,24.0,31.3,15.8,0.0,0.0,15.5,0.5
1999-02-18,24.2,31.3,16.9,0.0,0.0,14.400000000000002,0.1999999999999993
1999-02-19,24.7,31.9,16.6,0.0,37.5,15.299999999999997,0.5
1999-02-20,25.7,31.8,18.6,0.0,90.45833333333333,13.2,1.0
1999-02-21,25.4,31.7,18.4,0.0,30.791666666666668,13.3,-0.3000000000000007
1999-02-22,24.7,31.4,17.8,0.0,1.875,13.599999999999998,-0.6999999999999993
1999-02-23,25.1,31.9,18.0,0.0,10.916666666666666,13.899999999999999,0.40000000000000213
1999-02-24,25.7,32.3,18.8,0.0,16.333333333333332,13.499999999999996,0.5999999999999979
1999-02-25,26.6,33.4,20.5,0.0,5.0,12.899999999999999,0.9000000000000021
1999-02-26,27.4,33.8,21.0,0.0,10.666666666666666,12.799999999999997,0.7999999999999972
1999-02-27,26.9,32.9,20.7,0.0,1.375,12.2,-0.5
1999-02-28,26.0,32.1,19.3,0.0,6.916666666666667,12.8,-0.8999999999999986
1999-03-01,25.7,31.3,19.2,0.0,4.041666666666667,12.100000000000001,-0.3000000000000007
1999-03-02,24.4,30.6,17.9,0.0,0.16666666666666666,12.700000000000003,-1.3000000000000007
1999-03-03,24.9,31.3,16.9,0.0,0.0,14.400000000000002,0.5
1999-03-04,25.0,32.2,16.4,0.0,0.0,15.800000000000004,0.10000000000000142
1999-03-05,26.0,33.2,18.5,0.0,0.08333333333333333,14.700000000000003,1.0
1999-03-06,27.0,34.1,20.3,0.0,2.625,13.8,1.0
1999-03-07,27.4,35.0,20.2,0.0,0.0,14.8,0.3999999999999986
1999-03-08,28.5,36.1,19.8,0.0,0.0,16.3,1.1000000000000014
1999-03-09,29.6,37.1,21.9,0.0,0.08333333333333333,15.200000000000003,1.1000000000000014
1999-03-10,29.7,36.5,22.9,0.0,0.2916666666666667,13.600000000000001,0.09999999999999787
1999-03-11,29.5,36.5,23.3,0.0,11.583333333333334,13.2,-0.1999999999999993
1999-03-12,29.3,35.1,24.4,0.0,4.291666666666667,10.700000000000003,-0.1999999999999993
1999-03-13,28.3,34.4,22.2,0.0,4.833333333333333,12.2,-1.0
1999-03-14,26.6,32.6,19.5,0.0,1.75,13.100000000000001,-1.6999999999999993
1999-03-15,26.4,33.7,19.0,0.0,5.0,14.700000000000003,-0.20000000000000284
1999-03-16,27.3,34.2,20.1,0.0,18.416666666666668,14.100000000000001,0.9000000000000021
1999-03-17,29.1,36.6,22.8,0.0,9.583333333333334,13.8,1.8000000000000007
1999-03-18,29.9,36.7,24.2,0.0,12.416666666666666,12.500000000000004,0.7999999999999972
1999-03-19,28.7,35.6,20.0,0.0,2.0416666666666665,15.600000000000001,-1.1999999999999993
1999-03-20,27.4,34.6,19.6,0.0,0.0,15.0,-1.3000000000000007
1999-03-21,27.3,34.3,20.5,0.0,0.25,13.799999999999997,-0.09999999999999787
1999-03-22,27.8,34.7,20.3,0.0,15.458333333333334,14.400000000000002,0.5
1999-03-23,28.4,34.5,22.8,0.0,26.625,11.7,0.5999999999999979
1999-03-24,28.8,35.1,23.9,0.0,15.041666666666666,11.200000000000003,0.40000000000000213
1999-03-25,29.2,35.3,24.4,0.008333333333333333,26.458333333333332,10.899999999999999,0.3999999999999986
1999-03-26,29.9,36.1,25.9,0.012499999999999999,25.291666666666668,10.200000000000003,0.6999999999999993
1999-03-27,29.9,36.5,23.4,0.0,2.0833333333333335,13.100000000000001,0.0
1999-03-28,28.1,34.6,21.4,0.0,2.0,13.200000000000003,-1.7999999999999972
1999-03-29,28.5,35.5,22.8,0.0,6.0,12.7,0.3999999999999986
1999-03-30,28.9,35.0,23.7,0.0,16.875,11.3,0.3999999999999986
1999-03-31,29.7,35.8,24.4,0.0,7.666666666666667,11.399999999999999,0.8000000000000007
1999-04-01,30.4,37.7,25.0,0.0,9.708333333333334,12.700000000000003,0.6999999999999993
1999-04-02,30.1,37.7,24.9,0.0,5.291666666666667,12.800000000000004,-0.29999999999999716
1999-04-03,30.0,37.7,24.8,0.0,1.0416666666666667,12.900000000000002,-0.10000000000000142
1999-04-04,30.1,37.0,24.8,0.0,1.9583333333333333,12.2,0.10000000000000142
1999-04-05,29.8,35.9,24.4,0.0,15.958333333333334,11.5,-0.3000000000000007
1999-04-06,30.1,35.6,25.5,0.0,19.541666666666668,10.100000000000001,0.3000000000000007
1999-04-07,30.4,36.5,26.4,0.004166666666666667,19.5,10.100000000000001,0.29999999999999716
1999-04-08,29.7,35.5,26.3,0.0,21.875,9.2,-0.6999999999999993
1999-04-09,29.2,33.9,26.0,0.07083333333333335,34.166666666666664,7.899999999999999,-0.5
1999-04-10,29.4,34.7,26.4,0.0375,32.125,8.300000000000004,0.1999999999999993
1999-04-11,28.9,34.2,26.6,0.15416666666666667,32.708333333333336,7.600000000000001,-0.5
1999-04-12,29.2,33.7,26.2,0.0375,28.0,7.5000000000000036,0.3000000000000007
1999-04-13,29.7,33.4,26.0,0.03333333333333333,29.666666666666668,7.399999999999999,0.5
1999-04-14,30.9,36.0,26.7,0.0,27.708333333333332,9.3,1.1999999999999993
1999-04-15,31.1,37.5,26.0,0.0,21.208333333333332,11.5,0.20000000000000284
1999-04-16,30.7,37.5,26.0,0.0,17.083333333333332,11.5,-0.40000000000000213
1999-04-17,30.5,36.3,26.2,0.008333333333333333,21.166666666666668,10.099999999999998,-0.1999999999999993
1999-04-18,30.7,37.7,26.3,0.0,9.666666666666666,11.400000000000002,0.1999999999999993
1999-04-19,31.0,37.9,26.2,0.0,10.75,11.7,0.3000000000000007
1999-04-20,31.2,38.1,26.6,0.0,6.875,11.5,0.1999999999999993
1999-04-21,31.0,36.9,26.6,0.0,10.166666666666666,10.299999999999997,-0.1999999999999993
1999-04-22,30.7,36.3,26.9,0.0,8.291666666666666,9.399999999999999,-0.3000000000000007
1999-04-23,30.9,37.0,26.9,0.0,6.875,10.100000000000001,0.1999999999999993
1999-04-24,31.3,37.5,27.1,0.0,7.875,10.399999999999999,0.40000000000000213
1999-04-25,31.7,38.1,27.6,0.0,4.083333333333333,10.5,0.3999999999999986
1999-04-26,32.0,38.7,27.3,0.0,4.541666666666667,11.400000000000002,0.3000000000000007
1999-04-27,31.9,38.4,27.2,0.0,5.25,11.2,-0.10000000000000142
1999-04-28,31.7,37.6,27.2,0.0,5.166666666666667,10.400000000000002,-0.1999999999999993
1999-04-29,31.7,37.8,27.8,0.0,9.25,9.999999999999996,0.0
1999-04-30,31.1,36.3,27.7,0.0,28.208333333333332,8.599999999999998,-0.5999999999999979
1999-05-01,31.2,36.0,28.1,0.0,37.333333333333336,7.899999999999999,0.09999999999999787
1999-05-02,31.2,35.8,28.1,0.0,31.208333333333332,7.699999999999996,0.0
1999-05-03,31.3,35.9,28.2,0.0,15.125,7.699999999999999,0.10000000000000142
1999-05-04,31.3,36.1,28.0,0.0,39.083333333333336,8.100000000000001,0.0
1999-05-05,31.5,36.2,28.0,0.0,42.166666666666664,8.200000000000003,0.1999999999999993
1999-05-06,32.2,37.9,28.4,0.0,27.208333333333332,9.5,0.7000000000000028
1999-05-07,32.9,39.1,28.5,0.0,6.166666666666667,10.600000000000001,0.6999999999999957
1999-05-08,32.2,37.4,28.4,0.0,38.583333333333336,9.0,-0.6999999999999957
1999-05-09,30.9,36.7,26.7,0.016666666666666666,67.16666666666667,10.000000000000004,-1.3000000000000043
1999-05-10,29.2,35.9,23.9,0.5708333333333334,47.083333333333336,12.0,-1.6999999999999993
1999-05-11,27.9,32.4,24.5,0.2041666666666667,65.79166666666667,7.899999999999999,-1.3000000000000007
1999-05-12,28.1,32.8,25.2,0.20833333333333334,26.583333333333332,7.599999999999998,0.20000000000000284
1999-05-13,29.3,32.7,26.2,0.17083333333333336,36.416666666666664,6.5000000000000036,1.1999999999999993
1999-05-14,28.3,33.0,26.5,0.7708333333333334,37.833333333333336,6.5,-1.0
1999-05-15,28.3,31.6,26.6,0.39166666666666666,24.791666666666668,5.0,0.0
1999-05-16,28.5,33.1,25.3,0.7625000000000001,22.916666666666668,7.800000000000001,0.1999999999999993
1999-05-17,28.5,32.4,24.1,1.0083333333333333,72.0,8.299999999999997,0.0
1999-05-18,26.8,31.3,24.2,0.48333333333333334,62.625,7.100000000000001,-1.6999999999999993
1999-05-19,27.2,31.1,24.7,0.13749999999999998,39.416666666666664,6.400000000000002,0.3999999999999986
1999-05-20,28.1,32.0,24.9,0.04583333333333334,31.291666666666668,7.100000000000001,0.9000000000000021
1999-05-21,27.6,30.4,24.8,0.03333333333333333,57.541666666666664,5.599999999999998,-0.5
1999-05-22,29.3,32.6,25.8,0.049999999999999996,50.5,6.800000000000001,1.6999999999999993
1999-05-23,29.4,33.6,26.5,0.9500000000000001,97.25,7.100000000000001,0.09999999999999787
1999-05-24,27.6,31.9,26.1,0.7583333333333333,99.41666666666667,5.799999999999997,-1.7999999999999972
1999-05-25,27.3,31.0,25.3,0.8250000000000001,97.66666666666667,5.699999999999999,-0.3000000000000007
1999-05-26,27.9,31.5,25.4,0.325,99.66666666666667,6.100000000000001,0.5999999999999979
1999-05-27,27.4,30.3,25.6,0.3125,97.70833333333333,4.699999999999999,-0.5
1999-05-28,27.0,29.1,25.4,1.1708333333333334,100.0,3.700000000000003,-0.3999999999999986
1999-05-29,27.9,30.3,25.3,0.2625,100.0,5.0,0.8999999999999986
1999-05-30,31.7,36.0,27.5,0.0,94.79166666666667,8.5,3.8000000000000007
1999-05-31,32.0,36.6,27.7,0.0,33.916666666666664,8.900000000000002,0.3000000000000007
1999-06-01,32.3,36.7,28.7,0.0,17.958333333333332,8.000000000000004,0.29999999999999716
1999-06-02,31.7,36.3,27.9,0.0,15.166666666666666,8.399999999999999,-0.5999999999999979
1999-06-03,29.8,33.8,26.5,0.08749999999999998,48.25,7.299999999999997,-1.8999999999999986
1999-06-04,29.4,32.7,26.1,0.049999999999999996,45.125,6.600000000000001,-0.40000000000000213
1999-06-05,29.6,33.3,26.4,0.041666666666666664,48.541666666666664,6.899999999999999,0.20000000000000284
1999-06-06,29.9,34.2,27.1,0.0625,56.833333333333336,7.100000000000001,0.29999999999999716
1999-06-07,30.1,33.9,27.2,0.0,40.291666666666664,6.699999999999999,0.20000000000000284
1999-06-08,30.3,33.8,27.1,0.024999999999999998,71.70833333333333,6.699999999999996,0.1999999999999993
1999-06-09,29.8,34.1,26.7,0.0625,99.875,7.400000000000002,-0.5
1999-06-10,27.2,30.4,26.2,1.0166666666666666,99.79166666666667,4.199999999999999,-2.6000000000000014
1999-06-11,27.5,29.2,26.3,0.26666666666666666,98.33333333333333,2.8999999999999986,0.3000000000000007
1999-06-12,28.4,31.4,26.2,0.05833333333333333,80.83333333333333,5.199999999999999,0.8999999999999986
1999-06-13,28.9,32.1,26.2,0.15,66.625,5.900000000000002,0.5
1999-06-14,28.6,32.2,26.2,0.15833333333333333,84.58333333333333,6.0000000000000036,-0.29999999999999716
1999-06-15,28.8,31.8,26.4,0.08750000000000001,76.41666666666667,5.400000000000002,0.1999999999999993
1999-06-16,28.1,31.0,26.3,0.2416666666666667,86.41666666666667,4.699999999999999,-0.6999999999999993
1999-06-17,28.2,31.3,26.1,0.10833333333333334,80.83333333333333,5.199999999999999,0.09999999999999787
1999-06-18,27.8,30.3,25.9,0.15833333333333335,98.45833333333333,4.400000000000002,-0.3999999999999986
1999-06-19,28.1,30.7,25.9,0.09999999999999999,98.125,4.800000000000001,0.3000000000000007
1999-06-20,28.0,30.9,26.1,0.08750000000000001,99.45833333333333,4.799999999999997,-0.10000000000000142
1999-06-21,28.2,31.4,26.4,0.2333333333333333,97.875,5.0,0.1999999999999993
1999-06-22,26.9,29.4,25.8,0.37916666666666665,99.91666666666667,3.599999999999998,-1.3000000000000007
1999-06-23,28.5,30.7,25.9,0.17916666666666667,99.5,4.800000000000001,1.6000000000000014
1999-06-24,27.6,28.7,27.2,0.26666666666666666,99.66666666666667,1.5,-0.8999999999999986
1999-06-25,27.7,31.2,26.0,1.0458333333333334,99.08333333333333,5.199999999999999,0.09999999999999787
1999-06-26,27.9,31.3,25.9,0.7958333333333334,91.16666666666667,5.400000000000002,0.1999999999999993
1999-06-27,28.4,31.8,26.3,0.22083333333333333,96.54166666666667,5.5,0.5
1999-06-28,28.5,32.0,26.2,0.35833333333333334,69.54166666666667,5.800000000000001,0.10000000000000142
1999-06-29,28.5,31.1,26.6,0.9166666666666666,90.25,4.5,0.0
1999-06-30,28.4,31.3,26.4,0.5041666666666667,99.95833333333333,4.900000000000002,-0.10000000000000142
1999-07-01,28.9,31.1,26.7,0.06666666666666667,96.625,4.400000000000002,0.5
1999-07-02,28.9,32.1,27.2,0.2625,99.08333333333333,4.900000000000002,0.0
1999-07-03,29.5,33.1,26.5,0.041666666666666664,94.75,6.600000000000001,0.6000000000000014
1999-07-04,27.9,32.0,25.3,0.9583333333333334,96.91666666666667,6.699999999999999,-1.6000000000000014
1999-07-05,27.7,30.7,25.4,0.41250000000000003,91.91666666666667,5.300000000000001,-0.1999999999999993
1999-07-06,27.3,30.0,25.6,0.7833333333333333,98.04166666666667,4.399999999999999,-0.3999999999999986
1999-07-07,27.8,30.3,26.1,0.6708333333333333,83.04166666666667,4.199999999999999,0.5
1999-07-08,29.2,31.8,26.6,0.07083333333333333,77.5,5.199999999999999,1.3999999999999986
1999-07-09,29.4,33.0,27.4,0.08333333333333333,99.75,5.600000000000001,0.1999999999999993
1999-07-10,29.2,32.9,27.3,0.25,100.0,5.599999999999998,-0.1999999999999993
1999-07-11,28.4,31.8,26.5,0.46666666666666673,99.95833333333333,5.300000000000001,-0.8000000000000007
1999-07-12,27.7,31.4,25.9,1.0625,99.91666666666667,5.5,-0.6999999999999993
1999-07-13,27.2,30.1,25.7,0.24583333333333335,99.83333333333333,4.400000000000002,-0.5
1999-07-14,27.5,29.7,25.7,0.1625,91.79166666666667,4.0,0.3000000000000007
1999-07-15,28.8,31.9,26.1,0.05416666666666667,97.45833333333333,5.799999999999997,1.3000000000000007
1999-07-16,28.5,30.7,26.5,0.012500000000000002,98.83333333333333,4.199999999999999,-0.3000000000000007
1999-07-17,28.3,31.2,25.7,0.3333333333333333,98.70833333333333,5.5,-0.1999999999999993
1999-07-18,27.8,31.3,25.9,0.3166666666666667,99.08333333333333,5.400000000000002,-0.5
1999-07-19,27.1,30.0,25.3,1.7,99.875,4.699999999999999,-0.6999999999999993
1999-07-20,27.2,30.3,25.5,0.775,100.0,4.800000000000001,0.09999999999999787
1999-07-21,27.2,29.0,25.8,0.3333333333333333,98.0,3.1999999999999993,0.0
1999-07-22,28.1,30.6,24.9,0.24166666666666667,98.125,5.700000000000003,0.9000000000000021
1999-07-23,27.6,31.0,24.8,0.3875,99.41666666666667,6.199999999999999,-0.5
1999-07-24,28.0,31.1,25.6,0.15,98.91666666666667,5.5,0.3999999999999986
1999-07-25,28.4,31.9,25.9,0.1375,99.0,6.0,0.3999999999999986
1999-07-26,28.1,32.0,26.3,0.3125,99.58333333333333,5.699999999999999,-0.29999999999999716
1999-07-27,27.6,30.5,26.2,0.8791666666666668,99.91666666666667,4.300000000000001,-0.5
1999-07-28,27.1,28.9,25.6,0.3875,99.875,3.299999999999997,-0.5
1999-07-29,28.1,31.6,25.6,0.04583333333333334,99.95833333333333,6.0,1.0
1999-07-30,28.9,32.7,26.0,0.2916666666666667,96.875,6.700000000000003,0.7999999999999972
1999-07-31,27.9,32.5,26.0,0.25833333333333336,96.70833333333333,6.5,-1.0
1999-08-01,28.3,31.6,25.9,0.21666666666666667,99.625,5.700000000000003,0.40000000000000213
1999-08-02,27.5,30.4,25.9,0.225,99.33333333333333,4.5,-0.8000000000000007
1999-08-03,27.7,30.1,25.5,0.15833333333333333,85.5,4.600000000000001,0.1999999999999993
1999-08-04,27.6,31.1,25.2,0.5166666666666667,97.58333333333333,5.900000000000002,-0.09999999999999787
1999-08-05,27.5,30.0,25.3,0.2791666666666667,97.45833333333333,4.699999999999999,-0.10000000000000142
1999-08-06,26.9,29.8,25.5,0.5708333333333333,99.16666666666667,4.300000000000001,-0.6000000000000014
1999-08-07,27.2,29.9,25.3,0.2125,99.20833333333333,4.599999999999998,0.3000000000000007
1999-08-08,27.6,29.9,25.3,0.17500000000000002,97.66666666666667,4.599999999999998,0.40000000000000213
1999-08-09,27.7,29.8,25.4,0.19999999999999998,97.79166666666667,4.400000000000002,0.09999999999999787
1999-08-10,28.8,32.1,26.5,0.2916666666666667,89.83333333333333,5.600000000000001,1.1000000000000014
1999-08-11,28.6,31.8,26.6,0.39999999999999997,98.79166666666667,5.199999999999999,-0.1999999999999993
1999-08-12,28.6,31.9,26.6,0.35000000000000003,99.54166666666667,5.299999999999997,0.0
1999-08-13,27.7,30.8,25.9,0.4083333333333334,99.83333333333333,4.900000000000002,-0.9000000000000021
1999-08-14,27.2,30.2,25.4,1.3499999999999999,99.5,4.800000000000001,-0.5
1999-08-15,26.1,27.8,24.9,1.225,99.625,2.900000000000002,-1.0999999999999979
1999-08-16,26.6,30.2,24.9,0.24166666666666667,99.45833333333333,5.300000000000001,0.5
1999-08-17,27.6,30.1,25.1,0.04583333333333334,99.29166666666667,5.0,1.0
1999-08-18,27.5,30.8,24.9,0.25416666666666665,95.70833333333333,5.900000000000002,-0.10000000000000142
1999-08-19,26.8,30.0,24.6,0.4708333333333334,92.45833333333333,5.399999999999999,-0.6999999999999993
1999-08-20,26.6,28.9,24.5,0.625,98.41666666666667,4.399999999999999,-0.1999999999999993
1999-08-21,28.4,31.8,25.7,0.05416666666666667,98.70833333333333,6.100000000000001,1.7999999999999972
1999-08-22,28.9,32.2,26.3,0.05416666666666667,94.16666666666667,5.900000000000002,0.5
1999-08-23,29.0,32.4,26.3,0.02916666666666667,97.125,6.099999999999998,0.10000000000000142
1999-08-24,28.6,31.3,26.1,0.05416666666666667,97.33333333333333,5.199999999999999,-0.3999999999999986
1999-08-25,28.2,31.8,25.7,0.0625,99.79166666666667,6.100000000000001,-0.40000000000000213
1999-08-26,27.3,30.6,25.4,0.2041666666666667,99.625,5.200000000000003,-0.8999999999999986
1999-08-27,27.4,31.2,25.4,0.22083333333333333,93.58333333333333,5.800000000000001,0.09999999999999787
1999-08-28,27.7,31.2,25.2,0.11666666666666665,85.625,6.0,0.3000000000000007
1999-08-29,27.2,30.4,25.4,0.19166666666666668,99.45833333333333,5.0,-0.5
1999-08-30,27.3,29.9,25.4,0.19583333333333333,96.875,4.5,0.10000000000000142
1999-08-31,27.4,30.4,25.4,0.13333333333333333,93.0,5.0,0.09999999999999787
1999-09-01,27.1,30.4,25.1,0.2791666666666667,91.45833333333333,5.299999999999997,-0.29999999999999716
1999-09-02,27.3,29.9,25.3,0.23750000000000002,96.08333333333333,4.599999999999998,0.1999999999999993
1999-09-03,27.2,30.1,25.4,0.27499999999999997,96.875,4.700000000000003,-0.10000000000000142
1999-09-04,27.4,30.2,25.3,0.17500000000000002,97.20833333333333,4.899999999999999,0.1999999999999993
1999-09-05,28.1,31.8,25.3,0.05416666666666667,86.16666666666667,6.5,0.7000000000000028
1999-09-06,27.9,31.3,25.2,0.15416666666666667,96.66666666666667,6.100000000000001,-0.20000000000000284
1999-09-07,28.1,30.9,25.5,0.024999999999999998,95.125,5.399999999999999,0.20000000000000284
1999-09-08,27.9,31.2,25.6,0.2916666666666667,78.83333333333333,5.599999999999998,-0.20000000000000284
1999-09-09,27.2,30.4,24.9,0.12083333333333333,97.33333333333333,5.5,-0.6999999999999993
1999-09-10,26.4,29.9,24.5,0.32083333333333336,97.83333333333333,5.399999999999999,-0.8000000000000007
1999-09-11,25.9,29.0,24.6,0.4875,99.91666666666667,4.399999999999999,-0.5
1999-09-12,26.1,28.3,24.3,0.6208333333333333,99.41666666666667,4.0,0.20000000000000284
1999-09-13,26.2,28.3,24.6,0.425,99.08333333333333,3.6999999999999993,0.09999999999999787
1999-09-14,27.1,30.8,24.8,0.10416666666666667,80.125,6.0,0.9000000000000021
1999-09-15,27.5,31.0,25.1,0.3875,77.25,5.899999999999999,0.3999999999999986
1999-09-16,27.2,30.7,25.3,0.43333333333333335,84.95833333333333,5.399999999999999,-0.3000000000000007
1999-09-17,26.8,29.9,24.9,0.4083333333333334,97.875,5.0,-0.3999999999999986
1999-09-18,27.3,31.2,25.2,0.12916666666666668,83.20833333333333,6.0,0.5
1999-09-19,27.6,31.4,25.1,0.09999999999999999,91.91666666666667,6.299999999999997,0.3000000000000007
1999-09-20,26.7,30.7,24.5,0.5458333333333333,99.33333333333333,6.199999999999999,-0.9000000000000021
1999-09-21,26.2,29.7,24.5,1.4875,99.83333333333333,5.199999999999999,-0.5
1999-09-22,25.1,26.8,24.3,1.8708333333333333,99.95833333333333,2.5,-1.0999999999999979
1999-09-23,25.7,27.8,24.2,0.8541666666666666,99.5,3.6000000000000014,0.5999999999999979
1999-09-24,26.5,29.4,24.6,0.6,99.70833333333333,4.799999999999997,0.8000000000000007
1999-09-25,26.0,29.1,24.4,1.9583333333333333,99.875,4.700000000000003,-0.5
1999-09-26,26.1,29.6,24.2,0.9625,97.83333333333333,5.400000000000002,0.10000000000000142
1999-09-27,26.2,30.3,24.1,0.3083333333333333,84.04166666666667,6.199999999999999,0.09999999999999787
1999-09-28,27.3,31.2,24.1,0.02916666666666667,51.833333333333336,7.099999999999998,1.1000000000000014
1999-09-29,27.7,31.3,24.6,0.008333333333333333,27.125,6.699999999999999,0.3999999999999986
1999-09-30,27.8,31.5,24.3,0.012500000000000002,82.91666666666667,7.199999999999999,0.10000000000000142
1999-10-01,27.4,31.2,24.4,0.05000000000000001,78.83333333333333,6.800000000000001,-0.40000000000000213
1999-10-02,27.5,31.0,24.2,0.08749999999999998,30.625,6.800000000000001,0.10000000000000142
1999-10-03,27.4,31.2,24.2,0.020833333333333332,24.125,7.0,-0.10000000000000142
1999-10-04,27.0,31.1,24.0,0.22083333333333333,46.25,7.100000000000001,-0.3999999999999986
1999-10-05,26.3,30.5,24.1,0.35833333333333334,70.0,6.399999999999999,-0.6999999999999993
1999-10-06,25.7,28.0,24.1,0.29583333333333334,92.20833333333333,3.8999999999999986,-0.6000000000000014
1999-10-07,27.5,31.4,24.3,0.041666666666666664,55.916666666666664,7.099999999999998,1.8000000000000007
1999-10-08,27.5,31.0,24.8,0.09166666666666667,40.666666666666664,6.199999999999999,0.0
1999-10-09,27.7,31.3,24.4,0.016666666666666666,82.04166666666667,6.900000000000002,0.1999999999999993
1999-10-10,27.5,31.7,23.3,0.0,16.416666666666668,8.399999999999999,-0.1999999999999993
1999-10-11,27.6,31.9,23.1,0.0,16.833333333333332,8.799999999999997,0.10000000000000142
1999-10-12,27.7,31.5,22.6,0.0,29.875,8.899999999999999,0.09999999999999787
1999-10-13,27.2,31.0,23.9,0.0,57.708333333333336,7.100000000000001,-0.5
1999-10-14,26.0,28.6,24.1,0.47500000000000003,83.625,4.5,-1.1999999999999993
1999-10-15,26.8,30.0,24.1,0.012500000000000002,56.291666666666664,5.899999999999999,0.8000000000000007
1999-10-16,26.7,30.8,24.1,0.4833333333333334,98.70833333333333,6.699999999999999,-0.10000000000000142
1999-10-17,24.7,26.4,23.9,1.5625,100.0,2.5,-2.0
1999-10-18,25.5,28.2,24.1,0.6625,97.625,4.099999999999998,0.8000000000000007
1999-10-19,26.6,30.0,24.0,0.15833333333333333,55.916666666666664,6.0,1.1000000000000014
1999-10-20,25.7,29.4,23.6,0.03333333333333333,55.791666666666664,5.799999999999997,-0.9000000000000021
1999-10-21,25.5,28.9,23.6,0.08750000000000001,74.66666666666667,5.299999999999997,-0.1999999999999993
1999-10-22,24.8,26.8,23.4,0.5416666666666666,97.20833333333333,3.400000000000002,-0.6999999999999993
1999-10-23,24.9,27.7,22.9,0.2791666666666667,79.08333333333333,4.800000000000001,0.09999999999999787
1999-10-24,26.1,30.3,23.0,0.012499999999999999,35.0,7.300000000000001,1.2000000000000028
1999-10-25,26.2,30.7,22.4,0.0,3.5833333333333335,8.3,0.09999999999999787
1999-10-26,25.1,30.0,20.3,0.0,10.041666666666666,9.7,-1.0999999999999979
1999-10-27,25.2,29.6,20.1,0.0,90.75,9.5,0.09999999999999787
1999-10-28,25.8,30.1,22.5,0.17916666666666667,99.75,7.600000000000001,0.6000000000000014
1999-10-29,26.2,28.2,24.8,0.04583333333333334,100.0,3.3999999999999986,0.3999999999999986
1999-10-30,25.8,29.0,23.3,0.025000000000000005,90.54166666666667,5.699999999999999,-0.3999999999999986
1999-10-31,25.2,28.1,23.1,0.04583333333333334,70.83333333333333,5.0,-0.6000000000000014
1999-11-01,25.4,29.2,22.8,0.03333333333333333,37.958333333333336,6.399999999999999,0.1999999999999993
1999-11-02,25.2,29.5,21.9,0.025000000000000005,30.541666666666668,7.600000000000001,-0.1999999999999993
1999-11-03,25.3,29.6,21.4,0.0,13.25,8.200000000000003,0.10000000000000142
1999-11-04,25.6,29.6,21.2,0.0,9.458333333333334,8.400000000000002,0.3000000000000007
1999-11-05,25.2,30.0,20.5,0.0,4.5,9.5,-0.40000000000000213
1999-11-06,24.7,29.8,19.5,0.0,1.4583333333333333,10.3,-0.5
1999-11-07,24.3,29.5,19.4,0.0,0.9583333333333334,10.100000000000001,-0.3999999999999986
1999-11-08,23.8,29.7,18.3,0.0,0.7916666666666666,11.399999999999999,-0.5
1999-11-09,22.3,29.0,15.8,0.0,0.0,13.2,-1.5
1999-11-10,20.8,27.5,15.1,0.0,0.0,12.4,-1.5
1999-11-11,20.5,27.1,14.7,0.0,0.0,12.400000000000002,-0.3000000000000007
1999-11-12,20.6,27.2,14.5,0.0,0.0,12.7,0.10000000000000142
1999-11-13,21.2,27.8,15.2,0.0,0.0,12.600000000000001,0.5999999999999979
1999-11-14,22.4,28.1,15.3,0.0,0.0,12.8,1.1999999999999993
1999-11-15,23.1,28.1,17.8,0.0,0.0,10.3,0.7000000000000028
1999-11-16,23.3,28.3,18.2,0.0,12.708333333333334,10.100000000000001,0.1999999999999993
1999-11-17,23.7,28.5,20.2,0.0,35.125,8.3,0.3999999999999986
1999-11-18,23.6,28.0,20.1,0.0,38.833333333333336,7.899999999999999,-0.09999999999999787
1999-11-19,23.1,27.5,19.5,0.0,36.916666666666664,8.0,-0.5
1999-11-20,22.5,26.6,19.5,0.0,77.41666666666667,7.100000000000001,-0.6000000000000014
1999-11-21,21.8,27.0,16.1,0.0,60.75,10.899999999999999,-0.6999999999999993
1999-11-22,20.7,26.8,15.5,0.0,32.416666666666664,11.3,-1.1000000000000014
1999-11-23,20.9,27.3,15.3,0.0,58.75,12.0,0.1999999999999993
1999-11-24,21.1,27.5,15.5,0.0,7.041666666666667,12.0,0.20000000000000284
1999-11-25,21.7,27.4,15.4,0.0,0.0,11.999999999999998,0.5999999999999979
1999-11-26,21.9,27.6,14.9,0.0,5.791666666666667,12.700000000000001,0.1999999999999993
1999-11-27,20.8,27.6,14.8,0.0,1.75,12.8,-1.0999999999999979
1999-11-28,20.3,27.1,14.6,0.0,0.0,12.500000000000002,-0.5
1999-11-29,20.3,26.8,14.3,0.0,0.0,12.5,0.0
1999-11-30,20.8,27.1,14.4,0.0,1.2916666666666667,12.700000000000001,0.5
1999-12-01,21.0,27.2,15.4,0.0,9.791666666666666,11.799999999999999,0.1999999999999993
1999-12-02,21.2,27.2,15.4,0.0,12.0,11.799999999999999,0.1999999999999993
1999-12-03,21.5,27.0,15.6,0.0,11.833333333333334,11.4,0.3000000000000007
1999-12-04,21.0,27.0,15.4,0.0,8.708333333333334,11.6,-0.5
1999-12-05,21.1,27.4,15.1,0.0,2.125,12.299999999999999,0.10000000000000142
1999-12-06,20.9,27.7,15.2,0.0,0.5,12.5,-0.20000000000000284
1999-12-07,21.1,27.3,14.8,0.0,1.125,12.5,0.20000000000000284
1999-12-08,21.6,27.2,14.7,0.0,17.541666666666668,12.5,0.5
1999-12-09,21.8,27.8,16.2,0.0,35.166666666666664,11.600000000000001,0.1999999999999993
1999-12-10,21.1,27.0,15.7,0.0,3.2916666666666665,11.3,-0.6999999999999993
1999-12-11,20.7,26.8,15.7,0.0,0.9583333333333334,11.100000000000001,-0.40000000000000213
1999-12-12,20.5,26.8,15.0,0.0,2.0416666666666665,11.8,-0.1999999999999993
1999-12-13,20.7,27.0,15.0,0.0,2.0416666666666665,12.0,0.1999999999999993
1999-12-14,19.8,27.0,13.0,0.0,0.0,14.0,-0.8999999999999986
1999-12-15,19.1,26.5,12.6,0.0,0.0,13.9,-0.6999999999999993
1999-12-16,18.6,25.9,12.1,0.0,0.0,13.799999999999999,-0.5
1999-12-17,18.9,25.8,12.3,0.0,0.0,13.5,0.29999999999999716
1999-12-18,19.2,26.3,13.0,0.0,0.0,13.3,0.3000000000000007
1999-12-19,20.1,26.6,12.8,0.0,0.0,13.8,0.9000000000000021
1999-12-20,20.4,26.7,13.8,0.0,0.0,12.899999999999999,0.29999999999999716
1999-12-21,20.0,26.2,14.2,0.0,0.0,12.0,-0.3999999999999986
1999-12-22,19.5,26.1,13.6,0.0,0.16666666666666666,12.500000000000002,-0.5
1999-12-23,19.8,25.8,14.1,0.0,10.583333333333334,11.700000000000001,0.3000000000000007
1999-12-24,19.9,25.6,13.5,0.0,6.708333333333333,12.100000000000001,0.09999999999999787
1999-12-25,19.7,25.7,14.5,0.0,6.333333333333333,11.2,-0.1999999999999993
1999-12-26,20.5,25.7,14.3,0.0,11.375,11.399999999999999,0.8000000000000007
1999-12-27,20.9,26.1,15.9,0.0,29.333333333333332,10.200000000000001,0.3999999999999986
1999-12-28,20.4,26.2,14.4,0.0,13.125,11.799999999999999,-0.5
1999-12-29,20.1,25.7,14.6,0.0,24.375,11.1,-0.29999999999999716
1999-12-30,20.2,25.1,14.1,0.0,36.208333333333336,11.000000000000002,0.09999999999999787
1999-12-31,18.9,24.7,13.3,0.0,15.833333333333334,11.399999999999999,-1.3000000000000007
2000-01-01,18.3,24.8,12.4,0.0,0.0,12.4,-0.5999999999999979
2000-01-02,18.2,24.8,12.2,0.0,0.0,12.600000000000001,-0.10000000000000142
2000-01-03,18.0,24.6,12.8,0.0,0.0,11.8,-0.1999999999999993
2000-01-04,17.5,24.0,12.2,0.0,0.0,11.8,-0.5
2000-01-05,17.0,23.7,11.7,0.0,20.5,12.0,-0.5
2000-01-06,16.9,23.4,11.3,0.0,0.6666666666666666,12.099999999999998,-0.10000000000000142
2000-01-07,15.8,22.7,10.2,0.0,0.0,12.5,-1.0999999999999979
2000-01-08,16.5,23.1,9.5,0.0,0.0,13.600000000000001,0.6999999999999993
2000-01-09,17.6,23.8,9.5,0.0,0.0,14.3,1.1000000000000014
2000-01-10,18.5,25.4,10.7,0.0,0.6666666666666666,14.7,0.8999999999999986
2000-01-11,20.0,26.5,13.5,0.0,2.4166666666666665,13.0,1.5
2000-01-12,20.0,27.3,12.4,0.0,2.625,14.9,0.0
2000-01-13,21.4,28.2,14.6,0.0,0.20833333333333334,13.6,1.3999999999999986
2000-01-14,22.1,29.1,15.7,0.0,0.8333333333333334,13.400000000000002,0.7000000000000028
2000-01-15,22.2,27.9,15.4,0.0,11.5,12.499999999999998,0.09999999999999787
2000-01-16,21.7,26.8,17.2,0.0,20.208333333333332,9.600000000000001,-0.5
2000-01-17,19.3,25.3,12.5,0.0,1.2083333333333333,12.8,-2.3999999999999986
2000-01-18,16.9,23.4,11.2,0.0,0.0,12.2,-2.400000000000002
2000-01-19,17.9,24.4,10.5,0.0,0.0,13.899999999999999,1.0
2000-01-20,19.3,26.7,11.0,0.0,0.75,15.7,1.4000000000000021
2000-01-21,20.5,26.9,13.6,0.0,29.958333333333332,13.299999999999999,1.1999999999999993
2000-01-22,21.6,27.4,15.2,0.0,20.541666666666668,12.2,1.1000000000000014
2000-01-23,21.2,26.5,16.7,0.05833333333333334,47.166666666666664,9.8,-0.40000000000000213
2000-01-24,20.1,25.9,15.3,0.0,17.833333333333332,10.599999999999998,-1.0999999999999979
2000-01-25,19.8,26.1,14.2,0.0,1.2916666666666667,11.900000000000002,-0.3000000000000007
2000-01-26,19.3,26.3,13.1,0.0,0.0,13.200000000000001,-0.5
2000-01-27,20.2,27.1,12.5,0.0,0.08333333333333333,14.600000000000001,0.8999999999999986
2000-01-28,21.4,28.2,14.9,0.0,20.041666666666668,13.299999999999999,1.1999999999999993
2000-01-29,19.2,24.6,12.9,0.0,2.125,11.700000000000001,-2.1999999999999993
2000-01-30,18.9,25.0,12.4,0.0,0.08333333333333333,12.6,-0.3000000000000007
2000-01-31,20.0,25.7,15.3,0.0,0.7083333333333334,10.399999999999999,1.1000000000000014
2000-02-01,20.5,26.6,14.3,0.0,6.75,12.3,0.5
2000-02-02,22.1,27.7,15.9,0.0,20.708333333333332,11.799999999999999,1.6000000000000014
2000-02-03,22.3,27.4,17.7,0.008333333333333333,46.458333333333336,9.7,0.1999999999999993
2000-02-04,21.9,26.7,17.7,0.041666666666666664,59.5,9.0,-0.40000000000000213
2000-02-05,22.8,27.8,19.6,0.04583333333333334,47.125,8.2,0.9000000000000021
2000-02-06,21.7,26.4,18.6,0.9,75.08333333333333,7.799999999999997,-1.1000000000000014
2000-02-07,19.6,23.6,15.7,0.25,62.625,7.900000000000002,-2.099999999999998
2000-02-08,19.8,24.6,16.1,0.0,36.708333333333336,8.5,0.1999999999999993
2000-02-09,20.5,25.0,15.6,0.004166666666666667,39.75,9.4,0.6999999999999993
2000-02-10,20.3,24.3,16.1,0.025000000000000005,30.458333333333332,8.2,-0.1999999999999993
2000-02-11,22.4,26.8,15.9,0.15833333333333333,55.291666666666664,10.9,2.099999999999998
2000-02-12,20.0,21.5,18.3,1.0875000000000001,92.625,3.1999999999999993,-2.3999999999999986
2000-02-13,20.3,24.0,18.6,0.0,60.833333333333336,5.399999999999999,0.3000000000000007
2000-02-14,19.0,20.9,15.6,0.0,70.79166666666667,5.299999999999999,-1.3000000000000007
2000-02-15,18.4,24.5,12.5,0.0,0.0,12.0,-0.6000000000000014
2000-02-16,19.0,24.2,12.3,0.0,0.7083333333333334,11.899999999999999,0.6000000000000014
2000-02-17,21.0,26.7,13.8,0.12916666666666668,43.416666666666664,12.899999999999999,2.0
2000-02-18,20.5,25.9,14.7,0.0,14.375,11.2,-0.5
2000-02-19,19.9,25.6,13.9,0.0,18.458333333333332,11.700000000000001,-0.6000000000000014
2000-02-20,20.9,25.9,12.5,0.0,44.791666666666664,13.399999999999999,1.0
2000-02-21,19.0,22.3,14.6,0.0,62.208333333333336,7.700000000000001,-1.8999999999999986
2000-02-22,19.6,25.3,14.6,0.0,41.041666666666664,10.700000000000001,0.6000000000000014
2000-02-23,21.8,26.8,14.5,0.0,49.0,12.3,2.1999999999999993
2000-02-24,21.7,26.7,16.9,0.0,84.83333333333333,9.8,-0.10000000000000142
2000-02-25,19.8,22.4,17.6,0.0,95.95833333333333,4.799999999999997,-1.8999999999999986
2000-02-26,19.5,25.5,13.2,0.0,33.416666666666664,12.3,-0.3000000000000007
2000-02-27,20.4,27.0,12.6,0.0,5.916666666666667,14.4,0.8999999999999986
2000-02-28,21.4,28.2,14.7,0.0,2.8333333333333335,13.5,1.0
2000-02-29,21.6,28.2,15.5,0.0,3.5833333333333335,12.7,0.20000000000000284
2000-03-01,23.4,30.1,15.4,0.0,19.666666666666668,14.700000000000001,1.7999999999999972
2000-03-02,25.6,31.3,20.6,0.004166666666666667,17.875,10.7,2.200000000000003
2000-03-03,25.9,32.2,20.3,0.0,21.625,11.900000000000002,0.29999999999999716
2000-03-04,25.9,31.5,21.3,0.008333333333333333,33.25,10.2,0.0
2000-03-05,26.1,32.4,21.7,0.0,18.75,10.7,0.20000000000000284
2000-03-06,26.2,31.8,20.9,0.0,21.791666666666668,10.900000000000002,0.09999999999999787
2000-03-07,26.6,32.2,21.2,0.0,26.291666666666668,11.000000000000004,0.40000000000000213
2000-03-08,26.4,32.1,21.7,0.025000000000000005,19.833333333333332,10.400000000000002,-0.20000000000000284
2000-03-09,24.8,30.6,17.1,0.0,7.25,13.5,-1.5999999999999979
2000-03-10,23.6,30.2,16.6,0.0,0.5,13.599999999999998,-1.1999999999999993
2000-03-11,25.7,32.1,17.4,0.0,20.958333333333332,14.700000000000003,2.099999999999998
2000-03-12,27.2,33.5,23.3,0.012500000000000002,29.833333333333332,10.2,1.5
2000-03-13,27.7,33.7,24.2,0.029166666666666664,21.5,9.500000000000004,0.5
2000-03-14,27.4,34.1,21.7,0.012500000000000002,22.291666666666668,12.400000000000002,-0.3000000000000007
2000-03-15,26.3,31.7,21.1,0.0,3.625,10.599999999999998,-1.0999999999999979
2000-03-16,24.9,31.5,16.9,0.0,0.6666666666666666,14.600000000000001,-1.4000000000000021
2000-03-17,25.1,32.4,16.5,0.0,0.2916666666666667,15.899999999999999,0.20000000000000284
2000-03-18,26.7,33.3,20.1,0.0,12.375,13.199999999999996,1.5999999999999979
2000-03-19,27.8,34.1,22.9,0.0,31.625,11.200000000000003,1.1000000000000014
2000-03-20,27.0,33.6,18.7,0.0,13.083333333333334,14.900000000000002,-0.8000000000000007
2000-03-21,26.3,33.3,18.6,0.0,0.0,14.699999999999996,-0.6999999999999993
2000-03-22,27.2,34.3,19.2,0.0,1.5833333333333333,15.099999999999998,0.8999999999999986
2000-03-23,27.8,34.9,21.4,0.0,2.7083333333333335,13.5,0.6000000000000014
2000-03-24,27.6,33.7,21.2,0.0,0.8333333333333334,12.500000000000004,-0.1999999999999993
2000-03-25,27.9,34.3,21.8,0.0,27.958333333333332,12.499999999999996,0.29999999999999716
2000-03-26,27.8,34.1,21.5,0.0,50.291666666666664,12.600000000000001,-0.09999999999999787
2000-03-27,28.2,34.5,21.4,0.0,14.0,13.100000000000001,0.3999999999999986
2000-03-28,28.6,35.0,21.2,0.0,11.166666666666666,13.8,0.40000000000000213
2000-03-29,28.8,35.1,22.7,0.0,2.0416666666666665,12.400000000000002,0.1999999999999993
2000-03-30,28.0,33.8,22.3,0.0,33.583333333333336,11.499999999999996,-0.8000000000000007
2000-03-31,27.8,34.1,22.3,0.0,20.791666666666668,11.8,-0.1999999999999993
2000-04-01,29.0,35.9,23.3,0.0,5.416666666666667,12.599999999999998,1.1999999999999993
2000-04-02,30.0,36.9,24.9,0.0,4.041666666666667,12.0,1.0
2000-04-03,29.8,36.6,25.3,0.0,6.166666666666667,11.3,-0.1999999999999993
2000-04-04,30.3,36.8,25.7,0.0,3.7083333333333335,11.099999999999998,0.5
2000-04-05,30.1,36.4,25.5,0.0,6.333333333333333,10.899999999999999,-0.1999999999999993
2000-04-06,30.2,36.0,25.6,0.008333333333333333,9.208333333333334,10.399999999999999,0.09999999999999787
2000-04-07,30.0,35.3,25.8,0.0,12.208333333333334,9.499999999999996,-0.1999999999999993
2000-04-08,30.6,37.5,25.6,0.0,3.5416666666666665,11.899999999999999,0.6000000000000014
2000-04-09,30.9,37.0,25.9,0.0,22.166666666666668,11.100000000000001,0.29999999999999716
2000-04-10,31.0,37.1,25.8,0.0,12.958333333333334,11.3,0.10000000000000142
2000-04-11,30.0,35.8,26.0,0.012500000000000002,20.375,9.799999999999997,-1.0
2000-04-12,28.9,34.0,25.4,0.0625,18.208333333333332,8.600000000000001,-1.1000000000000014
2000-04-13,29.5,35.1,25.1,0.0,19.458333333333332,10.0,0.6000000000000014
2000-04-14,29.5,34.6,25.8,0.03333333333333333,30.583333333333332,8.8,0.0
2000-04-15,27.8,33.0,23.8,0.6041666666666666,67.16666666666667,9.2,-1.6999999999999993
2000-04-16,28.2,33.1,23.1,0.06666666666666667,30.208333333333332,10.0,0.3999999999999986
2000-04-17,29.6,34.7,25.9,0.016666666666666666,24.0,8.800000000000004,1.4000000000000021
2000-04-18,29.9,35.2,26.6,0.0,22.958333333333332,8.600000000000001,0.29999999999999716
2000-04-19,30.0,35.1,26.3,0.0,15.5,8.8,0.10000000000000142
2000-04-20,30.2,35.5,26.0,0.0,20.666666666666668,9.5,0.1999999999999993
2000-04-21,30.4,35.8,26.8,0.0,37.166666666666664,8.999999999999996,0.1999999999999993
2000-04-22,30.3,35.5,26.6,0.0,26.0,8.899999999999999,-0.09999999999999787
2000-04-23,30.3,35.7,26.7,0.012499999999999999,34.583333333333336,9.000000000000004,0.0
2000-04-24,28.7,36.0,23.6,1.2541666666666667,38.166666666666664,12.399999999999999,-1.6000000000000014
2000-04-25,28.7,33.8,25.1,0.22083333333333333,50.666666666666664,8.699999999999996,0.0
2000-04-26,29.3,31.8,27.1,0.075,86.66666666666667,4.699999999999999,0.6000000000000014
2000-04-27,29.4,32.4,27.3,0.008333333333333333,53.625,5.099999999999998,0.09999999999999787
2000-04-28,29.9,34.5,27.4,0.008333333333333333,49.208333333333336,7.100000000000001,0.5
2000-04-29,30.4,34.8,27.7,0.0,59.583333333333336,7.099999999999998,0.5
2000-04-30,30.0,33.6,27.8,0.0,49.333333333333336,5.800000000000001,-0.3999999999999986
2000-05-01,30.6,34.7,28.3,0.0,64.54166666666667,6.400000000000002,0.6000000000000014
2000-05-02,30.0,34.1,27.5,0.0,56.125,6.600000000000001,-0.6000000000000014
2000-05-03,27.8,32.6,23.8,0.3125,82.29166666666667,8.8,-2.1999999999999993
2000-05-04,27.6,32.1,24.0,0.03333333333333333,43.916666666666664,8.100000000000001,-0.1999999999999993
2000-05-05,28.7,33.3,24.0,0.008333333333333333,39.458333333333336,9.299999999999997,1.0999999999999979
2000-05-06,28.2,32.3,24.2,0.025000000000000005,61.375,8.099999999999998,-0.5
2000-05-07,28.6,32.1,24.2,0.0,34.0,7.900000000000002,0.40000000000000213
2000-05-08,29.8,34.0,25.8,0.0,54.958333333333336,8.2,1.1999999999999993
2000-05-09,29.7,33.9,26.1,0.17916666666666667,36.291666666666664,7.799999999999997,-0.10000000000000142
2000-05-10,29.9,34.6,26.5,0.1625,60.833333333333336,8.100000000000001,0.1999999999999993
2000-05-11,30.1,33.0,26.7,0.06666666666666667,18.25,6.300000000000001,0.20000000000000284
2000-05-12,31.2,35.9,27.4,0.05416666666666667,12.541666666666666,8.5,1.0999999999999979
2000-05-13,32.3,36.7,27.8,0.0,20.458333333333332,8.900000000000002,1.0999999999999979
2000-05-14,31.9,37.2,27.9,0.10833333333333334,55.041666666666664,9.300000000000004,-0.3999999999999986
2000-05-15,31.4,35.4,28.2,0.0625,38.916666666666664,7.199999999999999,-0.5
2000-05-16,31.2,35.6,27.4,0.10833333333333334,47.208333333333336,8.200000000000003,-0.1999999999999993
2000-05-17,30.2,32.8,27.6,0.32916666666666666,88.66666666666667,5.199999999999996,-1.0
2000-05-18,32.5,37.6,28.7,0.0,32.208333333333336,8.900000000000002,2.3000000000000007
2000-05-19,32.9,38.2,28.5,0.07083333333333333,30.666666666666668,9.700000000000003,0.3999999999999986
2000-05-20,30.4,36.4,25.8,0.39999999999999997,69.83333333333333,10.599999999999998,-2.5
2000-05-21,28.1,32.2,25.6,0.47500000000000003,88.29166666666667,6.600000000000001,-2.299999999999997
2000-05-22,27.3,31.2,25.4,0.8458333333333333,93.16666666666667,5.800000000000001,-0.8000000000000007
2000-05-23,26.3,28.8,25.3,0.7875000000000001,99.41666666666667,3.5,-1.0
2000-05-24,28.6,32.0,25.4,0.05833333333333333,89.25,6.600000000000001,2.3000000000000007
2000-05-25,31.6,35.2,27.9,0.008333333333333333,76.04166666666667,7.300000000000004,3.0
2000-05-26,31.4,35.7,28.6,0.0,98.375,7.100000000000001,-0.20000000000000284
2000-05-27,31.2,34.7,28.7,0.0,50.125,6.0000000000000036,-0.1999999999999993
2000-05-28,31.1,34.9,28.7,0.0,42.416666666666664,6.199999999999999,-0.09999999999999787
2000-05-29,30.6,35.2,28.3,0.0,92.79166666666667,6.900000000000002,-0.5
2000-05-30,30.9,35.5,28.0,0.2916666666666667,70.0,7.5,0.29999999999999716
2000-05-31,30.6,34.4,27.8,0.08749999999999998,61.625,6.599999999999998,-0.29999999999999716
2000-06-01,30.4,34.3,27.8,0.10833333333333334,53.541666666666664,6.4999999999999964,-0.20000000000000284
2000-06-02,30.0,33.8,27.2,0.19583333333333333,52.375,6.599999999999998,-0.3999999999999986
2000-06-03,30.3,33.7,27.2,0.008333333333333333,59.458333333333336,6.5000000000000036,0.3000000000000007
2000-06-04,29.7,33.7,26.5,0.42083333333333334,83.91666666666667,7.200000000000003,-0.6000000000000014
2000-06-05,27.6,30.5,26.0,0.5666666666666667,96.5,4.5,-2.099999999999998
2000-06-06,27.1,29.3,25.5,0.7875,99.79166666666667,3.8000000000000007,-0.5
2000-06-07,27.7,29.6,25.8,0.25416666666666665,98.625,3.8000000000000007,0.5999999999999979
2000-06-08,28.0,30.6,26.0,0.4291666666666667,97.0,4.600000000000001,0.3000000000000007
2000-06-09,29.4,32.4,26.6,0.21666666666666667,87.08333333333333,5.799999999999997,1.3999999999999986
2000-06-10,29.1,31.6,27.6,0.17500000000000002,97.58333333333333,4.0,-0.29999999999999716
2000-06-11,28.9,31.8,27.0,0.40416666666666673,98.66666666666667,4.800000000000001,-0.20000000000000284
2000-06-12,29.9,33.5,27.0,0.012500000000000002,99.54166666666667,6.5,1.0
2000-06-13,29.6,33.1,26.5,1.1208333333333333,94.125,6.600000000000001,-0.29999999999999716
2000-06-14,29.7,34.4,26.7,0.3541666666666667,86.125,7.699999999999999,0.09999999999999787
2000-06-15,28.5,31.6,26.2,0.32916666666666666,97.95833333333333,5.400000000000002,-1.1999999999999993
2000-06-16,28.4,31.8,25.5,0.5333333333333333,87.5,6.300000000000001,-0.10000000000000142
2000-06-17,28.3,32.6,25.4,0.325,81.16666666666667,7.200000000000003,-0.09999999999999787
2000-06-18,27.4,30.1,26.0,0.31666666666666665,98.29166666666667,4.100000000000001,-0.9000000000000021
2000-06-19,28.2,30.7,26.4,0.10833333333333334,99.45833333333333,4.300000000000001,0.8000000000000007
2000-06-20,27.9,31.0,26.5,0.24166666666666667,99.08333333333333,4.5,-0.3000000000000007
2000-06-21,28.0,30.9,26.3,0.17916666666666667,96.08333333333333,4.599999999999998,0.10000000000000142
2000-06-22,27.7,29.8,25.7,0.3,99.75,4.100000000000001,-0.3000000000000007
2000-06-23,28.3,30.2,25.7,0.13333333333333333,99.375,4.5,0.6000000000000014
2000-06-24,30.0,33.0,27.2,0.08333333333333333,99.5,5.800000000000001,1.6999999999999993
2000-06-25,30.6,34.8,27.2,0.03333333333333333,98.16666666666667,7.599999999999998,0.6000000000000014
2000-06-26,29.9,32.9,27.1,0.09166666666666667,89.75,5.799999999999997,-0.7000000000000028
2000-06-27,28.7,31.7,26.2,0.325,80.5,5.5,-1.1999999999999993
2000-06-28,28.2,31.6,25.9,0.2833333333333333,96.91666666666667,5.700000000000003,-0.5
2000-06-29,28.5,31.7,25.9,0.049999999999999996,64.79166666666667,5.800000000000001,0.3000000000000007
2000-06-30,28.3,32.0,26.3,0.15,80.625,5.699999999999999,-0.1999999999999993
2000-07-01,28.7,32.3,26.3,0.12500000000000003,74.70833333333333,5.9999999999999964,0.3999999999999986
2000-07-02,28.9,32.6,25.6,0.020833333333333332,63.583333333333336,7.0,0.1999999999999993
2000-07-03,29.1,32.4,25.6,0.016666666666666666,44.25,6.799999999999997,0.20000000000000284
2000-07-04,29.2,33.4,25.5,0.0,75.41666666666667,7.899999999999999,0.09999999999999787
2000-07-05,29.5,33.5,25.5,0.004166666666666667,86.45833333333333,8.0,0.3000000000000007
2000-07-06,29.0,33.3,26.8,0.07916666666666666,86.91666666666667,6.4999999999999964,-0.5
2000-07-07,28.2,30.8,25.8,0.18333333333333335,99.125,5.0,-0.8000000000000007
2000-07-08,27.6,30.0,25.9,0.3833333333333333,99.41666666666667,4.100000000000001,-0.5999999999999979
2000-07-09,28.3,31.4,25.6,0.975,97.875,5.799999999999997,0.6999999999999993
2000-07-10,27.6,30.3,25.6,0.3958333333333333,96.66666666666667,4.699999999999999,-0.6999999999999993
2000-07-11,28.5,31.1,26.4,0.2625,99.125,4.700000000000003,0.8999999999999986
2000-07-12,28.1,31.1,26.1,0.08333333333333333,96.25,5.0,-0.3999999999999986
2000-07-13,27.8,31.3,25.4,0.37916666666666665,97.66666666666667,5.900000000000002,-0.3000000000000007
2000-07-14,27.8,30.8,25.6,0.5333333333333333,98.79166666666667,5.199999999999999,0.0
2000-07-15,27.8,31.2,25.6,0.39999999999999997,99.5,5.599999999999998,0.0
2000-07-16,27.5,31.3,25.6,0.29583333333333334,99.33333333333333,5.699999999999999,-0.3000000000000007
2000-07-17,27.5,30.4,25.7,0.24583333333333332,98.875,4.699999999999999,0.0
2000-07-18,27.5,30.3,25.7,0.24166666666666667,94.41666666666667,4.600000000000001,0.0
2000-07-19,27.5,30.5,25.5,0.22083333333333333,91.25,5.0,0.0
2000-07-20,27.0,29.1,25.5,0.7333333333333334,95.33333333333333,3.6000000000000014,-0.5
2000-07-21,27.1,28.4,25.8,0.425,99.70833333333333,2.599999999999998,0.10000000000000142
2000-07-22,27.6,30.7,25.0,0.47500000000000003,99.625,5.699999999999999,0.5
2000-07-23,26.6,29.0,24.8,0.9916666666666667,99.125,4.199999999999999,-1.0
2000-07-24,26.1,27.8,25.3,1.1624999999999999,100.0,2.5,-0.5
2000-07-25,25.8,28.0,25.1,0.24166666666666667,99.75,2.8999999999999986,-0.3000000000000007
2000-07-26,26.6,28.2,25.1,0.14166666666666666,96.375,3.099999999999998,0.8000000000000007
2000-07-27,27.2,30.5,25.0,0.3541666666666667,80.875,5.5,0.5999999999999979
2000-07-28,28.1,31.8,25.0,0.2125,89.0,6.800000000000001,0.9000000000000021
2000-07-29,28.2,31.2,25.9,0.4375,85.70833333333333,5.300000000000001,0.09999999999999787
2000-07-30,27.9,31.5,25.4,0.22083333333333333,95.16666666666667,6.100000000000001,-0.3000000000000007
2000-07-31,28.0,31.5,25.5,0.7958333333333334,98.75,6.0,0.10000000000000142
2000-08-01,28.0,30.7,25.9,0.28750000000000003,100.0,4.800000000000001,0.0
2000-08-02,28.6,30.6,26.9,0.14583333333333334,99.95833333333333,3.700000000000003,0.6000000000000014
2000-08-03,29.0,32.9,27.2,0.2583333333333333,99.625,5.699999999999999,0.3999999999999986
2000-08-04,29.1,33.6,25.9,0.10416666666666667,98.66666666666667,7.700000000000003,0.10000000000000142
2000-08-05,29.3,33.2,25.8,0.020833333333333332,84.0,7.400000000000002,0.1999999999999993
2000-08-06,28.6,33.2,26.1,0.3833333333333333,91.33333333333333,7.100000000000001,-0.6999999999999993
2000-08-07,28.7,32.6,26.1,0.37083333333333335,98.45833333333333,6.5,0.09999999999999787
2000-08-08,28.5,31.7,26.0,0.19999999999999998,99.20833333333333,5.699999999999999,-0.1999999999999993
2000-08-09,27.7,30.3,25.9,0.22083333333333333,99.875,4.400000000000002,-0.8000000000000007
2000-08-10,27.3,30.7,25.4,0.2625,99.70833333333333,5.300000000000001,-0.3999999999999986
2000-08-11,27.1,29.6,25.6,0.2875,99.75,4.0,-0.1999999999999993
2000-08-12,27.7,30.1,25.6,0.16666666666666666,99.25,4.5,0.5999999999999979
2000-08-13,27.8,31.2,26.3,0.5750000000000001,83.91666666666667,4.899999999999999,0.10000000000000142
2000-08-14,27.6,30.4,26.1,0.7541666666666668,87.33333333333333,4.299999999999997,-0.1999999999999993
2000-08-15,27.8,31.5,26.1,0.6416666666666667,87.75,5.399999999999999,0.1999999999999993
2000-08-16,28.1,31.8,25.3,0.2625,98.29166666666667,6.5,0.3000000000000007
2000-08-17,26.8,29.4,25.4,0.8333333333333334,98.5,4.0,-1.3000000000000007
2000-08-18,27.6,31.3,25.6,0.1708333333333333,91.625,5.699999999999999,0.8000000000000007
2000-08-19,27.9,31.5,25.8,0.10416666666666667,98.04166666666667,5.699999999999999,0.29999999999999716
2000-08-20,28.2,31.5,25.7,0.09583333333333334,93.41666666666667,5.800000000000001,0.3000000000000007
2000-08-21,28.1,31.3,26.0,0.125,95.33333333333333,5.300000000000001,-0.09999999999999787
2000-08-22,28.9,32.2,25.9,0.041666666666666664,83.5,6.300000000000004,0.7999999999999972
2000-08-23,28.7,31.9,25.9,0.05833333333333333,99.33333333333333,6.0,-0.1999999999999993
2000-08-24,28.5,31.8,25.9,0.06666666666666667,88.875,5.900000000000002,-0.1999999999999993
2000-08-25,28.7,32.1,25.9,0.041666666666666664,79.83333333333333,6.200000000000003,0.1999999999999993
2000-08-26,28.4,31.6,25.9,0.11666666666666665,97.54166666666667,5.700000000000003,-0.3000000000000007
2000-08-27,28.1,30.7,25.8,0.075,97.625,4.899999999999999,-0.29999999999999716
2000-08-28,28.1,31.1,26.0,0.11666666666666668,88.875,5.100000000000001,0.0
2000-08-29,27.6,30.2,25.7,0.26666666666666666,98.25,4.5,-0.5
2000-08-30,27.0,29.3,25.3,1.0416666666666667,99.875,4.0,-0.6000000000000014
2000-08-31,26.1,27.9,25.3,0.9833333333333334,100.0,2.599999999999998,-0.8999999999999986
2000-09-01,27.4,30.5,25.5,0.3625,99.83333333333333,5.0,1.2999999999999972
2000-09-02,27.9,31.6,25.9,0.19583333333333333,99.79166666666667,5.700000000000003,0.5
2000-09-03,29.1,32.6,26.6,0.012500000000000002,99.25,6.0,1.2000000000000028
2000-09-04,28.1,31.0,25.9,0.049999999999999996,93.54166666666667,5.100000000000001,-1.0
2000-09-05,27.6,32.0,25.6,0.37083333333333335,86.16666666666667,6.399999999999999,-0.5
2000-09-06,27.3,30.8,25.0,0.7000000000000001,93.625,5.800000000000001,-0.3000000000000007
2000-09-07,26.6,29.2,25.2,0.5333333333333333,99.08333333333333,4.0,-0.6999999999999993
2000-09-08,26.9,29.8,25.3,0.27499999999999997,97.41666666666667,4.5,0.29999999999999716
2000-09-09,26.9,29.6,25.0,0.5416666666666666,97.83333333333333,4.600000000000001,0.0
2000-09-10,27.0,30.1,25.0,0.24583333333333335,87.45833333333333,5.100000000000001,0.10000000000000142
2000-09-11,28.0,31.8,25.3,0.11249999999999999,78.75,6.5,1.0
2000-09-12,29.0,32.3,25.4,0.041666666666666664,90.91666666666667,6.899999999999999,1.0
2000-09-13,27.3,31.4,25.1,1.4833333333333334,100.0,6.299999999999997,-1.6999999999999993
2000-09-14,26.7,29.6,25.4,0.11666666666666668,94.79166666666667,4.200000000000003,-0.6000000000000014
2000-09-15,27.6,30.2,25.3,0.05416666666666667,95.70833333333333,4.899999999999999,0.9000000000000021
2000-09-16,27.4,30.2,25.1,0.27499999999999997,99.08333333333333,5.099999999999998,-0.20000000000000284
2000-09-17,26.7,30.2,24.8,0.7041666666666666,99.79166666666667,5.399999999999999,-0.6999999999999993
2000-09-18,25.4,26.8,24.4,2.0791666666666666,100.0,2.400000000000002,-1.3000000000000007
2000-09-19,24.9,26.0,23.9,2.766666666666667,99.91666666666667,2.1000000000000014,-0.5
2000-09-20,25.7,28.9,24.0,0.4375,99.29166666666667,4.899999999999999,0.8000000000000007
2000-09-21,26.4,29.7,24.5,0.5625,97.79166666666667,5.199999999999999,0.6999999999999993
2000-09-22,26.9,29.4,24.7,0.22916666666666666,99.08333333333333,4.699999999999999,0.5
2000-09-23,26.4,30.3,24.3,0.5166666666666667,99.33333333333333,6.0,-0.5
2000-09-24,26.7,29.9,24.4,0.15833333333333335,93.125,5.5,0.3000000000000007
2000-09-25,27.2,30.9,24.7,0.08749999999999998,40.708333333333336,6.199999999999999,0.5
2000-09-26,27.1,31.8,23.9,0.2125,65.25,7.900000000000002,-0.09999999999999787
2000-09-27,27.8,32.3,23.8,0.0,23.291666666666668,8.499999999999996,0.6999999999999993
2000-09-28,28.0,32.4,23.6,0.0,6.25,8.799999999999997,0.1999999999999993
2000-09-29,27.8,32.0,22.8,0.0,6.5,9.2,-0.1999999999999993
2000-09-30,28.0,31.6,22.7,0.004166666666666667,28.958333333333332,8.900000000000002,0.1999999999999993
2000-10-01,26.8,31.1,24.6,0.020833333333333332,89.58333333333333,6.5,-1.1999999999999993
2000-10-02,27.3,31.1,24.7,0.05000000000000001,94.0,6.400000000000002,0.5
2000-10-03,27.9,31.5,24.9,0.020833333333333332,43.791666666666664,6.600000000000001,0.5999999999999979
2000-10-04,27.3,31.6,23.6,0.5375,62.666666666666664,8.0,-0.5999999999999979
2000-10-05,26.8,30.4,23.8,0.12916666666666668,49.541666666666664,6.599999999999998,-0.5
2000-10-06,27.7,31.1,24.8,0.0375,26.5,6.300000000000001,0.8999999999999986
2000-10-07,27.3,31.2,24.6,0.04583333333333334,67.66666666666667,6.599999999999998,-0.3999999999999986
2000-10-08,27.6,31.4,24.7,0.025000000000000005,34.833333333333336,6.699999999999999,0.3000000000000007
2000-10-09,27.3,31.3,25.0,0.14583333333333334,48.458333333333336,6.300000000000001,-0.3000000000000007
2000-10-10,27.8,31.4,24.7,0.03333333333333333,45.416666666666664,6.699999999999999,0.5
2000-10-11,27.9,31.4,25.0,0.041666666666666664,68.16666666666667,6.399999999999999,0.09999999999999787
2000-10-12,28.3,31.9,24.7,0.03333333333333333,44.291666666666664,7.199999999999999,0.40000000000000213
2000-10-13,27.3,31.6,23.0,0.0,16.375,8.600000000000001,-1.0
2000-10-14,26.6,31.5,22.6,0.0,33.708333333333336,8.899999999999999,-0.6999999999999993
2000-10-15,27.6,31.6,23.5,0.0,64.04166666666667,8.100000000000001,1.0
2000-10-16,27.6,32.0,24.9,0.22916666666666666,74.95833333333333,7.100000000000001,0.0
2000-10-17,26.3,29.1,24.5,0.17916666666666667,93.33333333333333,4.600000000000001,-1.3000000000000007
2000-10-18,26.9,30.9,24.5,0.08750000000000001,70.0,6.399999999999999,0.5999999999999979
2000-10-19,27.3,31.2,24.5,0.020833333333333332,35.75,6.699999999999999,0.40000000000000213
2000-10-20,27.7,31.7,24.4,0.016666666666666666,15.458333333333334,7.300000000000001,0.3999999999999986
2000-10-21,27.4,32.4,21.5,0.0,6.958333333333333,10.899999999999999,-0.3000000000000007
2000-10-22,27.0,32.4,21.4,0.0,14.083333333333334,11.0,-0.3999999999999986
2000-10-23,27.4,32.4,21.9,0.0,16.416666666666668,10.5,0.3999999999999986
2000-10-24,26.9,31.8,21.9,0.0,17.541666666666668,9.900000000000002,-0.5
2000-10-25,26.3,31.7,21.5,0.0,11.875,10.2,-0.5999999999999979
2000-10-26,26.7,31.3,21.8,0.0,59.208333333333336,9.5,0.3999999999999986
2000-10-27,24.2,26.5,22.5,4.541666666666667,99.91666666666667,4.0,-2.5
2000-10-28,22.7,24.8,19.5,0.5791666666666667,66.16666666666667,5.300000000000001,-1.5
2000-10-29,22.6,25.1,19.5,0.0,61.875,5.600000000000001,-0.09999999999999787
2000-10-30,23.7,26.9,20.4,0.0,55.833333333333336,6.5,1.0999999999999979
2000-10-31,24.3,28.1,19.9,0.0,25.875,8.200000000000003,0.6000000000000014
2000-11-01,24.6,28.8,19.8,0.025000000000000005,21.583333333333332,9.0,0.3000000000000007
2000-11-02,25.0,29.2,21.5,0.10833333333333334,34.916666666666664,7.699999999999999,0.3999999999999986
2000-11-03,25.5,29.5,21.5,0.012499999999999999,25.375,8.0,0.5
2000-11-04,25.7,29.5,21.8,0.0,10.791666666666666,7.699999999999999,0.1999999999999993
2000-11-05,25.6,29.0,21.9,0.0,15.416666666666666,7.100000000000001,-0.09999999999999787
2000-11-06,24.3,28.9,19.9,0.0,24.791666666666668,9.0,-1.3000000000000007
2000-11-07,24.5,29.2,19.3,0.0,9.375,9.899999999999999,0.1999999999999993
2000-11-08,24.6,29.2,19.2,0.0,8.666666666666666,10.0,0.10000000000000142
2000-11-09,23.5,29.0,18.2,0.0,23.208333333333332,10.8,-1.1000000000000014
2000-11-10,24.4,29.6,18.0,0.0,0.125,11.600000000000001,0.8999999999999986
2000-11-11,23.6,29.4,18.0,0.0,1.5416666666666667,11.399999999999999,-0.7999999999999972
2000-11-12,23.9,29.1,17.8,0.0,5.0,11.3,0.29999999999999716
2000-11-13,24.0,28.4,18.3,0.0,17.833333333333332,10.099999999999998,0.10000000000000142
2000-11-14,24.1,28.4,19.3,0.0,17.625,9.099999999999998,0.10000000000000142
2000-11-15,23.1,28.3,18.2,0.0,17.833333333333332,10.100000000000001,-1.0
2000-11-16,22.7,28.3,18.1,0.0,13.125,10.2,-0.40000000000000213
2000-11-17,22.5,28.2,17.6,0.0,11.75,10.599999999999998,-0.1999999999999993
2000-11-18,23.3,28.2,17.7,0.0,4.375,10.5,0.8000000000000007
2000-11-19,22.9,28.6,17.9,0.0,2.25,10.700000000000003,-0.40000000000000213
2000-11-20,23.5,29.1,18.8,0.0,11.958333333333334,10.3,0.6000000000000014
2000-11-21,23.7,28.7,19.8,0.0,4.166666666666667,8.899999999999999,0.1999999999999993
2000-11-22,23.3,28.8,18.6,0.0,12.833333333333334,10.2,-0.3999999999999986
2000-11-23,23.1,28.7,17.4,0.0,12.625,11.3,-0.1999999999999993
2000-11-24,22.7,28.4,17.1,0.0,7.0,11.299999999999997,-0.40000000000000213
2000-11-25,22.0,28.0,16.3,0.0,44.708333333333336,11.7,-0.6999999999999993
2000-11-26,21.4,28.1,15.3,0.0,30.083333333333332,12.8,-0.6000000000000014
2000-11-27,21.2,27.7,15.1,0.0,96.20833333333333,12.6,-0.1999999999999993
2000-11-28,21.6,25.9,15.8,0.04583333333333334,99.66666666666667,10.099999999999998,0.40000000000000213
2000-11-29,21.4,25.9,17.9,0.008333333333333333,35.125,8.0,-0.20000000000000284
2000-11-30,21.8,27.3,16.4,0.0,5.375,10.900000000000002,0.40000000000000213
2000-12-01,21.2,27.4,16.0,0.0,1.1666666666666667,11.399999999999999,-0.6000000000000014
2000-12-02,19.3,25.5,13.4,0.0,1.25,12.1,-1.8999999999999986
2000-12-03,17.7,24.4,12.3,0.0,0.0,12.099999999999998,-1.6000000000000014
2000-12-04,17.5,24.5,11.7,0.0,0.0,12.8,-0.1999999999999993
2000-12-05,17.9,24.4,11.0,0.0,0.0,13.399999999999999,0.3999999999999986
2000-12-06,18.0,25.2,11.5,0.0,0.0,13.7,0.10000000000000142
2000-12-07,18.2,25.3,11.4,0.0,0.0,13.9,0.1999999999999993
2000-12-08,18.5,25.5,12.3,0.0,0.0,13.2,0.3000000000000007
2000-12-09,19.3,25.9,12.1,0.0,0.0,13.799999999999999,0.8000000000000007
2000-12-10,19.7,26.9,12.2,0.0,0.0,14.7,0.3999999999999986
2000-12-11,20.4,26.8,13.7,0.0,0.4166666666666667,13.100000000000001,0.6999999999999993
2000-12-12,19.5,26.8,12.9,0.0,0.0,13.9,-0.8999999999999986
2000-12-13,18.0,24.8,12.0,0.0,0.0,12.8,-1.5
2000-12-14,17.8,24.5,11.3,0.0,0.0,13.2,-0.1999999999999993
2000-12-15,18.3,25.1,11.6,0.0,0.0,13.500000000000002,0.5
2000-12-16,19.1,25.7,12.4,0.0,0.0,13.299999999999999,0.8000000000000007
2000-12-17,19.1,26.1,12.9,0.0,0.5416666666666666,13.200000000000001,0.0
2000-12-18,19.3,25.9,12.4,0.0,17.125,13.499999999999998,0.1999999999999993
2000-12-19,20.1,26.5,13.5,0.0,38.333333333333336,13.0,0.8000000000000007
2000-12-20,19.0,26.3,12.8,0.0,5.791666666666667,13.5,-1.1000000000000014
2000-12-21,18.3,24.7,11.9,0.0,0.0,12.799999999999999,-0.6999999999999993
2000-12-22,18.6,25.2,12.7,0.0,0.0,12.5,0.3000000000000007
2000-12-23,19.2,25.6,12.8,0.0,3.5416666666666665,12.8,0.5999999999999979
2000-12-24,19.7,25.2,14.3,0.0,18.666666666666668,10.899999999999999,0.5
2000-12-25,20.1,25.0,15.5,0.0,26.958333333333332,9.5,0.40000000000000213
2000-12-26,19.9,25.4,15.2,0.0,17.291666666666668,10.2,-0.20000000000000284
2000-12-27,20.0,25.9,14.5,0.0,7.916666666666667,11.399999999999999,0.10000000000000142
2000-12-28,19.6,26.1,13.5,0.0,6.75,12.600000000000001,-0.3999999999999986
2000-12-29,19.3,25.8,13.0,0.0,1.2916666666666667,12.8,-0.3000000000000007
2000-12-30,18.7,25.6,12.6,0.0,0.0,13.000000000000002,-0.6000000000000014
2000-12-31,18.9,25.6,12.1,0.0,0.0,13.500000000000002,0.1999999999999993
2001-01-01,19.8,25.8,12.5,0.0,11.791666666666666,13.3,0.9000000000000021
2001-01-02,20.4,25.3,16.0,0.0,42.0,9.3,0.5999999999999979
2001-01-03,19.8,25.6,13.9,0.0,8.125,11.700000000000001,-0.5999999999999979
2001-01-04,17.4,23.5,11.9,0.0,0.0,11.6,-2.400000000000002
2001-01-05,15.7,21.7,10.3,0.0,0.0,11.399999999999999,-1.6999999999999993
2001-01-06,15.1,21.3,9.6,0.0,3.25,11.700000000000001,-0.5999999999999996
2001-01-07,15.4,22.5,8.9,0.0,37.291666666666664,13.6,0.3000000000000007
2001-01-08,17.1,23.6,9.7,0.0,0.041666666666666664,13.900000000000002,1.700000000000001
2001-01-09,18.1,24.2,11.0,0.0,13.583333333333334,13.2,1.0
2001-01-10,17.1,23.5,10.5,0.0,1.2083333333333333,13.0,-1.0
2001-01-11,15.4,22.2,9.3,0.0,27.041666666666668,12.899999999999999,-1.700000000000001
2001-01-12,15.4,23.0,8.5,0.0,21.458333333333332,14.5,0.0
2001-01-13,16.9,24.0,9.4,0.0,4.083333333333333,14.6,1.4999999999999982
2001-01-14,17.0,24.3,10.5,0.0,0.041666666666666664,13.8,0.10000000000000142
2001-01-15,16.5,24.2,9.9,0.0,0.0,14.299999999999999,-0.5
2001-01-16,17.1,24.7,9.2,0.0,0.0,15.5,0.6000000000000014
2001-01-17,17.4,25.4,10.3,0.0,0.0,15.099999999999998,0.29999999999999716
2001-01-18,16.9,24.8,9.6,0.0,0.0,15.200000000000001,-0.5
2001-01-19,16.9,24.7,9.4,0.0,0.0,15.299999999999999,0.0
2001-01-20,17.7,25.7,9.7,0.0,0.0,16.0,0.8000000000000007
2001-01-21,18.9,26.1,10.1,0.0,0.0,16.0,1.1999999999999993
2001-01-22,20.2,27.5,12.4,0.0,6.125,15.1,1.3000000000000007
2001-01-23,21.6,29.2,14.7,0.0,11.5,14.5,1.4000000000000021
2001-01-24,18.2,25.7,10.1,0.0,0.0,15.6,-3.400000000000002
2001-01-25,16.6,23.3,9.1,0.0,6.25,14.200000000000001,-1.5999999999999979
2001-01-26,17.3,24.0,9.5,0.0,0.0,14.5,0.6999999999999993
2001-01-27,18.1,24.7,10.2,0.0,68.54166666666667,14.5,0.8000000000000007
2001-01-28,17.8,25.1,10.6,0.0,38.541666666666664,14.500000000000002,-0.3000000000000007
2001-01-29,19.0,26.3,9.9,0.0,58.958333333333336,16.4,1.1999999999999993
2001-01-30,19.7,27.8,11.4,0.0,60.75,16.4,0.6999999999999993
2001-01-31,20.1,27.9,13.5,0.0,24.0,14.399999999999999,0.40000000000000213
2001-02-01,21.8,30.1,14.5,0.0,14.958333333333334,15.600000000000001,1.6999999999999993
2001-02-02,22.7,29.9,15.3,0.0,0.8333333333333334,14.599999999999998,0.8999999999999986
2001-02-03,20.9,27.5,14.6,0.0,21.083333333333332,12.9,-1.8000000000000007
2001-02-04,20.4,27.3,13.9,0.0,1.2916666666666667,13.4,-0.5
2001-02-05,21.3,28.0,15.1,0.0,7.375,12.9,0.9000000000000021
2001-02-06,22.3,28.9,16.0,0.0,6.208333333333333,12.899999999999999,1.0
2001-02-07,20.2,27.0,12.5,0.0,0.0,14.5,-2.1000000000000014
2001-02-08,19.8,27.0,12.6,0.0,0.0,14.4,-0.3999999999999986
2001-02-09,19.7,26.7,11.7,0.0,0.0,15.0,-0.10000000000000142
2001-02-10,19.4,26.7,11.0,0.0,0.0,15.7,-0.3000000000000007
2001-02-11,20.8,27.7,12.6,0.0,11.708333333333334,15.1,1.4000000000000021
2001-02-12,20.7,28.2,13.4,0.0,7.333333333333333,14.799999999999999,-0.10000000000000142
2001-02-13,20.3,28.4,12.2,0.0,0.5416666666666666,16.2,-0.3999999999999986
2001-02-14,21.1,28.8,12.8,0.0,47.25,16.0,0.8000000000000007
2001-02-15,22.4,29.5,15.3,0.0,7.958333333333333,14.2,1.2999999999999972
2001-02-16,22.7,29.4,14.4,0.0,9.041666666666666,14.999999999999998,0.3000000000000007
2001-02-17,23.7,30.2,16.9,0.0,2.25,13.3,1.0
2001-02-18,24.2,30.7,17.9,0.0,23.5,12.8,0.5
2001-02-19,24.5,31.3,17.8,0.0,19.041666666666668,13.5,0.3000000000000007
2001-02-20,24.4,30.1,17.9,0.0,13.875,12.200000000000003,-0.10000000000000142
2001-02-21,23.9,28.7,20.0,0.4041666666666666,35.916666666666664,8.7,-0.5
2001-02-22,22.6,27.3,17.4,0.375,38.625,9.900000000000002,-1.2999999999999972
2001-02-23,23.1,29.2,17.5,0.0,3.125,11.7,0.5
2001-02-24,24.7,30.7,18.8,0.0,1.2083333333333333,11.899999999999999,1.5999999999999979
2001-02-25,26.0,31.5,21.3,0.0,23.958333333333332,10.2,1.3000000000000007
2001-02-26,26.2,31.8,22.0,0.041666666666666664,30.625,9.8,0.1999999999999993
2001-02-27,25.5,31.1,21.3,0.012499999999999999,21.666666666666668,9.8,-0.6999999999999993
2001-02-28,25.5,30.6,22.1,0.0,57.458333333333336,8.5,0.0
2001-03-01,25.2,30.1,20.7,0.004166666666666667,77.0,9.400000000000002,-0.3000000000000007
2001-03-02,25.6,30.4,20.6,0.0,34.291666666666664,9.799999999999997,0.40000000000000213
2001-03-03,25.4,31.2,17.6,0.0,36.041666666666664,13.599999999999998,-0.20000000000000284
2001-03-04,25.0,31.8,17.3,0.0,23.708333333333332,14.5,-0.3999999999999986
2001-03-05,23.6,30.2,19.1,0.012499999999999999,32.291666666666664,11.099999999999998,-1.3999999999999986
2001-03-06,24.0,30.5,17.2,0.0,5.291666666666667,13.3,0.3999999999999986
2001-03-07,24.0,31.0,16.5,0.0,3.625,14.5,0.0
2001-03-08,24.7,31.3,18.5,0.0,6.458333333333333,12.8,0.6999999999999993
2001-03-09,25.2,31.0,18.5,0.008333333333333333,37.958333333333336,12.5,0.5
2001-03-10,25.3,32.6,17.9,0.0,24.083333333333332,14.700000000000003,0.10000000000000142
2001-03-11,25.3,32.6,18.1,0.0,6.416666666666667,14.5,0.0
2001-03-12,25.5,33.0,19.5,0.0,3.875,13.5,0.1999999999999993
2001-03-13,26.9,33.4,20.2,0.0,21.083333333333332,13.2,1.3999999999999986
2001-03-14,27.3,33.0,22.5,0.0,25.875,10.5,0.40000000000000213
2001-03-15,27.3,33.9,21.9,0.0,17.083333333333332,12.0,0.0
2001-03-16,27.6,34.2,21.5,0.0,5.416666666666667,12.700000000000003,0.3000000000000007
2001-03-17,28.0,34.5,22.9,0.016666666666666666,7.916666666666667,11.600000000000001,0.3999999999999986
2001-03-18,28.1,34.0,22.3,0.0,4.5,11.7,0.10000000000000142
2001-03-19,28.0,35.2,21.8,0.0,0.7083333333333334,13.400000000000002,-0.10000000000000142
2001-03-20,28.6,35.3,21.7,0.0,7.708333333333333,13.599999999999998,0.6000000000000014
2001-03-21,29.1,35.5,23.4,0.0,9.375,12.100000000000001,0.5
2001-03-22,28.9,35.3,23.7,0.6291666666666667,50.625,11.599999999999998,-0.20000000000000284
2001-03-23,27.1,31.3,23.8,0.03333333333333333,58.625,7.5,-1.7999999999999972
2001-03-24,27.9,32.9,23.5,0.0,8.333333333333334,9.399999999999999,0.7999999999999972
2001-03-25,28.0,33.8,23.1,0.0,3.5833333333333335,10.699999999999996,0.10000000000000142
2001-03-26,28.4,34.3,24.0,0.0,3.5416666666666665,10.299999999999997,0.3999999999999986
2001-03-27,28.4,34.4,24.1,0.012499999999999999,15.083333333333334,10.299999999999997,0.0
2001-03-28,29.2,34.5,25.0,0.0,47.958333333333336,9.5,0.8000000000000007
2001-03-29,29.2,34.8,25.7,0.012499999999999999,29.416666666666668,9.099999999999998,0.0
2001-03-30,28.7,33.3,25.0,0.11666666666666665,72.625,8.299999999999997,-0.5
2001-03-31,26.9,31.3,22.1,0.31666666666666665,45.333333333333336,9.2,-1.8000000000000007
2001-04-01,26.8,31.8,22.2,0.25833333333333336,32.25,9.600000000000001,-0.09999999999999787
2001-04-02,26.7,31.2,23.8,0.3,20.708333333333332,7.399999999999999,-0.10000000000000142
2001-04-03,28.2,33.1,23.7,0.0,12.75,9.400000000000002,1.5
2001-04-04,28.8,34.7,24.0,0.0,5.291666666666667,10.700000000000003,0.6000000000000014
2001-04-05,29.4,35.4,24.3,0.0,4.041666666666667,11.099999999999998,0.5999999999999979
2001-04-06,30.1,35.4,24.5,0.004166666666666667,10.208333333333334,10.899999999999999,0.7000000000000028
2001-04-07,30.7,37.2,25.6,0.0,10.041666666666666,11.600000000000001,0.5999999999999979
2001-04-08,30.7,36.1,26.5,0.0,90.91666666666667,9.600000000000001,0.0
2001-04-09,30.8,36.8,26.5,0.0,92.625,10.299999999999997,0.10000000000000142
2001-04-10,31.1,36.7,27.1,0.0,54.125,9.600000000000001,0.3000000000000007
2001-04-11,30.7,36.3,26.6,0.0,53.708333333333336,9.699999999999996,-0.40000000000000213
2001-04-12,30.4,35.7,26.5,0.0,96.0,9.200000000000003,-0.3000000000000007
2001-04-13,30.2,36.0,24.3,0.03333333333333333,92.83333333333333,11.7,-0.1999999999999993
2001-04-14,27.3,31.6,24.2,0.008333333333333333,87.29166666666667,7.400000000000002,-2.8999999999999986
2001-04-15,27.4,32.2,24.1,0.09166666666666667,52.125,8.100000000000001,0.09999999999999787
2001-04-16,28.5,32.9,24.1,0.0375,22.583333333333332,8.799999999999997,1.1000000000000014
2001-04-17,28.9,35.1,24.0,0.10000000000000002,62.125,11.100000000000001,0.3999999999999986
2001-04-18,27.2,30.9,23.8,0.25000000000000006,29.333333333333332,7.099999999999998,-1.6999999999999993
2001-04-19,29.2,34.6,24.3,0.024999999999999998,15.0,10.3,2.0
2001-04-20,30.2,36.0,24.3,0.0,4.75,11.7,1.0
2001-04-21,30.3,36.2,23.7,0.0,8.791666666666666,12.500000000000004,0.10000000000000142
2001-04-22,29.9,36.7,23.0,0.0,0.125,13.700000000000003,-0.40000000000000213
2001-04-23,30.7,37.9,23.0,0.0,4.666666666666667,14.899999999999999,0.8000000000000007
2001-04-24,31.0,38.2,25.3,0.0,8.75,12.900000000000002,0.3000000000000007
2001-04-25,30.9,37.9,25.4,0.0,3.7916666666666665,12.5,-0.10000000000000142
2001-04-26,30.6,35.9,26.7,0.0,11.375,9.2,-0.29999999999999716
2001-04-27,30.9,36.3,27.3,0.0,10.458333333333334,8.999999999999996,0.29999999999999716
2001-04-28,31.4,37.3,27.4,0.0,18.875,9.899999999999999,0.5
2001-04-29,31.3,36.4,28.1,0.0,29.666666666666668,8.299999999999997,-0.09999999999999787
2001-04-30,30.1,35.5,27.0,0.17500000000000002,65.70833333333333,8.5,-1.1999999999999993
2001-05-01,29.0,34.8,26.8,0.17500000000000002,43.666666666666664,7.9999999999999964,-1.1000000000000014
2001-05-02,29.1,35.1,26.6,0.4916666666666667,52.541666666666664,8.5,0.10000000000000142
2001-05-03,29.3,33.9,25.8,0.33749999999999997,34.083333333333336,8.099999999999998,0.1999999999999993
2001-05-04,30.3,34.7,27.3,0.025000000000000005,39.916666666666664,7.400000000000002,1.0
2001-05-05,29.0,34.1,26.0,0.6208333333333333,59.583333333333336,8.100000000000001,-1.3000000000000007
2001-05-06,27.0,31.2,23.2,1.2916666666666667,80.58333333333333,8.0,-2.0
2001-05-07,27.2,30.3,23.7,0.7333333333333334,96.375,6.600000000000001,0.1999999999999993
2001-05-08,29.9,33.5,27.5,0.08750000000000001,81.95833333333333,6.0,2.6999999999999993
2001-05-09,30.7,35.0,27.7,0.012500000000000002,36.25,7.300000000000001,0.8000000000000007
2001-05-10,30.8,35.1,27.9,0.0,26.958333333333332,7.200000000000003,0.10000000000000142
2001-05-11,29.5,34.3,23.6,0.7958333333333334,80.875,10.699999999999996,-1.3000000000000007
2001-05-12,26.7,30.2,23.2,0.004166666666666667,54.166666666666664,7.0,-2.8000000000000007
2001-05-13,27.8,31.9,22.9,0.0,10.833333333333334,9.0,1.1000000000000014
2001-05-14,28.7,32.7,23.5,0.0,5.708333333333333,9.200000000000003,0.8999999999999986
2001-05-15,29.2,33.1,25.3,0.012500000000000002,38.833333333333336,7.800000000000001,0.5
2001-05-16,28.4,31.1,26.2,0.33749999999999997,47.083333333333336,4.900000000000002,-0.8000000000000007
2001-05-17,29.5,33.8,26.5,0.0375,24.0,7.299999999999997,1.1000000000000014
2001-05-18,29.7,33.5,26.9,0.8416666666666668,33.958333333333336,6.600000000000001,0.1999999999999993
2001-05-19,30.0,33.5,26.9,0.12916666666666668,20.458333333333332,6.600000000000001,0.3000000000000007
2001-05-20,30.0,33.2,27.7,0.3333333333333333,33.166666666666664,5.5000000000000036,0.0
2001-05-21,29.8,34.0,25.6,0.5875,77.29166666666667,8.399999999999999,-0.1999999999999993
2001-05-22,29.6,33.9,26.4,0.016666666666666666,99.20833333333333,7.5,-0.1999999999999993
2001-05-23,31.2,35.1,28.2,0.004166666666666667,92.83333333333333,6.900000000000002,1.5999999999999979
2001-05-24,31.9,36.3,28.0,0.0,94.20833333333333,8.299999999999997,0.6999999999999993
2001-05-25,31.2,35.1,28.1,0.0,51.875,7.0,-0.6999999999999993
2001-05-26,31.4,35.5,27.7,0.0,36.291666666666664,7.800000000000001,0.1999999999999993
2001-05-27,29.8,33.8,26.7,0.18333333333333335,63.0,7.099999999999998,-1.5999999999999979
2001-05-28,29.0,32.1,26.9,0.3541666666666667,80.5,5.200000000000003,-0.8000000000000007
2001-05-29,28.3,32.9,25.9,1.2125000000000001,99.20833333333333,7.0,-0.6999999999999993
2001-05-30,27.6,29.7,25.8,0.2791666666666667,99.25,3.8999999999999986,-0.6999999999999993
2001-05-31,29.7,33.7,25.8,0.004166666666666667,71.91666666666667,7.900000000000002,2.099999999999998
2001-06-01,28.7,31.9,25.6,0.7291666666666666,81.91666666666667,6.299999999999997,-1.0
2001-06-02,26.7,29.0,25.1,1.5125,99.58333333333333,3.8999999999999986,-2.0
2001-06-03,26.3,29.1,25.0,1.5458333333333334,99.79166666666667,4.100000000000001,-0.3999999999999986
2001-06-04,27.0,30.6,25.9,0.5708333333333333,99.91666666666667,4.700000000000003,0.6999999999999993
2001-06-05,27.5,30.5,26.0,0.75,99.75,4.5,0.5
2001-06-06,28.0,30.8,25.4,0.12916666666666668,91.95833333333333,5.400000000000002,0.5
2001-06-07,27.5,31.2,25.3,0.3416666666666666,95.33333333333333,5.899999999999999,-0.5
2001-06-08,27.9,31.0,25.3,0.29583333333333334,99.125,5.699999999999999,0.3999999999999986
2001-06-09,27.3,31.4,25.2,0.2916666666666667,83.70833333333333,6.199999999999999,-0.5999999999999979
2001-06-10,27.9,31.6,25.6,0.35000000000000003,85.16666666666667,6.0,0.5999999999999979
2001-06-11,27.9,31.1,25.7,0.12916666666666668,98.91666666666667,5.400000000000002,0.0
2001-06-12,27.9,30.3,25.4,0.22916666666666666,96.20833333333333,4.900000000000002,0.0
2001-06-13,26.4,28.8,25.2,0.5958333333333333,99.04166666666667,3.6000000000000014,-1.5
2001-06-14,26.6,28.2,25.4,0.5791666666666667,98.41666666666667,2.8000000000000007,0.20000000000000284
2001-06-15,27.0,28.7,25.3,0.1416666666666667,99.20833333333333,3.3999999999999986,0.3999999999999986
2001-06-16,26.7,28.3,24.9,0.07083333333333335,99.95833333333333,3.400000000000002,-0.3000000000000007
2001-06-17,25.6,26.7,24.7,0.46249999999999997,99.91666666666667,2.0,-1.0999999999999979
2001-06-18,27.0,28.7,25.3,0.2541666666666667,98.83333333333333,3.3999999999999986,1.3999999999999986
2001-06-19,28.1,30.9,26.1,0.375,97.16666666666667,4.799999999999997,1.1000000000000014
2001-06-20,27.8,30.6,25.4,0.5916666666666667,91.91666666666667,5.200000000000003,-0.3000000000000007
2001-06-21,28.5,32.5,25.5,0.4666666666666666,97.25,7.0,0.6999999999999993
2001-06-22,27.3,30.9,25.6,0.425,96.20833333333333,5.299999999999997,-1.1999999999999993
2001-06-23,26.9,29.0,25.7,0.425,99.41666666666667,3.3000000000000007,-0.40000000000000213
2001-06-24,27.4,29.9,25.7,0.25,92.625,4.199999999999999,0.5
2001-06-25,27.3,30.4,25.5,0.5,97.29166666666667,4.899999999999999,-0.09999999999999787
2001-06-26,27.2,29.7,25.5,0.6458333333333334,99.20833333333333,4.199999999999999,-0.10000000000000142
2001-06-27,27.2,30.2,25.6,0.6541666666666667,98.58333333333333,4.599999999999998,0.0
2001-06-28,26.9,30.1,25.6,0.6875,98.5,4.5,-0.3000000000000007
2001-06-29,27.0,29.4,25.5,0.6749999999999999,98.41666666666667,3.8999999999999986,0.10000000000000142
2001-06-30,27.8,31.0,25.3,0.6749999999999999,99.58333333333333,5.699999999999999,0.8000000000000007
2001-07-01,27.5,30.6,25.4,0.7291666666666666,99.54166666666667,5.200000000000003,-0.3000000000000007
2001-07-02,25.9,26.6,25.0,5.5249999999999995,99.95833333333333,1.6000000000000014,-1.6000000000000014
2001-07-03,26.2,28.8,24.7,1.1208333333333333,98.70833333333333,4.100000000000001,0.3000000000000007
2001-07-04,27.8,31.2,25.6,0.15,86.33333333333333,5.599999999999998,1.6000000000000014
2001-07-05,28.7,31.9,25.8,0.05000000000000001,80.83333333333333,6.099999999999998,0.8999999999999986
2001-07-06,28.9,31.8,26.5,0.0375,76.45833333333333,5.300000000000001,0.1999999999999993
2001-07-07,28.1,30.7,26.0,0.24166666666666667,93.66666666666667,4.699999999999999,-0.7999999999999972
2001-07-08,28.2,31.2,26.0,0.13333333333333333,95.95833333333333,5.199999999999999,0.09999999999999787
2001-07-09,27.9,30.8,25.5,0.19166666666666665,98.41666666666667,5.300000000000001,-0.3000000000000007
2001-07-10,26.6,29.7,24.8,0.6749999999999999,99.625,4.899999999999999,-1.2999999999999972
2001-07-11,26.3,27.2,24.9,1.25,92.79166666666667,2.3000000000000007,-0.3000000000000007
2001-07-12,27.4,30.2,26.1,0.46249999999999997,75.83333333333333,4.099999999999998,1.0999999999999979
2001-07-13,28.7,31.5,26.4,0.008333333333333333,73.45833333333333,5.100000000000001,1.3000000000000007
2001-07-14,28.1,31.2,26.0,0.0625,99.5,5.199999999999999,-0.5999999999999979
2001-07-15,28.0,31.1,26.0,0.13333333333333333,98.625,5.100000000000001,-0.10000000000000142
2001-07-16,27.5,30.5,25.6,0.19583333333333333,98.83333333333333,4.899999999999999,-0.5
2001-07-17,27.9,30.5,25.8,0.1708333333333333,96.5,4.699999999999999,0.3999999999999986
2001-07-18,27.5,30.5,25.7,0.4041666666666666,96.41666666666667,4.800000000000001,-0.3999999999999986
2001-07-19,27.4,29.6,25.7,0.10416666666666667,99.5,3.900000000000002,-0.10000000000000142
2001-07-20,27.6,29.9,25.7,0.8458333333333333,99.125,4.199999999999999,0.20000000000000284
2001-07-21,26.9,28.9,25.4,0.30416666666666664,99.66666666666667,3.5,-0.7000000000000028
2001-07-22,26.8,29.8,25.4,0.4583333333333333,98.75,4.400000000000002,-0.09999999999999787
2001-07-23,27.0,30.6,25.4,0.6541666666666667,99.625,5.200000000000003,0.1999999999999993
2001-07-24,27.2,29.7,25.2,0.4458333333333333,99.16666666666667,4.5,0.1999999999999993
2001-07-25,27.6,30.4,25.1,0.46666666666666673,98.70833333333333,5.299999999999997,0.40000000000000213
2001-07-26,27.7,30.4,25.3,0.15,95.5,5.099999999999998,0.09999999999999787
2001-07-27,28.3,30.6,26.2,0.17500000000000002,96.125,4.400000000000002,0.6000000000000014
2001-07-28,29.0,31.9,26.9,0.29583333333333334,92.83333333333333,5.0,0.6999999999999993
2001-07-29,28.2,31.7,26.3,1.05,99.95833333333333,5.399999999999999,-0.8000000000000007
2001-07-30,27.8,31.0,26.1,0.5791666666666667,99.75,4.899999999999999,-0.3999999999999986
2001-07-31,28.9,32.6,26.3,0.39166666666666666,96.41666666666667,6.300000000000001,1.0999999999999979
2001-08-01,27.8,29.5,26.1,0.2041666666666667,99.0,3.3999999999999986,-1.0999999999999979
2001-08-02,27.1,32.0,25.4,0.9791666666666666,98.54166666666667,6.600000000000001,-0.6999999999999993
2001-08-03,27.6,31.3,25.5,0.14583333333333334,84.16666666666667,5.800000000000001,0.5
2001-08-04,27.4,30.2,25.5,0.23750000000000002,99.91666666666667,4.699999999999999,-0.20000000000000284
2001-08-05,27.4,30.6,25.5,0.22499999999999998,98.125,5.100000000000001,0.0
2001-08-06,27.7,31.2,25.4,0.10416666666666667,91.33333333333333,5.800000000000001,0.3000000000000007
2001-08-07,28.2,31.7,25.3,0.0625,67.33333333333333,6.399999999999999,0.5
2001-08-08,28.4,32.0,25.4,0.08333333333333333,92.75,6.600000000000001,0.1999999999999993
2001-08-09,27.8,31.1,25.1,0.20833333333333334,88.04166666666667,6.0,-0.5999999999999979
2001-08-10,27.5,30.3,25.4,0.1125,87.95833333333333,4.900000000000002,-0.3000000000000007
2001-08-11,28.0,30.9,25.5,0.09583333333333333,94.20833333333333,5.399999999999999,0.5
2001-08-12,27.9,31.5,25.5,0.225,99.16666666666667,6.0,-0.10000000000000142
2001-08-13,27.5,31.1,25.6,0.27499999999999997,99.70833333333333,5.5,-0.3999999999999986
2001-08-14,27.6,30.8,25.6,0.33749999999999997,99.625,5.199999999999999,0.10000000000000142
2001-08-15,27.9,31.2,25.5,0.11666666666666665,92.79166666666667,5.699999999999999,0.29999999999999716
2001-08-16,27.7,31.1,25.4,0.7374999999999999,98.04166666666667,5.700000000000003,-0.1999999999999993
2001-08-17,27.8,31.4,25.8,0.46249999999999997,99.75,5.599999999999998,0.10000000000000142
2001-08-18,28.3,31.1,26.3,0.25,98.375,4.800000000000001,0.5
2001-08-19,28.7,31.3,26.8,0.07083333333333333,98.08333333333333,4.5,0.3999999999999986
2001-08-20,28.9,32.0,26.6,0.07916666666666666,98.33333333333333,5.399999999999999,0.1999999999999993
2001-08-21,28.5,31.5,26.1,0.04583333333333334,86.54166666666667,5.399999999999999,-0.3999999999999986
2001-08-22,28.2,31.3,26.1,0.10416666666666667,95.70833333333333,5.199999999999999,-0.3000000000000007
2001-08-23,27.9,31.3,25.9,0.13333333333333333,88.25,5.400000000000002,-0.3000000000000007
2001-08-24,27.8,30.5,25.8,0.2625,86.29166666666667,4.699999999999999,-0.09999999999999787
2001-08-25,27.7,30.4,25.9,0.26666666666666666,96.91666666666667,4.5,-0.10000000000000142
2001-08-26,27.8,31.8,25.7,0.3458333333333334,90.70833333333333,6.100000000000001,0.10000000000000142
2001-08-27,27.5,30.9,25.7,0.5583333333333333,99.625,5.199999999999999,-0.3000000000000007
2001-08-28,26.8,29.8,25.5,0.5375,98.20833333333333,4.300000000000001,-0.6999999999999993
2001-08-29,26.7,29.8,25.2,0.4375,100.0,4.600000000000001,-0.10000000000000142
2001-08-30,27.3,29.5,25.3,0.41250000000000003,99.83333333333333,4.199999999999999,0.6000000000000014
2001-08-31,27.6,30.4,25.5,0.5458333333333333,95.08333333333333,4.899999999999999,0.3000000000000007
2001-09-01,27.7,31.0,25.7,0.21666666666666667,88.70833333333333,5.300000000000001,0.09999999999999787
2001-09-02,28.3,31.9,25.7,0.024999999999999998,98.04166666666667,6.199999999999999,0.6000000000000014
2001-09-03,28.6,31.9,25.8,0.05416666666666667,84.33333333333333,6.099999999999998,0.3000000000000007
2001-09-04,27.7,30.9,25.3,0.9083333333333332,95.0,5.599999999999998,-0.9000000000000021
2001-09-05,27.1,30.7,25.4,0.5666666666666667,99.08333333333333,5.300000000000001,-0.5999999999999979
2001-09-06,26.8,30.4,25.1,0.6166666666666667,99.75,5.299999999999997,-0.3000000000000007
2001-09-07,26.9,29.9,25.1,0.37916666666666665,95.125,4.799999999999997,0.09999999999999787
2001-09-08,27.4,30.7,25.2,0.625,76.66666666666667,5.5,0.5
2001-09-09,27.6,31.2,25.8,0.5499999999999999,96.625,5.399999999999999,0.20000000000000284
2001-09-10,27.4,30.8,25.1,1.3791666666666667,99.04166666666667,5.699999999999999,-0.20000000000000284
2001-09-11,26.1,30.8,24.5,1.2375,99.79166666666667,6.300000000000001,-1.2999999999999972
2001-09-12,26.1,29.3,24.5,1.1333333333333333,96.375,4.800000000000001,0.0
2001-09-13,27.3,30.7,25.1,0.2625,54.0,5.599999999999998,1.1999999999999993
2001-09-14,28.0,31.7,24.9,0.029166666666666664,58.416666666666664,6.800000000000001,0.6999999999999993
2001-09-15,28.4,31.9,25.0,0.049999999999999996,94.95833333333333,6.899999999999999,0.3999999999999986
2001-09-16,27.4,30.5,24.9,0.37916666666666665,97.0,5.600000000000001,-1.0
2001-09-17,26.7,30.0,24.8,0.12916666666666668,78.41666666666667,5.199999999999999,-0.6999999999999993
2001-09-18,27.3,31.7,25.2,0.12083333333333333,86.125,6.5,0.6000000000000014
2001-09-19,28.1,32.4,24.9,0.004166666666666667,92.75,7.5,0.8000000000000007
2001-09-20,28.4,32.6,25.2,0.07083333333333335,66.25,7.400000000000002,0.29999999999999716
2001-09-21,28.5,32.1,24.8,0.025000000000000005,39.166666666666664,7.300000000000001,0.10000000000000142
2001-09-22,28.4,31.9,25.0,0.0,62.25,6.899999999999999,-0.10000000000000142
2001-09-23,28.2,31.8,24.9,0.008333333333333333,67.41666666666667,6.900000000000002,-0.1999999999999993
2001-09-24,27.0,30.6,24.8,0.3833333333333333,90.83333333333333,5.800000000000001,-1.1999999999999993
2001-09-25,27.6,31.5,24.7,0.10833333333333334,59.958333333333336,6.800000000000001,0.6000000000000014
2001-09-26,28.4,31.7,24.7,0.020833333333333332,21.625,7.0,0.7999999999999972
2001-09-27,28.1,32.2,25.3,0.15833333333333333,64.79166666666667,6.900000000000002,-0.29999999999999716
2001-09-28,28.3,31.8,25.4,0.02916666666666667,38.416666666666664,6.400000000000002,0.1999999999999993
2001-09-29,27.7,30.8,25.0,0.3125,44.458333333333336,5.800000000000001,-0.6000000000000014
2001-09-30,25.9,28.0,24.8,0.7916666666666666,99.66666666666667,3.1999999999999993,-1.8000000000000007
2001-10-01,26.0,28.2,25.0,0.43333333333333335,93.33333333333333,3.1999999999999993,0.10000000000000142
2001-10-02,26.7,30.8,24.9,0.5791666666666666,96.08333333333333,5.900000000000002,0.6999999999999993
2001-10-03,26.5,30.2,24.8,0.3958333333333333,98.66666666666667,5.399999999999999,-0.1999999999999993
2001-10-04,26.5,29.6,24.8,0.34583333333333327,98.75,4.800000000000001,0.0
2001-10-05,27.1,30.9,25.4,0.26666666666666666,99.91666666666667,5.5,0.6000000000000014
2001-10-06,27.1,30.8,24.8,0.26666666666666666,73.79166666666667,6.0,0.0
2001-10-07,27.7,31.8,24.7,0.075,39.5,7.100000000000001,0.5999999999999979
2001-10-08,27.8,31.7,25.2,0.11666666666666665,47.708333333333336,6.5,0.10000000000000142
2001-10-09,28.0,31.7,25.7,0.1625,68.20833333333333,6.0,0.1999999999999993
2001-10-10,25.8,30.0,24.1,0.9583333333333334,97.875,5.899999999999999,-2.1999999999999993
2001-10-11,27.5,31.2,24.1,0.02916666666666667,64.08333333333333,7.099999999999998,1.6999999999999993
2001-10-12,28.0,31.1,24.6,0.008333333333333333,26.791666666666668,6.5,0.5
2001-10-13,27.1,31.0,24.7,0.15416666666666667,71.0,6.300000000000001,-0.8999999999999986
2001-10-14,26.9,29.7,24.3,0.08333333333333333,87.5,5.399999999999999,-0.20000000000000284
2001-10-15,26.7,31.1,23.9,0.11249999999999999,91.66666666666667,7.200000000000003,-0.1999999999999993
2001-10-16,26.5,30.3,24.3,0.3041666666666667,44.875,6.0,-0.1999999999999993
2001-10-17,25.9,28.8,24.0,0.3,84.45833333333333,4.800000000000001,-0.6000000000000014
2001-10-18,25.2,27.9,23.2,0.16666666666666666,83.41666666666667,4.699999999999999,-0.6999999999999993
2001-10-19,25.7,29.9,22.0,0.0,35.833333333333336,7.899999999999999,0.5
2001-10-20,25.5,29.3,21.8,0.008333333333333333,12.25,7.5,-0.1999999999999993
2001-10-21,25.7,29.3,21.7,0.02916666666666667,17.916666666666668,7.600000000000001,0.1999999999999993
2001-10-22,26.0,30.6,22.2,0.0,2.7083333333333335,8.400000000000002,0.3000000000000007
2001-10-23,26.6,31.2,22.3,0.0,11.333333333333334,8.899999999999999,0.6000000000000014
2001-10-24,26.5,31.1,23.0,0.020833333333333332,18.208333333333332,8.100000000000001,-0.10000000000000142
2001-10-25,26.2,30.6,22.2,0.0,5.541666666666667,8.400000000000002,-0.3000000000000007
2001-10-26,26.1,31.0,22.1,0.0,5.416666666666667,8.899999999999999,-0.09999999999999787
2001-10-27,25.1,29.9,22.2,0.35833333333333334,64.66666666666667,7.699999999999999,-1.0
2001-10-28,25.1,28.3,22.8,0.19166666666666665,62.0,5.5,0.0
2001-10-29,24.3,27.2,23.0,0.325,70.41666666666667,4.199999999999999,-0.8000000000000007
2001-10-30,23.9,25.7,22.9,0.23750000000000002,80.625,2.8000000000000007,-0.40000000000000213
2001-10-31,24.8,27.6,22.3,0.0375,43.416666666666664,5.300000000000001,0.9000000000000021
2001-11-01,24.8,29.0,21.0,0.0,14.541666666666666,8.0,0.0
2001-11-02,25.6,29.4,20.9,0.0,14.166666666666666,8.5,0.8000000000000007
2001-11-03,24.9,29.4,20.7,0.0,47.041666666666664,8.7,-0.7000000000000028
2001-11-04,25.1,29.8,21.0,0.0,23.75,8.8,0.20000000000000284
2001-11-05,25.7,30.5,22.1,0.0,18.541666666666668,8.399999999999999,0.5999999999999979
2001-11-06,25.9,29.7,21.2,0.03333333333333333,90.41666666666667,8.5,0.1999999999999993
2001-11-07,23.7,26.3,21.3,0.0,97.0,5.0,-2.1999999999999993
2001-11-08,23.7,26.7,20.7,0.0,87.79166666666667,6.0,0.0
2001-11-09,24.6,28.6,20.6,0.0,75.625,8.0,0.9000000000000021
2001-11-10,24.0,27.1,22.0,0.3875,99.20833333333333,5.100000000000001,-0.6000000000000014
2001-11-11,23.0,24.3,22.1,0.43333333333333335,99.33333333333333,2.1999999999999993,-1.0
2001-11-12,23.3,25.8,22.1,0.3041666666666667,99.95833333333333,3.6999999999999993,0.3000000000000007
2001-11-13,24.0,26.2,22.1,0.12916666666666668,88.375,4.099999999999998,0.6999999999999993
2001-11-14,24.0,28.8,18.1,0.0,28.166666666666668,10.7,0.0
2001-11-15,23.8,28.1,17.9,0.0,0.0,10.200000000000003,-0.1999999999999993
2001-11-16,23.4,28.4,18.4,0.0,1.2916666666666667,10.0,-0.40000000000000213
2001-11-17,23.5,28.4,18.8,0.0,7.166666666666667,9.599999999999998,0.10000000000000142
2001-11-18,24.3,27.9,20.1,0.012500000000000002,26.083333333333332,7.799999999999997,0.8000000000000007
2001-11-19,23.5,27.7,19.5,0.004166666666666667,24.291666666666668,8.2,-0.8000000000000007
2001-11-20,23.5,27.3,19.8,0.008333333333333333,30.875,7.5,0.0
2001-11-21,23.1,27.3,19.1,0.0,23.0,8.2,-0.3999999999999986
2001-11-22,23.5,27.7,19.2,0.0,18.833333333333332,8.5,0.3999999999999986
2001-11-23,23.2,27.0,18.8,0.004166666666666667,24.25,8.2,-0.3000000000000007
2001-11-24,22.6,27.2,18.1,0.0,30.541666666666668,9.099999999999998,-0.5999999999999979
2001-11-25,21.9,27.7,16.7,0.0,0.0,11.0,-0.7000000000000028
2001-11-26,22.2,27.3,16.4,0.0,4.916666666666667,10.900000000000002,0.3000000000000007
2001-11-27,22.6,27.4,17.0,0.0,8.916666666666666,10.399999999999999,0.40000000000000213
2001-11-28,22.9,26.9,17.6,0.0,35.541666666666664,9.299999999999997,0.29999999999999716
2001-11-29,22.4,27.4,16.6,0.0,16.333333333333332,10.799999999999997,-0.5
2001-11-30,20.6,26.4,15.1,0.0,19.208333333333332,11.299999999999999,-1.7999999999999972
2001-12-01,20.0,25.4,14.0,0.0,0.0,11.399999999999999,-0.6000000000000014
2001-12-02,20.0,25.4,13.5,0.0,0.0,11.899999999999999,0.0
2001-12-03,19.4,25.7,13.0,0.0,0.0,12.7,-0.6000000000000014
2001-12-04,20.1,25.7,13.8,0.0,0.0,11.899999999999999,0.7000000000000028
2001-12-05,20.8,26.1,13.6,0.0,1.25,12.500000000000002,0.6999999999999993
2001-12-06,20.8,26.5,13.8,0.0,0.0,12.7,0.0
2001-12-07,20.5,26.3,13.7,0.0,0.0,12.600000000000001,-0.3000000000000007
2001-12-08,20.8,26.8,16.0,0.0,2.5416666666666665,10.8,0.3000000000000007
2001-12-09,21.1,27.5,15.2,0.0,14.125,12.3,0.3000000000000007
2001-12-10,20.6,27.1,15.3,0.0,17.208333333333332,11.8,-0.5
2001-12-11,19.8,26.1,14.3,0.0,0.0,11.8,-0.8000000000000007
2001-12-12,19.5,26.1,13.8,0.0,0.0,12.3,-0.3000000000000007
2001-12-13,19.7,26.3,13.8,0.0,0.0,12.5,0.1999999999999993
2001-12-14,19.1,25.5,13.7,0.0,57.041666666666664,11.8,-0.5999999999999979
2001-12-15,19.0,25.4,13.1,0.0,3.3333333333333335,12.299999999999999,-0.10000000000000142
2001-12-16,18.9,25.5,12.5,0.0,1.125,13.0,-0.10000000000000142
2001-12-17,18.7,25.0,12.9,0.0,0.0,12.1,-0.1999999999999993
2001-12-18,18.8,25.1,13.4,0.0,2.625,11.700000000000001,0.10000000000000142
2001-12-19,18.7,25.0,13.3,0.0,84.25,11.7,-0.10000000000000142
2001-12-20,19.1,24.7,13.5,0.0,99.58333333333333,11.2,0.40000000000000213
2001-12-21,18.8,24.4,14.5,0.0,99.33333333333333,9.899999999999999,-0.3000000000000007
2001-12-22,18.0,24.6,12.6,0.0,56.708333333333336,12.000000000000002,-0.8000000000000007
2001-12-23,17.6,24.6,11.9,0.0,59.333333333333336,12.700000000000001,-0.3999999999999986
2001-12-24,17.8,24.3,12.1,0.0,77.41666666666667,12.200000000000001,0.1999999999999993
2001-12-25,17.9,24.9,11.6,0.0,3.625,13.299999999999999,0.09999999999999787
2001-12-26,18.0,25.1,11.3,0.0,0.0,13.8,0.10000000000000142
2001-12-27,18.4,25.5,11.6,0.0,0.0,13.9,0.3999999999999986
2001-12-28,18.7,25.9,11.9,0.0,12.208333333333334,13.999999999999998,0.3000000000000007
2001-12-29,18.1,25.0,12.0,0.0,2.0,13.0,-0.5999999999999979
2001-12-30,18.5,25.4,11.6,0.0,78.33333333333333,13.799999999999999,0.3999999999999986
2001-12-31,18.1,25.0,12.5,0.0,89.41666666666667,12.5,-0.3999999999999986
2002-01-01,17.5,24.4,12.0,0.0,23.25,12.399999999999999,-0.6000000000000014
2002-01-02,17.2,24.1,11.3,0.0,0.0,12.8,-0.3000000000000007
2002-01-03,17.7,24.8,10.9,0.0,28.541666666666668,13.9,0.5
2002-01-04,18.0,24.7,12.1,0.0,70.125,12.6,0.3000000000000007
2002-01-05,18.3,25.2,11.5,0.0,4.666666666666667,13.7,0.3000000000000007
2002-01-06,19.8,25.7,12.7,0.0,51.583333333333336,13.0,1.5
2002-01-07,19.7,25.8,15.2,0.0,46.041666666666664,10.600000000000001,-0.10000000000000142
2002-01-08,20.0,26.4,13.9,0.0,14.875,12.499999999999998,0.3000000000000007
2002-01-09,19.3,25.7,13.3,0.0,7.333333333333333,12.399999999999999,-0.6999999999999993
2002-01-10,18.1,25.2,11.7,0.0,0.0,13.5,-1.1999999999999993
2002-01-11,18.5,25.0,11.3,0.0,0.0,13.7,0.3999999999999986
2002-01-12,19.0,25.2,12.2,0.0,0.6666666666666666,13.0,0.5
2002-01-13,19.4,25.4,12.5,0.0,2.2916666666666665,12.899999999999999,0.3999999999999986
2002-01-14,20.3,26.3,14.7,0.0,12.916666666666666,11.600000000000001,0.9000000000000021
2002-01-15,20.9,27.5,14.3,0.0,4.375,13.2,0.5999999999999979
2002-01-16,21.3,27.9,15.5,0.0,4.208333333333333,12.399999999999999,0.40000000000000213
2002-01-17,22.0,28.9,16.4,0.0,1.2916666666666667,12.5,0.6999999999999993
2002-01-18,21.3,28.2,15.4,0.0,7.166666666666667,12.799999999999999,-0.6999999999999993
2002-01-19,21.1,27.9,15.3,0.0,4.333333333333333,12.599999999999998,-0.1999999999999993
2002-01-20,21.1,28.5,14.9,0.0,12.75,13.6,0.0
2002-01-21,21.4,27.8,15.1,0.0,21.041666666666668,12.700000000000001,0.29999999999999716
2002-01-22,22.4,27.7,16.2,0.02916666666666667,29.458333333333332,11.5,1.0
2002-01-23,20.4,23.5,17.3,0.2541666666666667,58.166666666666664,6.199999999999999,-2.0
2002-01-24,19.8,25.0,15.8,0.0,20.708333333333332,9.2,-0.5999999999999979
2002-01-25,18.4,24.8,12.8,0.0,6.208333333333333,12.0,-1.4000000000000021
2002-01-26,18.5,24.9,13.1,0.0,0.0,11.799999999999999,0.10000000000000142
2002-01-27,20.8,26.3,14.7,0.004166666666666667,25.166666666666668,11.600000000000001,2.3000000000000007
2002-01-28,18.5,22.1,16.1,0.9874999999999999,84.83333333333333,6.0,-2.3000000000000007
2002-01-29,19.3,22.8,16.2,0.07916666666666666,84.58333333333333,6.600000000000001,0.8000000000000007
2002-01-30,18.4,23.4,13.5,0.0,21.25,9.899999999999999,-0.9000000000000021
2002-01-31,17.0,23.1,11.4,0.0,0.0,11.700000000000001,-1.3999999999999986
2002-02-01,17.3,24.0,11.1,0.0,3.6666666666666665,12.9,0.3000000000000007
2002-02-02,17.8,23.8,10.7,0.0,31.5,13.100000000000001,0.5
2002-02-03,18.2,24.5,11.2,0.0,4.958333333333333,13.3,0.3999999999999986
2002-02-04,17.9,24.5,10.7,0.0,0.0,13.8,-0.3000000000000007
2002-02-05,18.7,25.3,10.4,0.0,0.0,14.9,0.8000000000000007
2002-02-06,20.1,26.8,14.0,0.0,0.8333333333333334,12.8,1.4000000000000021
2002-02-07,22.0,28.4,16.2,0.0,8.041666666666666,12.2,1.8999999999999986
2002-02-08,22.5,28.5,15.8,0.0,51.208333333333336,12.7,0.5
2002-02-09,22.3,28.8,16.7,0.0,4.958333333333333,12.100000000000001,-0.1999999999999993
2002-02-10,22.8,28.9,16.7,0.0,25.291666666666668,12.2,0.5
2002-02-11,23.8,30.3,17.2,0.0,43.125,13.100000000000001,1.0
2002-02-12,24.2,29.7,19.2,0.0,98.875,10.5,0.3999999999999986
2002-02-13,22.4,28.1,16.9,0.0,58.083333333333336,11.200000000000003,-1.8000000000000007
2002-02-14,20.9,27.6,15.8,0.0,0.0,11.8,-1.5
2002-02-15,20.3,27.2,14.1,0.0,0.08333333333333333,13.1,-0.5999999999999979
2002-02-16,20.9,28.0,13.4,0.0,0.0,14.6,0.5999999999999979
2002-02-17,22.5,29.2,13.7,0.0,0.125,15.5,1.6000000000000014
2002-02-18,23.0,30.6,14.3,0.0,0.25,16.3,0.5
2002-02-19,23.5,31.0,16.3,0.0,0.125,14.7,0.5
2002-02-20,24.2,31.5,16.5,0.0,6.333333333333333,15.0,0.6999999999999993
2002-02-21,25.0,32.0,17.9,0.0,11.083333333333334,14.100000000000001,0.8000000000000007
2002-02-22,25.1,31.7,17.4,0.0,6.416666666666667,14.3,0.10000000000000142
2002-02-23,24.6,32.0,16.9,0.0,0.0,15.100000000000001,-0.5
2002-02-24,26.1,33.2,18.1,0.0,4.958333333333333,15.100000000000001,1.5
2002-02-25,25.3,32.8,20.0,0.05833333333333333,15.0,12.799999999999997,-0.8000000000000007
2002-02-26,25.6,31.5,19.7,0.0,18.5,11.8,0.3000000000000007
2002-02-27,24.1,30.1,17.2,0.0,22.916666666666668,12.900000000000002,-1.5
2002-02-28,24.3,31.3,16.8,0.0,8.291666666666666,14.5,0.1999999999999993
2002-03-01,24.7,31.2,17.5,0.0,27.875,13.7,0.3999999999999986
2002-03-02,25.7,32.0,18.9,0.0,14.416666666666666,13.100000000000001,1.0
2002-03-03,26.5,32.6,20.8,0.02916666666666667,25.708333333333332,11.8,0.8000000000000007
2002-03-04,24.8,30.9,17.8,0.012500000000000002,18.416666666666668,13.099999999999998,-1.6999999999999993
2002-03-05,23.9,30.4,17.3,0.0,23.541666666666668,13.099999999999998,-0.9000000000000021
2002-03-06,24.3,30.7,17.3,0.0,2.7083333333333335,13.399999999999999,0.40000000000000213
2002-03-07,24.6,30.9,17.1,0.0,4.958333333333333,13.799999999999997,0.3000000000000007
2002-03-08,25.5,31.0,19.1,0.020833333333333332,30.291666666666668,11.899999999999999,0.8999999999999986
2002-03-09,26.5,31.8,21.6,0.0,19.375,10.2,1.0
2002-03-10,27.8,32.8,22.0,0.0,26.125,10.799999999999997,1.3000000000000007
2002-03-11,28.5,34.3,23.3,0.0,17.291666666666668,10.999999999999996,0.6999999999999993
2002-03-12,27.9,33.9,20.1,0.0,52.458333333333336,13.799999999999997,-0.6000000000000014
2002-03-13,26.3,32.9,19.5,0.0,72.66666666666667,13.399999999999999,-1.5999999999999979
2002-03-14,27.4,34.0,19.5,0.0,86.54166666666667,14.5,1.0999999999999979
2002-03-15,27.9,34.1,21.4,0.0,46.916666666666664,12.700000000000003,0.5
2002-03-16,27.0,32.7,21.3,0.0,4.625,11.400000000000002,-0.8999999999999986
2002-03-17,27.7,34.1,21.1,0.0,7.333333333333333,13.0,0.6999999999999993
2002-03-18,27.5,34.3,20.2,0.0,3.0416666666666665,14.099999999999998,-0.1999999999999993
2002-03-19,28.2,35.0,20.5,0.0,0.7083333333333334,14.5,0.6999999999999993
2002-03-20,28.2,35.2,22.1,0.0,0.25,13.100000000000001,0.0
2002-03-21,28.4,35.9,22.2,0.0,0.16666666666666666,13.7,0.1999999999999993
2002-03-22,28.8,35.8,22.7,0.024999999999999998,16.333333333333332,13.099999999999998,0.40000000000000213
2002-03-23,29.3,36.1,23.8,0.0,14.75,12.3,0.5
2002-03-24,29.2,35.1,24.6,0.025000000000000005,20.916666666666668,10.5,-0.10000000000000142
2002-03-25,29.3,35.1,25.4,0.008333333333333333,26.208333333333332,9.700000000000003,0.10000000000000142
2002-03-26,29.0,33.9,25.8,0.004166666666666667,57.0,8.099999999999998,-0.3000000000000007
2002-03-27,28.7,33.2,24.8,0.09166666666666667,29.375,8.400000000000002,-0.3000000000000007
2002-03-28,28.0,33.2,24.9,0.125,41.166666666666664,8.300000000000004,-0.6999999999999993
2002-03-29,27.2,33.3,22.6,0.22916666666666666,43.375,10.699999999999996,-0.8000000000000007
2002-03-30,27.4,33.4,23.8,0.029166666666666664,25.208333333333332,9.599999999999998,0.1999999999999993
2002-03-31,28.1,34.8,24.7,0.03333333333333333,18.958333333333332,10.099999999999998,0.7000000000000028
2002-04-01,29.3,35.6,25.3,0.0,18.375,10.3,1.1999999999999993
2002-04-02,28.5,34.7,23.0,0.3416666666666666,49.25,11.700000000000003,-0.8000000000000007
2002-04-03,23.7,27.8,20.9,1.625,71.79166666666667,6.900000000000002,-4.800000000000001
2002-04-04,25.3,29.4,21.5,0.012500000000000002,46.083333333333336,7.899999999999999,1.6000000000000014
2002-04-05,27.1,30.6,22.7,0.008333333333333333,41.125,7.900000000000002,1.8000000000000007
2002-04-06,27.9,32.2,24.0,0.0,16.583333333333332,8.200000000000003,0.7999999999999972
2002-04-07,28.5,33.5,24.4,0.0,15.541666666666666,9.100000000000001,0.6000000000000014
2002-04-08,29.4,34.9,24.9,0.0,27.291666666666668,10.0,0.8999999999999986
2002-04-09,29.3,34.7,25.2,0.012499999999999999,25.666666666666668,9.500000000000004,-0.09999999999999787
2002-04-10,29.5,34.4,25.6,0.041666666666666664,25.416666666666668,8.799999999999997,0.1999999999999993
2002-04-11,28.3,34.1,24.4,0.008333333333333333,41.833333333333336,9.700000000000003,-1.1999999999999993
2002-04-12,26.1,31.9,21.1,0.4375,49.208333333333336,10.799999999999997,-2.1999999999999993
2002-04-13,26.6,31.0,21.2,0.0,13.375,9.8,0.5
2002-04-14,28.2,32.1,23.3,0.008333333333333333,21.041666666666668,8.8,1.5999999999999979
2002-04-15,29.0,33.9,25.8,0.07916666666666668,17.875,8.099999999999998,0.8000000000000007
2002-04-16,29.6,34.6,26.0,0.0,14.708333333333334,8.600000000000001,0.6000000000000014
2002-04-17,29.9,34.9,26.2,0.0,20.083333333333332,8.7,0.29999999999999716
2002-04-18,29.9,34.9,26.1,0.0,27.958333333333332,8.799999999999997,0.0
2002-04-19,30.2,35.5,26.8,0.0,27.458333333333332,8.7,0.3000000000000007
2002-04-20,30.3,35.7,26.7,0.0,63.375,9.000000000000004,0.10000000000000142
2002-04-21,30.4,35.9,26.3,0.0,73.0,9.599999999999998,0.09999999999999787
2002-04-22,30.4,35.8,26.2,0.008333333333333333,46.708333333333336,9.599999999999998,0.0
2002-04-23,29.7,35.0,26.3,0.0,24.5,8.7,-0.6999999999999993
2002-04-24,30.0,34.8,26.4,0.0,38.25,8.399999999999999,0.3000000000000007
2002-04-25,30.1,34.6,27.3,0.012499999999999999,49.333333333333336,7.300000000000001,0.10000000000000142
2002-04-26,30.6,35.3,27.4,0.0,40.875,7.899999999999999,0.5
2002-04-27,30.8,37.0,25.7,0.0,8.916666666666666,11.3,0.1999999999999993
2002-04-28,30.3,37.1,25.8,0.0,12.208333333333334,11.3,-0.5
2002-04-29,30.3,36.7,26.6,0.0,31.083333333333332,10.100000000000001,0.0
2002-04-30,30.3,35.6,26.9,0.0,49.458333333333336,8.700000000000003,0.0
2002-05-01,30.3,36.0,26.8,0.0,23.708333333333332,9.2,0.0
2002-05-02,30.1,35.6,26.7,0.0,25.416666666666668,8.900000000000002,-0.1999999999999993
2002-05-03,30.4,35.7,26.8,0.0,21.708333333333332,8.900000000000002,0.29999999999999716
2002-05-04,30.7,36.5,26.9,0.0375,21.708333333333332,9.600000000000001,0.3000000000000007
2002-05-05,30.7,34.9,27.5,0.0,64.5,7.399999999999999,0.0
2002-05-06,29.1,36.4,25.2,0.08750000000000001,68.70833333333333,11.2,-1.5999999999999979
2002-05-07,30.1,35.1,25.3,0.0,43.291666666666664,9.8,1.0
2002-05-08,30.9,36.9,27.2,0.0,33.291666666666664,9.7,0.7999999999999972
2002-05-09,30.8,34.4,27.5,0.004166666666666667,50.666666666666664,6.899999999999999,-0.09999999999999787
2002-05-10,30.0,34.8,27.7,0.08333333333333333,48.625,7.099999999999998,-0.8000000000000007
2002-05-11,31.7,37.0,28.0,0.012500000000000002,52.666666666666664,9.0,1.6999999999999993
2002-05-12,32.5,37.6,28.6,0.0,43.291666666666664,9.0,0.8000000000000007
2002-05-13,31.9,36.0,28.1,0.0,56.666666666666664,7.899999999999999,-0.6000000000000014
2002-05-14,30.4,35.3,27.2,0.5750000000000001,86.375,8.099999999999998,-1.5
2002-05-15,26.6,28.8,25.3,2.0375,76.0,3.5,-3.799999999999997
2002-05-16,28.4,32.0,25.4,0.020833333333333332,17.875,6.600000000000001,1.7999999999999972
2002-05-17,29.4,32.9,26.1,0.012500000000000002,16.708333333333332,6.799999999999997,1.0
2002-05-18,30.0,33.5,26.5,0.14583333333333334,49.458333333333336,7.0,0.6000000000000014
2002-05-19,32.6,37.3,28.5,0.0,16.916666666666668,8.799999999999997,2.6000000000000014
2002-05-20,33.7,39.6,28.4,0.0,3.4166666666666665,11.200000000000003,1.1000000000000014
2002-05-21,33.2,39.0,29.6,0.0,24.375,9.399999999999999,-0.5
2002-05-22,32.8,39.5,27.8,0.0,7.791666666666667,11.7,-0.4000000000000057
2002-05-23,31.7,36.3,27.9,0.0,26.333333333333332,8.399999999999999,-1.0999999999999979
2002-05-24,29.7,34.9,26.7,0.2625,63.375,8.2,-2.0
2002-05-25,29.1,33.2,26.0,0.3916666666666666,29.666666666666668,7.200000000000003,-0.5999999999999979
2002-05-26,28.6,32.9,25.9,0.5333333333333333,57.666666666666664,7.0,-0.5
2002-05-27,29.1,32.4,26.2,0.2625,27.916666666666668,6.199999999999999,0.5
2002-05-28,27.2,31.6,24.4,1.1583333333333334,61.958333333333336,7.200000000000003,-1.9000000000000021
2002-05-29,27.2,30.9,24.5,0.016666666666666666,61.458333333333336,6.399999999999999,0.0
2002-05-30,27.8,31.3,25.4,0.9874999999999999,58.416666666666664,5.900000000000002,0.6000000000000014
2002-05-31,28.1,31.4,25.4,0.9666666666666667,74.875,6.0,0.3000000000000007
2002-06-01,28.1,32.6,25.2,0.22083333333333333,61.791666666666664,7.400000000000002,0.0
2002-06-02,29.4,34.0,27.2,0.5625,71.0,6.800000000000001,1.2999999999999972
2002-06-03,30.7,35.5,26.5,0.5291666666666667,53.916666666666664,9.0,1.3000000000000007
2002-06-04,30.9,34.8,27.6,0.004166666666666667,92.83333333333333,7.199999999999996,0.1999999999999993
2002-06-05,29.2,33.4,27.2,0.5875,96.79166666666667,6.199999999999999,-1.6999999999999993
2002-06-06,29.6,34.1,27.8,0.15833333333333333,44.333333333333336,6.300000000000001,0.40000000000000213
2002-06-07,30.2,34.4,26.0,1.2333333333333332,77.58333333333333,8.399999999999999,0.5999999999999979
2002-06-08,28.9,31.3,25.2,1.4833333333333334,96.83333333333333,6.100000000000001,-1.3000000000000007
2002-06-09,27.6,30.2,25.3,1.3499999999999999,100.0,4.899999999999999,-1.2999999999999972
2002-06-10,27.3,29.9,25.7,0.8416666666666667,99.75,4.199999999999999,-0.3000000000000007
2002-06-11,27.0,29.9,25.6,0.5541666666666667,97.95833333333333,4.299999999999997,-0.3000000000000007
2002-06-12,26.4,28.6,24.8,1.6333333333333335,98.66666666666667,3.8000000000000007,-0.6000000000000014
2002-06-13,27.5,30.3,24.9,0.375,99.95833333333333,5.400000000000002,1.1000000000000014
2002-06-14,29.1,32.6,26.6,1.2333333333333334,98.125,6.0,1.6000000000000014
2002-06-15,28.4,31.6,26.3,0.5,99.66666666666667,5.300000000000001,-0.7000000000000028
2002-06-16,28.2,31.4,26.2,1.5833333333333333,94.625,5.199999999999999,-0.1999999999999993
2002-06-17,29.4,32.5,26.6,0.07083333333333335,87.58333333333333,5.899999999999999,1.1999999999999993
2002-06-18,29.6,33.5,26.6,0.09166666666666667,91.625,6.899999999999999,0.20000000000000284
2002-06-19,29.2,32.6,26.6,0.24583333333333335,88.70833333333333,6.0,-0.40000000000000213
2002-06-20,28.7,31.6,26.4,0.23333333333333336,92.08333333333333,5.200000000000003,-0.5
2002-06-21,28.3,31.4,25.8,0.25416666666666665,98.04166666666667,5.599999999999998,-0.3999999999999986
2002-06-22,27.9,30.8,25.9,1.6416666666666666,99.95833333333333,4.900000000000002,-0.40000000000000213
2002-06-23,27.3,31.5,25.6,1.1833333333333333,96.66666666666667,5.899999999999999,-0.5999999999999979
2002-06-24,26.3,28.1,25.0,0.5666666666666667,96.0,3.1000000000000014,-1.0
2002-06-25,26.2,28.1,25.1,1.0875000000000001,98.58333333333333,3.0,-0.10000000000000142
2002-06-26,28.2,30.7,25.7,0.15,84.125,5.0,2.0
2002-06-27,29.0,32.8,26.4,0.10833333333333334,79.45833333333333,6.399999999999999,0.8000000000000007
2002-06-28,28.7,32.4,27.1,1.0833333333333333,78.5,5.299999999999997,-0.3000000000000007
2002-06-29,29.7,33.6,27.1,0.11666666666666665,97.0,6.5,1.0
2002-06-30,29.5,32.8,27.2,0.3833333333333333,99.83333333333333,5.599999999999998,-0.1999999999999993
2002-07-01,28.4,31.2,26.4,0.8916666666666666,99.79166666666667,4.800000000000001,-1.1000000000000014
2002-07-02,27.6,30.9,26.4,0.9083333333333333,99.79166666666667,4.5,-0.7999999999999972
2002-07-03,27.2,30.1,26.3,0.8041666666666667,99.70833333333333,3.8000000000000007,-0.40000000000000213
2002-07-04,28.4,31.5,26.3,0.37916666666666665,99.25,5.199999999999999,1.1999999999999993
2002-07-05,30.0,34.1,27.0,0.08333333333333333,98.91666666666667,7.100000000000001,1.6000000000000014
2002-07-06,28.3,30.7,26.6,0.6875,99.66666666666667,4.099999999999998,-1.6999999999999993
2002-07-07,29.4,33.2,26.6,0.325,99.70833333333333,6.600000000000001,1.0999999999999979
2002-07-08,30.4,34.1,26.8,0.09583333333333333,99.95833333333333,7.300000000000001,1.0
2002-07-09,31.6,35.2,28.3,0.029166666666666664,99.91666666666667,6.900000000000002,1.2000000000000028
2002-07-10,30.7,35.9,27.5,0.6583333333333333,98.125,8.399999999999999,-0.9000000000000021
2002-07-11,31.4,35.4,27.7,0.0,95.16666666666667,7.699999999999999,0.6999999999999993
2002-07-12,31.2,35.0,28.7,0.008333333333333333,84.875,6.300000000000001,-0.1999999999999993
2002-07-13,31.4,35.5,28.8,0.0,67.29166666666667,6.699999999999999,0.1999999999999993
2002-07-14,30.5,34.1,28.2,0.2041666666666667,85.375,5.900000000000002,-0.8999999999999986
2002-07-15,28.3,31.7,26.4,0.3958333333333333,98.79166666666667,5.300000000000001,-2.1999999999999993
2002-07-16,28.4,32.1,26.4,0.3875,90.33333333333333,5.700000000000003,0.09999999999999787
2002-07-17,28.7,32.3,26.2,0.14583333333333334,73.58333333333333,6.099999999999998,0.3000000000000007
2002-07-18,28.4,31.3,26.1,0.41250000000000003,95.83333333333333,5.199999999999999,-0.3000000000000007
2002-07-19,28.9,31.4,26.9,0.09166666666666667,98.83333333333333,4.5,0.5
2002-07-20,28.3,31.4,26.9,0.5041666666666667,99.33333333333333,4.5,-0.5999999999999979
2002-07-21,27.7,30.9,25.6,0.5499999999999999,100.0,5.299999999999997,-0.6000000000000014
2002-07-22,27.4,30.6,25.6,0.25833333333333336,99.83333333333333,5.0,-0.3000000000000007
2002-07-23,29.4,33.1,26.3,0.03333333333333333,99.08333333333333,6.800000000000001,2.0
2002-07-24,30.0,33.8,27.1,0.09166666666666667,98.45833333333333,6.699999999999996,0.6000000000000014
2002-07-25,30.1,33.9,27.4,0.029166666666666664,98.58333333333333,6.5,0.10000000000000142
2002-07-26,30.9,34.8,27.5,0.0,95.25,7.299999999999997,0.7999999999999972
2002-07-27,30.0,33.6,27.8,0.26666666666666666,99.375,5.800000000000001,-0.8999999999999986
2002-07-28,29.3,33.8,27.5,0.25,99.58333333333333,6.299999999999997,-0.6999999999999993
2002-07-29,28.4,32.2,26.5,0.8333333333333334,99.25,5.700000000000003,-0.9000000000000021
2002-07-30,28.0,31.0,26.3,0.2708333333333333,99.45833333333333,4.699999999999999,-0.3999999999999986
2002-07-31,27.9,30.0,25.9,0.19583333333333333,98.58333333333333,4.100000000000001,-0.10000000000000142
2002-08-01,28.0,31.3,25.8,0.2833333333333333,97.16666666666667,5.5,0.10000000000000142
2002-08-02,27.9,31.0,25.4,0.3541666666666667,99.5,5.600000000000001,-0.10000000000000142
2002-08-03,26.6,29.5,25.0,0.24166666666666667,96.45833333333333,4.5,-1.2999999999999972
2002-08-04,27.2,31.2,24.9,0.32083333333333336,95.125,6.300000000000001,0.5999999999999979
2002-08-05,27.4,30.3,25.1,0.23750000000000002,88.79166666666667,5.199999999999999,0.1999999999999993
2002-08-06,28.3,31.5,25.8,0.14166666666666666,92.95833333333333,5.699999999999999,0.9000000000000021
2002-08-07,28.3,31.6,25.7,0.08750000000000001,85.95833333333333,5.900000000000002,0.0
2002-08-08,28.2,32.3,25.8,0.46249999999999997,80.16666666666667,6.4999999999999964,-0.10000000000000142
2002-08-09,28.1,30.8,25.9,0.13333333333333333,99.5,4.900000000000002,-0.09999999999999787
2002-08-10,27.8,30.9,26.2,0.5208333333333334,99.75,4.699999999999999,-0.3000000000000007
2002-08-11,27.5,30.6,25.9,0.5625,99.91666666666667,4.700000000000003,-0.3000000000000007
2002-08-12,27.1,29.9,25.9,0.44166666666666665,100.0,4.0,-0.3999999999999986
2002-08-13,27.1,29.8,25.4,0.5375,99.95833333333333,4.400000000000002,0.0
2002-08-14,27.3,30.6,25.4,0.4041666666666666,96.625,5.200000000000003,0.1999999999999993
2002-08-15,27.1,30.0,25.3,0.625,99.70833333333333,4.699999999999999,-0.1999999999999993
2002-08-16,27.2,28.7,25.6,0.15833333333333333,99.83333333333333,3.099999999999998,0.09999999999999787
2002-08-17,27.5,30.3,25.5,0.3833333333333333,89.95833333333333,4.800000000000001,0.3000000000000007
2002-08-18,27.6,29.6,25.6,0.125,94.58333333333333,4.0,0.10000000000000142
2002-08-19,28.1,31.3,26.0,0.4166666666666667,98.5,5.300000000000001,0.5
2002-08-20,27.9,31.3,25.3,0.5583333333333335,97.95833333333333,6.0,-0.20000000000000284
2002-08-21,27.5,30.7,25.2,0.16666666666666666,99.125,5.5,-0.3999999999999986
2002-08-22,26.9,29.8,25.6,0.30833333333333335,99.58333333333333,4.199999999999999,-0.6000000000000014
2002-08-23,26.2,28.9,25.1,0.5083333333333333,99.5,3.799999999999997,-0.6999999999999993
2002-08-24,26.5,28.2,25.2,0.5291666666666667,88.70833333333333,3.0,0.3000000000000007
2002-08-25,28.4,31.8,25.2,0.012499999999999999,86.29166666666667,6.600000000000001,1.8999999999999986
2002-08-26,28.9,33.2,26.1,0.06666666666666667,97.875,7.100000000000001,0.5
2002-08-27,27.3,30.8,24.8,0.9083333333333333,98.0,6.0,-1.5999999999999979
2002-08-28,26.7,30.6,24.8,0.5666666666666668,98.91666666666667,5.800000000000001,-0.6000000000000014
2002-08-29,26.6,29.5,24.9,0.39999999999999997,96.91666666666667,4.600000000000001,-0.09999999999999787
2002-08-30,26.8,30.0,24.8,0.1875,97.04166666666667,5.199999999999999,0.1999999999999993
2002-08-31,26.2,29.2,24.6,0.6291666666666668,88.66666666666667,4.599999999999998,-0.6000000000000014
2002-09-01,26.7,29.7,24.8,0.4791666666666667,68.29166666666667,4.899999999999999,0.5
2002-09-02,26.8,29.9,24.8,0.6541666666666667,82.375,5.099999999999998,0.10000000000000142
2002-09-03,26.6,29.3,24.8,0.30416666666666664,74.16666666666667,4.5,-0.1999999999999993
2002-09-04,27.1,31.6,24.7,0.30833333333333335,74.41666666666667,6.900000000000002,0.5
2002-09-05,26.5,30.5,24.6,0.3,94.0,5.899999999999999,-0.6000000000000014
2002-09-06,27.2,30.3,25.1,0.07916666666666668,79.375,5.199999999999999,0.6999999999999993
2002-09-07,27.4,31.2,25.2,0.2041666666666667,43.791666666666664,6.0,0.1999999999999993
2002-09-08,27.5,31.3,25.1,0.25,91.16666666666667,6.199999999999999,0.10000000000000142
2002-09-09,25.7,27.6,24.7,0.8583333333333334,99.45833333333333,2.900000000000002,-1.8000000000000007
2002-09-10,25.1,25.6,24.5,1.3166666666666667,99.58333333333333,1.1000000000000014,-0.5999999999999979
2002-09-11,25.6,27.4,24.3,0.7374999999999999,99.83333333333333,3.099999999999998,0.5
2002-09-12,26.5,29.1,24.5,0.12083333333333333,71.54166666666667,4.600000000000001,0.8999999999999986
2002-09-13,27.5,31.3,24.8,0.049999999999999996,37.166666666666664,6.5,1.0
2002-09-14,27.9,31.8,25.0,0.0625,62.583333333333336,6.800000000000001,0.3999999999999986
2002-09-15,27.3,30.8,25.2,0.3541666666666667,97.66666666666667,5.600000000000001,-0.5999999999999979
2002-09-16,27.8,32.0,25.1,0.12083333333333335,74.5,6.899999999999999,0.5
2002-09-17,28.6,32.3,25.2,0.004166666666666667,64.16666666666667,7.099999999999998,0.8000000000000007
2002-09-18,28.5,32.2,25.0,0.012500000000000002,89.45833333333333,7.200000000000003,-0.10000000000000142
2002-09-19,28.8,32.1,25.7,0.0,98.5,6.400000000000002,0.3000000000000007
2002-09-20,27.7,31.8,25.6,0.6124999999999999,97.41666666666667,6.199999999999999,-1.1000000000000014
2002-09-21,26.8,30.0,25.1,0.7041666666666666,99.95833333333333,4.899999999999999,-0.8999999999999986
2002-09-22,26.7,29.7,24.8,0.33749999999999997,99.16666666666667,4.899999999999999,-0.10000000000000142
2002-09-23,26.6,28.8,25.0,0.2833333333333333,99.79166666666667,3.8000000000000007,-0.09999999999999787
2002-09-24,25.7,28.2,24.8,0.7833333333333333,100.0,3.3999999999999986,-0.9000000000000021
2002-09-25,26.7,29.9,24.7,0.2791666666666667,99.04166666666667,5.199999999999999,1.0
2002-09-26,27.0,30.5,24.4,0.10833333333333334,97.29166666666667,6.100000000000001,0.3000000000000007
2002-09-27,26.8,30.7,24.8,0.42500000000000004,98.33333333333333,5.899999999999999,-0.1999999999999993
2002-09-28,26.8,30.2,24.7,0.14583333333333334,94.79166666666667,5.5,0.0
2002-09-29,27.6,30.8,25.0,0.08333333333333333,59.0,5.800000000000001,0.8000000000000007
2002-09-30,27.9,31.7,25.4,0.0,38.875,6.300000000000001,0.29999999999999716
2002-10-01,28.4,32.1,25.5,0.016666666666666666,57.5,6.600000000000001,0.5
2002-10-02,28.3,31.7,25.1,0.020833333333333332,85.125,6.599999999999998,-0.09999999999999787
2002-10-03,28.2,32.0,24.8,0.0,34.25,7.199999999999999,-0.10000000000000142
2002-10-04,28.3,31.7,24.5,0.0,23.083333333333332,7.199999999999999,0.10000000000000142
2002-10-05,28.5,31.5,25.3,0.012500000000000002,25.291666666666668,6.199999999999999,0.1999999999999993
2002-10-06,28.0,31.1,24.5,0.24583333333333335,33.375,6.600000000000001,-0.5
2002-10-07,28.0,32.0,24.4,0.04583333333333333,21.083333333333332,7.600000000000001,0.0
2002-10-08,27.1,31.9,24.1,0.21250000000000002,41.041666666666664,7.799999999999997,-0.8999999999999986
2002-10-09,26.4,30.4,24.0,0.15,30.541666666666668,6.399999999999999,-0.7000000000000028
2002-10-10,26.7,30.9,23.8,0.049999999999999996,22.333333333333332,7.099999999999998,0.3000000000000007
2002-10-11,26.8,30.4,23.8,0.03333333333333333,28.166666666666668,6.599999999999998,0.10000000000000142
2002-10-12,26.2,30.1,23.7,0.19583333333333333,46.875,6.400000000000002,-0.6000000000000014
2002-10-13,26.0,29.0,24.2,0.3416666666666666,84.83333333333333,4.800000000000001,-0.1999999999999993
2002-10-14,25.3,28.1,24.0,0.17916666666666667,86.41666666666667,4.100000000000001,-0.6999999999999993
2002-10-15,25.1,28.4,22.6,0.012500000000000002,49.5,5.799999999999997,-0.1999999999999993
2002-10-16,25.8,29.0,22.5,0.0,38.833333333333336,6.5,0.6999999999999993
2002-10-17,26.9,30.3,24.0,0.016666666666666666,61.125,6.300000000000001,1.0999999999999979
2002-10-18,25.8,29.3,23.7,1.1791666666666667,95.33333333333333,5.600000000000001,-1.0999999999999979
2002-10-19,24.7,27.7,21.8,0.020833333333333332,71.75,5.899999999999999,-1.1000000000000014
2002-10-20,25.1,28.9,21.3,0.0,27.458333333333332,7.599999999999998,0.40000000000000213
2002-10-21,25.9,29.8,20.6,0.0,34.791666666666664,9.2,0.7999999999999972
2002-10-22,25.5,29.3,22.3,0.0,71.875,7.0,-0.3999999999999986
2002-10-23,25.8,29.7,22.0,0.0,66.70833333333333,7.699999999999999,0.3000000000000007
2002-10-24,26.0,29.4,22.3,0.0,94.375,7.099999999999998,0.1999999999999993
2002-10-25,25.7,29.9,22.2,0.0,58.875,7.699999999999999,-0.3000000000000007
2002-10-26,24.3,29.6,19.4,0.0,21.083333333333332,10.200000000000003,-1.3999999999999986
2002-10-27,23.2,28.8,18.5,0.0,5.916666666666667,10.3,-1.1000000000000014
2002-10-28,23.4,28.6,17.8,0.0,9.875,10.8,0.1999999999999993
2002-10-29,23.2,28.2,17.3,0.0,3.875,10.899999999999999,-0.1999999999999993
2002-10-30,23.8,28.1,19.9,0.0,16.416666666666668,8.200000000000003,0.6000000000000014
2002-10-31,23.9,28.3,19.2,0.0,52.083333333333336,9.100000000000001,0.09999999999999787
2002-11-01,24.0,28.8,19.7,0.0,62.041666666666664,9.100000000000001,0.10000000000000142
2002-11-02,24.6,28.3,20.7,0.0,87.33333333333333,7.600000000000001,0.6000000000000014
2002-11-03,25.2,29.8,20.6,0.0,34.5,9.2,0.5999999999999979
2002-11-04,25.3,29.6,20.4,0.0,28.458333333333332,9.200000000000003,0.10000000000000142
2002-11-05,24.7,29.0,20.4,0.0,24.875,8.600000000000001,-0.6000000000000014
2002-11-06,24.7,29.4,20.7,0.0,45.75,8.7,0.0
2002-11-07,25.1,29.7,21.0,0.0,79.125,8.7,0.40000000000000213
2002-11-08,25.3,30.8,20.9,0.0,63.125,9.900000000000002,0.1999999999999993
2002-11-09,25.2,30.5,20.8,0.0,32.583333333333336,9.7,-0.10000000000000142
2002-11-10,25.9,30.7,20.8,0.0,70.04166666666667,9.899999999999999,0.6999999999999993
2002-11-11,22.7,24.2,20.9,1.375,100.0,3.3000000000000007,-3.1999999999999993
2002-11-12,21.2,22.0,20.5,2.6333333333333333,99.91666666666667,1.5,-1.5
2002-11-13,22.2,24.9,18.7,0.0,69.08333333333333,6.199999999999999,1.0
2002-11-14,21.8,26.8,16.9,0.0,5.125,9.900000000000002,-0.3999999999999986
2002-11-15,21.0,26.7,15.4,0.0,0.375,11.299999999999999,-0.8000000000000007
2002-11-16,20.4,26.2,15.1,0.0,11.583333333333334,11.1,-0.6000000000000014
2002-11-17,21.2,26.8,15.2,0.0,10.333333333333334,11.600000000000001,0.8000000000000007
2002-11-18,21.0,26.5,16.4,0.0,24.458333333333332,10.100000000000001,-0.1999999999999993
2002-11-19,21.4,26.8,15.7,0.0,2.2916666666666665,11.100000000000001,0.3999999999999986
2002-11-20,21.5,27.1,15.4,0.0,19.625,11.700000000000001,0.10000000000000142
2002-11-21,21.0,26.9,15.7,0.0,8.041666666666666,11.2,-0.5
2002-11-22,20.9,26.4,15.8,0.0,5.833333333333333,10.599999999999998,-0.10000000000000142
2002-11-23,21.6,26.6,16.8,0.0,48.875,9.8,0.7000000000000028
2002-11-24,21.6,27.0,16.7,0.0,96.875,10.3,0.0
2002-11-25,21.9,27.9,17.1,0.0,63.416666666666664,10.799999999999997,0.29999999999999716
2002-11-26,22.2,28.0,17.1,0.0,10.0,10.899999999999999,0.3000000000000007
2002-11-27,22.2,27.8,17.6,0.0,1.25,10.2,0.0
2002-11-28,22.0,27.6,17.3,0.0,14.75,10.3,-0.1999999999999993
2002-11-29,21.9,27.9,17.1,0.0,20.958333333333332,10.799999999999997,-0.10000000000000142
2002-11-30,21.6,27.7,16.2,0.0,55.166666666666664,11.5,-0.29999999999999716
2002-12-01,21.6,27.6,14.9,0.0,0.125,12.700000000000001,0.0
2002-12-02,19.7,27.0,13.3,0.0,0.0,13.7,-1.9000000000000021
2002-12-03,20.5,26.6,13.0,0.0,0.0,13.600000000000001,0.8000000000000007
2002-12-04,20.5,26.8,13.2,0.0,15.416666666666666,13.600000000000001,0.0
2002-12-05,20.1,26.6,12.8,0.0,6.541666666666667,13.8,-0.3999999999999986
2002-12-06,20.4,26.8,13.6,0.0,81.29166666666667,13.200000000000001,0.29999999999999716
2002-12-07,19.5,26.5,13.0,0.0,73.95833333333333,13.5,-0.8999999999999986
2002-12-08,19.3,26.6,13.1,0.0,97.25,13.500000000000002,-0.1999999999999993
2002-12-09,19.3,26.4,13.1,0.0,48.416666666666664,13.299999999999999,0.0
2002-12-10,19.3,26.4,12.6,0.0,1.5833333333333333,13.799999999999999,0.0
2002-12-11,18.8,26.4,11.9,0.0,3.625,14.499999999999998,-0.5
2002-12-12,19.6,26.2,12.3,0.0,0.125,13.899999999999999,0.8000000000000007
2002-12-13,20.1,26.5,13.7,0.0,1.0416666666666667,12.8,0.5
2002-12-14,20.8,26.7,14.2,0.0,0.8333333333333334,12.5,0.6999999999999993
2002-12-15,21.0,26.8,14.8,0.0,8.375,12.0,0.1999999999999993
2002-12-16,21.1,26.6,15.1,0.0,8.666666666666666,11.500000000000002,0.10000000000000142
2002-12-17,20.5,26.5,14.4,0.0,0.0,12.1,-0.6000000000000014
2002-12-18,21.0,27.6,15.3,0.0,2.25,12.3,0.5
2002-12-19,22.5,29.1,16.5,0.0,0.0,12.600000000000001,1.5
2002-12-20,22.8,29.8,16.4,0.0,7.083333333333333,13.400000000000002,0.3000000000000007
2002-12-21,22.5,28.4,16.1,0.0,9.333333333333334,12.299999999999997,-0.3000000000000007
2002-12-22,20.6,27.3,14.1,0.0,1.5833333333333333,13.200000000000001,-1.8999999999999986
2002-12-23,19.3,25.8,13.3,0.0,0.08333333333333333,12.5,-1.3000000000000007
2002-12-24,19.9,25.3,13.7,0.0,1.1666666666666667,11.600000000000001,0.5999999999999979
2002-12-25,20.0,24.5,16.2,0.05416666666666667,38.458333333333336,8.3,0.10000000000000142
2002-12-26,19.7,25.2,14.9,0.004166666666666667,9.791666666666666,10.299999999999999,-0.3000000000000007
2002-12-27,19.2,24.5,13.3,0.0,18.0,11.2,-0.5
2002-12-28,18.8,24.5,12.7,0.0,1.5833333333333333,11.8,-0.3999999999999986
2002-12-29,17.8,23.9,12.0,0.0,3.5416666666666665,11.899999999999999,-1.0
2002-12-30,16.9,23.4,11.2,0.0,0.0,12.2,-0.9000000000000021
2002-12-31,17.1,23.3,10.6,0.0,4.125,12.700000000000001,0.20000000000000284
2003-01-01,17.6,22.9,12.5,0.0,29.791666666666668,10.399999999999999,0.5
2003-01-02,18.0,24.0,12.8,0.0,0.0,11.2,0.3999999999999986
2003-01-03,17.9,24.6,12.2,0.0,0.08333333333333333,12.400000000000002,-0.10000000000000142
2003-01-04,17.8,24.2,12.3,0.0,3.2083333333333335,11.899999999999999,-0.09999999999999787
2003-01-05,16.6,22.7,11.3,0.0,7.291666666666667,11.399999999999999,-1.1999999999999993
2003-01-06,16.6,23.2,10.8,0.0,0.0,12.399999999999999,0.0
2003-01-07,16.2,22.8,10.8,0.0,35.916666666666664,12.0,-0.40000000000000213
2003-01-08,15.4,22.0,10.1,0.0,43.25,11.9,-0.7999999999999989
2003-01-09,14.6,21.0,9.5,0.0,83.875,11.5,-0.8000000000000007
2003-01-10,14.5,21.5,8.8,0.0,47.958333333333336,12.7,-0.09999999999999964
2003-01-11,15.3,21.9,8.7,0.0,89.58333333333333,13.2,0.8000000000000007
2003-01-12,15.7,22.3,10.0,0.0,85.83333333333333,12.3,0.3999999999999986
2003-01-13,15.1,21.6,9.4,0.0,95.75,12.200000000000001,-0.5999999999999996
2003-01-14,15.4,22.0,10.5,0.0,14.458333333333334,11.5,0.3000000000000007
2003-01-15,15.8,23.0,9.8,0.0,0.0,13.2,0.40000000000000036
2003-01-16,16.4,23.4,9.9,0.0,0.0,13.499999999999998,0.5999999999999979
2003-01-17,16.9,23.8,10.8,0.0,0.0,13.0,0.5
2003-01-18,17.5,24.5,11.1,0.0,0.0,13.4,0.6000000000000014
2003-01-19,17.5,24.6,11.3,0.0,0.0,13.3,0.0
2003-01-20,16.5,24.3,10.2,0.0,0.0,14.100000000000001,-1.0
2003-01-21,15.9,23.6,9.3,0.0,0.0,14.3,-0.5999999999999996
2003-01-22,16.1,22.8,8.3,0.0,2.5416666666666665,14.5,0.20000000000000107
2003-01-23,17.2,24.0,8.3,0.0,4.25,15.7,1.0999999999999979
2003-01-24,18.0,25.4,11.5,0.0,11.166666666666666,13.899999999999999,0.8000000000000007
2003-01-25,18.9,25.7,11.4,0.0,11.458333333333334,14.299999999999999,0.8999999999999986
2003-01-26,19.1,26.2,12.3,0.0,45.333333333333336,13.899999999999999,0.20000000000000284
2003-01-27,19.7,26.4,13.4,0.0,27.75,12.999999999999998,0.5999999999999979
2003-01-28,20.6,27.5,14.4,0.0,9.708333333333334,13.1,0.9000000000000021
2003-01-29,21.1,27.4,14.7,0.0,45.958333333333336,12.7,0.5
2003-01-30,21.3,26.0,16.1,0.008333333333333333,71.5,9.899999999999999,0.1999999999999993
2003-01-31,22.1,26.6,18.0,0.025000000000000005,48.958333333333336,8.600000000000001,0.8000000000000007
2003-02-01,22.7,28.5,17.6,0.0,33.25,10.899999999999999,0.5999999999999979
2003-02-02,22.3,28.4,17.0,0.0,13.458333333333334,11.399999999999999,-0.3999999999999986
2003-02-03,22.0,28.0,16.9,0.0,2.9166666666666665,11.100000000000001,-0.3000000000000007
2003-02-04,22.7,27.9,17.3,0.0,58.625,10.599999999999998,0.6999999999999993
2003-02-05,20.4,25.5,15.7,0.0,44.958333333333336,9.8,-2.3000000000000007
2003-02-06,21.3,26.5,15.4,0.0,13.5,11.1,0.9000000000000021
2003-02-07,22.1,27.5,16.8,0.0,36.791666666666664,10.7,0.8000000000000007
2003-02-08,23.2,29.1,17.0,0.0,18.708333333333332,12.100000000000001,1.0999999999999979
2003-02-09,22.5,28.8,18.1,0.18333333333333335,19.291666666666668,10.7,-0.6999999999999993
2003-02-10,22.5,29.1,17.2,0.05833333333333334,20.916666666666668,11.900000000000002,0.0
2003-02-11,23.3,28.8,17.8,0.0,29.041666666666668,11.0,0.8000000000000007
2003-02-12,22.3,26.3,18.1,0.14583333333333334,41.583333333333336,8.2,-1.0
2003-02-13,22.0,26.6,17.2,0.15,30.666666666666668,9.400000000000002,-0.3000000000000007
2003-02-14,21.8,27.5,16.0,0.004166666666666667,42.208333333333336,11.5,-0.1999999999999993
2003-02-15,22.2,27.8,16.3,0.0,19.666666666666668,11.5,0.3999999999999986
2003-02-16,22.4,27.9,15.6,0.0,18.5,12.299999999999999,0.1999999999999993
2003-02-17,23.0,28.7,16.6,0.0,39.333333333333336,12.099999999999998,0.6000000000000014
2003-02-18,24.0,29.5,18.2,0.0,21.958333333333332,11.3,1.0
2003-02-19,24.3,29.7,18.8,0.020833333333333332,50.166666666666664,10.899999999999999,0.3000000000000007
2003-02-20,23.2,28.6,18.7,0.025000000000000005,30.0,9.900000000000002,-1.1000000000000014
2003-02-21,23.0,29.2,16.6,0.0,8.958333333333334,12.599999999999998,-0.1999999999999993
2003-02-22,21.3,27.7,15.6,0.0,0.3333333333333333,12.1,-1.6999999999999993
2003-02-23,22.1,28.4,15.4,0.0,0.0,12.999999999999998,0.8000000000000007
2003-02-24,23.8,30.1,15.6,0.0,5.916666666666667,14.500000000000002,1.6999999999999993
2003-02-25,24.7,30.9,19.9,0.0,29.625,11.0,0.8999999999999986
2003-02-26,25.2,31.1,20.1,0.0,25.416666666666668,11.0,0.5
2003-02-27,25.7,31.6,20.6,0.0,29.041666666666668,11.0,0.5
2003-02-28,25.9,31.4,21.1,0.0,20.833333333333332,10.299999999999997,0.1999999999999993
2003-03-01,26.7,32.7,21.7,0.012500000000000002,23.958333333333332,11.000000000000004,0.8000000000000007
2003-03-02,27.9,34.1,22.2,0.0,5.833333333333333,11.900000000000002,1.1999999999999993
2003-03-03,28.8,35.8,23.3,0.0,16.166666666666668,12.499999999999996,0.9000000000000021
2003-03-04,28.2,34.5,20.5,0.0,8.791666666666666,14.0,-0.6000000000000014
2003-03-05,21.8,27.9,16.0,0.0,0.16666666666666666,11.899999999999999,-6.399999999999999
2003-03-06,21.9,28.2,13.5,0.0,0.0,14.7,0.09999999999999787
2003-03-07,21.7,28.7,13.6,0.0,0.0,15.1,-0.1999999999999993
2003-03-08,22.7,30.5,14.4,0.0,0.0,16.1,1.0
2003-03-09,23.5,30.2,16.1,0.0,6.5,14.099999999999998,0.8000000000000007
2003-03-10,25.1,31.5,16.6,0.0,14.75,14.899999999999999,1.6000000000000014
2003-03-11,25.0,29.7,21.5,0.0,51.75,8.2,-0.10000000000000142
2003-03-12,24.2,29.3,20.1,0.9874999999999999,78.79166666666667,9.2,-0.8000000000000007
2003-03-13,23.8,28.4,20.0,0.020833333333333332,40.0,8.399999999999999,-0.3999999999999986
2003-03-14,24.2,29.1,20.4,0.25,56.916666666666664,8.700000000000003,0.3999999999999986
2003-03-15,24.5,28.0,21.1,0.016666666666666666,95.25,6.899999999999999,0.3000000000000007
2003-03-16,25.6,30.7,21.9,0.1416666666666667,68.04166666666667,8.8,1.1000000000000014
2003-03-17,24.9,29.3,21.8,0.22916666666666666,85.20833333333333,7.5,-0.7000000000000028
2003-03-18,24.0,28.0,20.1,0.12083333333333335,36.875,7.899999999999999,-0.8999999999999986
2003-03-19,25.6,30.7,21.0,0.004166666666666667,31.791666666666668,9.7,1.6000000000000014
2003-03-20,25.5,30.6,21.5,0.0,16.541666666666668,9.100000000000001,-0.10000000000000142
2003-03-21,25.9,32.0,19.8,0.0,10.833333333333334,12.2,0.3999999999999986
2003-03-22,26.0,31.7,19.6,0.0,8.875,12.099999999999998,0.10000000000000142
2003-03-23,26.6,32.2,20.9,0.0,7.916666666666667,11.300000000000004,0.6000000000000014
2003-03-24,27.2,32.2,21.7,0.0,18.625,10.500000000000004,0.5999999999999979
2003-03-25,27.5,33.1,22.9,0.0,29.166666666666668,10.200000000000003,0.3000000000000007
2003-03-26,27.4,33.3,23.5,0.08333333333333333,23.75,9.799999999999997,-0.10000000000000142
2003-03-27,27.1,32.4,23.0,0.05416666666666666,31.708333333333332,9.399999999999999,-0.29999999999999716
2003-03-28,26.9,31.4,22.8,0.025000000000000005,29.875,8.599999999999998,-0.20000000000000284
2003-03-29,27.6,32.9,22.7,0.012499999999999999,23.375,10.2,0.7000000000000028
2003-03-30,27.7,33.5,24.6,0.35833333333333334,33.083333333333336,8.899999999999999,0.09999999999999787
2003-03-31,28.4,33.2,25.7,0.07916666666666666,44.333333333333336,7.5000000000000036,0.6999999999999993
2003-04-01,29.1,34.9,24.9,0.0,13.625,10.0,0.7000000000000028
2003-04-02,29.1,34.7,24.8,0.004166666666666667,17.041666666666668,9.900000000000002,0.0
2003-04-03,29.2,34.8,25.1,0.012499999999999999,36.916666666666664,9.699999999999996,0.09999999999999787
2003-04-04,27.1,31.9,24.4,0.5750000000000001,79.91666666666667,7.5,-2.099999999999998
2003-04-05,26.9,30.6,23.9,0.49166666666666664,77.91666666666667,6.700000000000003,-0.20000000000000284
2003-04-06,28.5,32.7,23.7,0.0,47.0,9.000000000000004,1.6000000000000014
2003-04-07,29.3,34.4,24.2,0.0,36.958333333333336,10.2,0.8000000000000007
2003-04-08,29.7,35.7,24.6,0.0,21.583333333333332,11.100000000000001,0.3999999999999986
2003-04-09,29.6,35.7,24.7,0.020833333333333332,20.291666666666668,11.000000000000004,-0.09999999999999787
2003-04-10,29.1,35.2,24.9,0.0,65.0,10.300000000000004,-0.5
2003-04-11,30.1,36.3,24.8,0.012499999999999999,24.75,11.499999999999996,1.0
2003-04-12,30.6,36.7,26.2,0.0,55.458333333333336,10.500000000000004,0.5
2003-04-13,30.6,36.7,26.1,0.0,26.125,10.600000000000001,0.0
2003-04-14,30.4,35.8,25.8,0.0,22.583333333333332,9.999999999999996,-0.20000000000000284
2003-04-15,30.6,36.6,26.4,0.029166666666666664,18.583333333333332,10.200000000000003,0.20000000000000284
2003-04-16,29.5,35.8,26.3,0.8166666666666668,30.875,9.499999999999996,-1.1000000000000014
2003-04-17,29.1,35.8,24.7,0.8791666666666668,20.375,11.099999999999998,-0.3999999999999986
2003-04-18,30.2,34.8,26.6,0.0,37.083333333333336,8.199999999999996,1.0999999999999979
2003-04-19,30.1,34.5,27.2,0.0,42.25,7.300000000000001,-0.09999999999999787
2003-04-20,29.6,34.6,25.4,0.45,57.791666666666664,9.200000000000003,-0.5
2003-04-21,29.8,34.4,25.5,0.0,57.833333333333336,8.899999999999999,0.1999999999999993
2003-04-22,30.0,34.8,26.5,0.0,36.375,8.299999999999997,0.1999999999999993
2003-04-23,30.0,34.3,26.7,0.0,56.666666666666664,7.599999999999998,0.0
2003-04-24,29.9,34.3,26.6,0.0,30.875,7.699999999999996,-0.10000000000000142
2003-04-25,30.4,34.8,26.8,0.0,58.166666666666664,7.9999999999999964,0.5
2003-04-26,30.6,35.7,26.8,0.0,30.0,8.900000000000002,0.20000000000000284
2003-04-27,30.7,36.0,26.7,0.0,23.041666666666668,9.3,0.09999999999999787
2003-04-28,30.2,34.6,26.4,0.0,22.083333333333332,8.200000000000003,-0.5
2003-04-29,28.7,34.0,24.7,0.08750000000000001,26.375,9.3,-1.5
2003-04-30,28.1,32.8,22.4,0.24583333333333332,63.083333333333336,10.399999999999999,-0.5999999999999979
2003-05-01,28.5,31.9,22.7,0.008333333333333333,25.583333333333332,9.2,0.3999999999999986
2003-05-02,29.6,33.0,26.9,0.05833333333333333,64.54166666666667,6.100000000000001,1.1000000000000014
2003-05-03,31.5,37.0,27.8,0.004166666666666667,26.375,9.2,1.8999999999999986
2003-05-04,32.3,38.8,27.4,0.0,9.25,11.399999999999999,0.7999999999999972
2003-05-05,32.0,38.2,27.3,0.0,8.208333333333334,10.900000000000002,-0.29999999999999716
2003-05-06,31.6,37.1,27.8,0.0,27.875,9.3,-0.3999999999999986
2003-05-07,31.7,37.5,27.9,0.020833333333333332,21.208333333333332,9.600000000000001,0.09999999999999787
2003-05-08,31.4,36.4,27.3,0.0,29.333333333333332,9.099999999999998,-0.3000000000000007
2003-05-09,29.4,35.4,25.3,0.1416666666666667,42.541666666666664,10.099999999999998,-2.0
2003-05-10,29.5,33.7,24.3,0.05833333333333333,19.791666666666668,9.400000000000002,0.10000000000000142
2003-05-11,30.5,35.6,25.6,0.0,24.0,10.0,1.0
2003-05-12,30.7,36.7,25.6,0.0,69.08333333333333,11.100000000000001,0.1999999999999993
2003-05-13,30.7,35.7,25.6,0.0,74.125,10.100000000000001,0.0
2003-05-14,29.7,33.7,26.3,0.04583333333333334,92.875,7.400000000000002,-1.0
2003-05-15,30.2,34.2,26.5,0.020833333333333332,82.08333333333333,7.700000000000003,0.5
2003-05-16,31.7,37.4,26.6,0.0,71.125,10.799999999999997,1.5
2003-05-17,31.9,37.7,28.0,0.0,40.833333333333336,9.700000000000003,0.1999999999999993
2003-05-18,32.1,38.2,27.9,0.0,52.291666666666664,10.300000000000004,0.20000000000000284
2003-05-19,32.2,37.7,27.6,0.008333333333333333,56.958333333333336,10.100000000000001,0.10000000000000142
2003-05-20,32.6,38.0,27.9,0.012499999999999999,48.916666666666664,10.100000000000001,0.3999999999999986
2003-05-21,32.2,37.7,28.4,0.0,31.5,9.300000000000004,-0.3999999999999986
2003-05-22,31.8,36.7,27.9,0.0375,65.16666666666667,8.800000000000004,-0.40000000000000213
2003-05-23,30.7,35.9,26.8,0.14166666666666666,34.25,9.099999999999998,-1.1000000000000014
2003-05-24,31.4,36.3,26.9,0.020833333333333332,26.625,9.399999999999999,0.6999999999999993
2003-05-25,31.8,37.2,28.2,0.03333333333333333,45.125,9.000000000000004,0.40000000000000213
2003-05-26,34.0,41.0,28.5,0.0,15.083333333333334,12.5,2.1999999999999993
2003-05-27,33.1,39.7,28.4,0.11666666666666665,17.333333333333332,11.300000000000004,-0.8999999999999986
2003-05-28,33.5,40.7,28.1,0.0,11.333333333333334,12.600000000000001,0.3999999999999986
2003-05-29,32.7,39.6,27.6,0.0,12.0,12.0,-0.7999999999999972
2003-05-30,32.3,38.5,27.9,0.0,21.0,10.600000000000001,-0.4000000000000057
2003-05-31,32.2,38.1,28.0,0.0,56.083333333333336,10.100000000000001,-0.09999999999999432
2003-06-01,32.3,38.0,28.1,0.0,38.5,9.899999999999999,0.09999999999999432
2003-06-02,32.5,37.7,28.6,0.0,71.20833333333333,9.100000000000001,0.20000000000000284
2003-06-03,32.6,37.8,28.8,0.0,67.20833333333333,8.999999999999996,0.10000000000000142
2003-06-04,31.1,36.5,26.7,0.004166666666666667,97.08333333333333,9.8,-1.5
2003-06-05,32.1,37.2,28.1,0.0,87.95833333333333,9.100000000000001,1.0
2003-06-06,32.7,38.1,29.1,0.029166666666666664,98.45833333333333,9.0,0.6000000000000014
2003-06-07,31.9,36.0,29.1,0.0,97.58333333333333,6.899999999999999,-0.8000000000000043
2003-06-08,32.1,37.0,28.9,0.004166666666666667,87.75,8.100000000000001,0.20000000000000284
2003-06-09,31.8,35.7,28.9,0.004166666666666667,99.33333333333333,6.800000000000004,-0.3000000000000007
2003-06-10,32.9,37.4,28.8,0.0,99.95833333333333,8.599999999999998,1.0999999999999979
2003-06-11,33.6,39.6,29.5,0.0,99.875,10.100000000000001,0.7000000000000028
2003-06-12,34.0,40.1,29.6,0.0,86.79166666666667,10.5,0.3999999999999986
2003-06-13,32.8,39.0,29.2,0.06666666666666667,71.20833333333333,9.8,-1.2000000000000028
2003-06-14,30.9,35.7,27.6,0.12083333333333333,73.41666666666667,8.100000000000001,-1.8999999999999986
2003-06-15,29.2,33.9,26.9,0.29583333333333334,97.58333333333333,7.0,-1.6999999999999993
2003-06-16,28.4,31.8,26.0,0.30833333333333335,88.0,5.800000000000001,-0.8000000000000007
2003-06-17,28.3,33.1,25.7,0.5666666666666667,94.45833333333333,7.400000000000002,-0.09999999999999787
2003-06-18,26.7,30.6,25.6,1.7041666666666666,99.95833333333333,5.0,-1.6000000000000014
2003-06-19,26.5,28.2,25.0,0.725,100.0,3.1999999999999993,-0.1999999999999993
2003-06-20,25.7,27.1,24.9,2.1958333333333333,99.95833333333333,2.200000000000003,-0.8000000000000007
2003-06-21,26.8,30.5,25.0,1.5250000000000001,100.0,5.5,1.1000000000000014
2003-06-22,27.4,29.7,25.2,0.6958333333333333,99.95833333333333,4.5,0.5999999999999979
2003-06-23,27.8,30.5,25.5,0.5083333333333334,99.625,5.0,0.40000000000000213
2003-06-24,28.0,31.3,26.0,0.35000000000000003,94.16666666666667,5.300000000000001,0.1999999999999993
2003-06-25,28.2,30.6,26.1,0.12916666666666668,97.625,4.5,0.1999999999999993
2003-06-26,28.3,30.7,26.4,0.7374999999999999,99.04166666666667,4.300000000000001,0.10000000000000142
2003-06-27,27.7,31.6,26.1,1.2249999999999999,99.70833333333333,5.5,-0.6000000000000014
2003-06-28,27.9,30.3,26.7,0.425,99.83333333333333,3.6000000000000014,0.1999999999999993
2003-06-29,28.0,29.7,26.8,0.10833333333333334,99.66666666666667,2.8999999999999986,0.10000000000000142
2003-06-30,27.9,31.3,25.2,0.9375,99.95833333333333,6.100000000000001,-0.10000000000000142
2003-07-01,26.6,28.7,25.0,0.7833333333333333,99.58333333333333,3.6999999999999993,-1.2999999999999972
2003-07-02,27.9,30.5,25.7,0.20833333333333334,96.375,4.800000000000001,1.2999999999999972
2003-07-03,27.8,31.3,25.8,0.34583333333333327,95.95833333333333,5.5,-0.09999999999999787
2003-07-04,27.8,30.0,25.4,0.1416666666666667,94.20833333333333,4.600000000000001,0.0
2003-07-05,27.6,31.0,25.8,0.6541666666666667,86.66666666666667,5.199999999999999,-0.1999999999999993
2003-07-06,28.4,31.4,25.9,0.09999999999999999,96.33333333333333,5.5,0.7999999999999972
2003-07-07,29.1,32.0,26.4,0.016666666666666666,96.95833333333333,5.600000000000001,0.7000000000000028
2003-07-08,28.8,32.3,26.1,0.2125,98.75,6.199999999999996,-0.3000000000000007
2003-07-09,28.6,32.4,26.1,0.06666666666666667,96.75,6.299999999999997,-0.1999999999999993
2003-07-10,28.0,30.8,26.1,0.2625,96.33333333333333,4.699999999999999,-0.6000000000000014
2003-07-11,27.9,30.5,25.8,0.5208333333333334,99.875,4.699999999999999,-0.10000000000000142
2003-07-12,27.6,30.9,25.6,0.8333333333333334,99.25,5.299999999999997,-0.29999999999999716
2003-07-13,27.5,31.3,25.5,1.1875,99.70833333333333,5.800000000000001,-0.10000000000000142
2003-07-14,27.1,30.0,25.4,0.9541666666666666,99.58333333333333,4.600000000000001,-0.3999999999999986
2003-07-15,28.1,31.1,25.8,0.09166666666666667,83.33333333333333,5.300000000000001,1.0
2003-07-16,28.2,31.0,26.1,0.08750000000000001,70.875,4.899999999999999,0.09999999999999787
2003-07-17,27.6,30.7,25.5,0.4791666666666667,49.916666666666664,5.199999999999999,-0.5999999999999979
2003-07-18,28.4,31.3,25.7,0.012500000000000002,55.25,5.600000000000001,0.7999999999999972
2003-07-19,28.3,31.5,26.3,0.10833333333333334,73.91666666666667,5.199999999999999,-0.09999999999999787
2003-07-20,28.1,31.1,26.0,0.19583333333333333,88.79166666666667,5.100000000000001,-0.1999999999999993
2003-07-21,28.2,30.7,25.9,0.19999999999999998,97.25,4.800000000000001,0.09999999999999787
2003-07-22,27.6,30.7,26.1,0.5083333333333334,99.41666666666667,4.599999999999998,-0.5999999999999979
2003-07-23,28.1,30.9,26.3,0.23750000000000002,98.79166666666667,4.599999999999998,0.5
2003-07-24,27.8,30.2,26.1,0.6541666666666667,99.79166666666667,4.099999999999998,-0.3000000000000007
2003-07-25,27.6,31.3,26.0,0.5625,99.95833333333333,5.300000000000001,-0.1999999999999993
2003-07-26,27.3,29.6,26.2,0.5583333333333333,99.54166666666667,3.400000000000002,-0.3000000000000007
2003-07-27,27.4,29.4,26.1,0.28750000000000003,99.54166666666667,3.299999999999997,0.09999999999999787
2003-07-28,27.5,29.8,26.1,0.3958333333333333,98.625,3.6999999999999993,0.10000000000000142
2003-07-29,27.6,30.7,26.1,0.5708333333333333,99.95833333333333,4.599999999999998,0.10000000000000142
2003-07-30,27.0,28.8,25.8,0.5458333333333334,99.70833333333333,3.0,-0.6000000000000014
2003-07-31,26.7,30.4,25.5,0.9125,95.91666666666667,4.899999999999999,-0.3000000000000007
2003-08-01,26.9,29.4,25.4,0.14583333333333334,89.45833333333333,4.0,0.1999999999999993
2003-08-02,27.3,30.2,25.3,0.22916666666666666,79.79166666666667,4.899999999999999,0.40000000000000213
2003-08-03,27.6,30.4,25.4,0.05833333333333333,68.66666666666667,5.0,0.3000000000000007
2003-08-04,28.2,31.9,25.4,0.08333333333333333,63.166666666666664,6.5,0.5999999999999979
2003-08-05,28.7,32.5,25.9,0.07916666666666666,50.208333333333336,6.600000000000001,0.5
2003-08-06,28.8,32.4,26.4,0.06666666666666667,47.208333333333336,6.0,0.10000000000000142
2003-08-07,28.9,31.9,26.5,0.09166666666666667,68.70833333333333,5.399999999999999,0.09999999999999787
2003-08-08,28.5,31.7,26.3,0.14583333333333334,84.58333333333333,5.399999999999999,-0.3999999999999986
2003-08-09,27.8,30.3,25.5,0.5041666666666667,87.20833333333333,4.800000000000001,-0.6999999999999993
2003-08-10,27.5,29.7,25.6,0.45416666666666666,91.20833333333333,4.099999999999998,-0.3000000000000007
2003-08-11,27.7,30.2,25.6,0.19166666666666668,95.58333333333333,4.599999999999998,0.1999999999999993
2003-08-12,28.2,30.6,25.9,0.3333333333333333,92.875,4.700000000000003,0.5
2003-08-13,27.5,30.4,25.8,0.9500000000000001,87.95833333333333,4.599999999999998,-0.6999999999999993
2003-08-14,27.5,31.0,25.8,0.55,94.45833333333333,5.199999999999999,0.0
2003-08-15,27.7,30.5,25.6,0.37083333333333335,97.08333333333333,4.899999999999999,0.1999999999999993
2003-08-16,28.9,32.4,25.6,0.10416666666666667,91.0,6.799999999999997,1.1999999999999993
2003-08-17,28.9,32.2,26.0,0.28750000000000003,94.79166666666667,6.200000000000003,0.0
2003-08-18,28.3,31.7,25.6,0.4583333333333333,98.875,6.099999999999998,-0.5999999999999979
2003-08-19,28.3,32.1,25.8,0.05416666666666667,99.625,6.300000000000001,0.0
2003-08-20,28.4,32.1,26.2,0.10833333333333334,99.5,5.900000000000002,0.09999999999999787
2003-08-21,29.4,32.8,26.4,0.02916666666666667,98.125,6.399999999999999,1.0
2003-08-22,27.5,29.8,26.0,0.6708333333333333,99.75,3.8000000000000007,-1.8999999999999986
2003-08-23,27.1,29.0,25.6,0.32916666666666666,99.25,3.3999999999999986,-0.3999999999999986
2003-08-24,27.6,29.6,25.6,0.25833333333333336,99.04166666666667,4.0,0.5
2003-08-25,27.5,30.6,25.4,0.3833333333333333,78.70833333333333,5.200000000000003,-0.10000000000000142
2003-08-26,28.3,31.2,25.3,0.4666666666666666,58.166666666666664,5.899999999999999,0.8000000000000007
2003-08-27,28.0,31.1,26.1,0.12916666666666668,94.41666666666667,5.0,-0.3000000000000007
2003-08-28,27.4,30.1,25.7,0.37916666666666665,89.29166666666667,4.400000000000002,-0.6000000000000014
2003-08-29,27.8,30.7,25.2,0.6291666666666667,81.33333333333333,5.5,0.40000000000000213
2003-08-30,27.1,30.1,25.3,0.8208333333333333,97.45833333333333,4.800000000000001,-0.6999999999999993
2003-08-31,27.5,30.8,25.2,0.4166666666666667,96.66666666666667,5.600000000000001,0.3999999999999986
2003-09-01,27.0,29.6,25.4,0.17500000000000002,89.41666666666667,4.200000000000003,-0.5
2003-09-02,27.8,30.8,25.8,0.16666666666666666,76.58333333333333,5.0,0.8000000000000007
2003-09-03,28.1,31.0,25.8,0.03333333333333333,59.208333333333336,5.199999999999999,0.3000000000000007
2003-09-04,26.8,30.2,25.0,0.5,95.33333333333333,5.199999999999999,-1.3000000000000007
2003-09-05,27.4,30.6,25.0,0.2541666666666667,82.66666666666667,5.600000000000001,0.5999999999999979
2003-09-06,26.6,28.2,25.5,0.32916666666666666,99.29166666666667,2.6999999999999993,-0.7999999999999972
2003-09-07,27.6,30.2,25.6,0.041666666666666664,99.20833333333333,4.599999999999998,1.0
2003-09-08,27.3,30.6,25.5,0.44166666666666665,98.0,5.100000000000001,-0.3000000000000007
2003-09-09,27.4,30.0,25.5,0.17916666666666667,90.0,4.5,0.09999999999999787
2003-09-10,28.4,31.8,25.6,0.025000000000000005,90.58333333333333,6.199999999999999,1.0
2003-09-11,27.3,30.6,25.8,0.3833333333333333,99.54166666666667,4.800000000000001,-1.0999999999999979
2003-09-12,27.2,29.7,25.0,0.5041666666666667,99.79166666666667,4.699999999999999,-0.10000000000000142
2003-09-13,27.1,30.8,25.4,0.46249999999999997,99.70833333333333,5.400000000000002,-0.09999999999999787
2003-09-14,27.3,31.3,24.9,0.22916666666666666,98.91666666666667,6.400000000000002,0.1999999999999993
2003-09-15,27.0,30.2,25.0,0.4000000000000001,91.375,5.199999999999999,-0.3000000000000007
2003-09-16,27.2,30.7,25.1,0.16666666666666666,92.875,5.599999999999998,0.1999999999999993
2003-09-17,27.7,31.0,25.3,0.07916666666666666,97.04166666666667,5.699999999999999,0.5
2003-09-18,27.1,30.3,25.5,0.15416666666666667,96.83333333333333,4.800000000000001,-0.5999999999999979
2003-09-19,27.2,30.7,25.2,0.24583333333333332,96.91666666666667,5.5,0.09999999999999787
2003-09-20,27.7,31.1,25.1,0.26666666666666666,96.66666666666667,6.0,0.5
2003-09-21,27.7,31.9,25.4,0.26666666666666666,91.0,6.5,0.0
2003-09-22,27.9,31.8,25.1,0.25,91.04166666666667,6.699999999999999,0.1999999999999993
2003-09-23,27.8,31.7,25.4,0.23333333333333336,95.79166666666667,6.300000000000001,-0.09999999999999787
2003-09-24,27.2,31.1,24.9,0.3458333333333334,96.33333333333333,6.200000000000003,-0.6000000000000014
2003-09-25,26.3,28.7,25.0,0.4583333333333333,91.20833333333333,3.6999999999999993,-0.8999999999999986
2003-09-26,26.2,29.5,24.8,0.7041666666666666,96.95833333333333,4.699999999999999,-0.10000000000000142
2003-09-27,26.5,29.9,24.7,0.20833333333333334,89.75,5.199999999999999,0.3000000000000007
2003-09-28,27.6,30.8,24.6,0.14583333333333334,61.333333333333336,6.199999999999999,1.1000000000000014
2003-09-29,28.3,31.9,25.4,0.02916666666666667,47.125,6.5,0.6999999999999993
2003-09-30,27.8,31.7,25.4,0.3333333333333333,49.791666666666664,6.300000000000001,-0.5
2003-10-01,28.3,32.2,25.2,0.14583333333333334,36.666666666666664,7.0000000000000036,0.5
2003-10-02,27.5,31.4,24.9,0.41250000000000003,65.33333333333333,6.5,-0.8000000000000007
2003-10-03,27.4,30.9,24.9,0.4083333333333334,64.83333333333333,6.0,-0.10000000000000142
2003-10-04,26.7,29.6,25.1,0.2541666666666667,94.83333333333333,4.5,-0.6999999999999993
2003-10-05,27.4,29.9,25.3,0.07083333333333335,98.33333333333333,4.599999999999998,0.6999999999999993
2003-10-06,26.1,29.1,24.9,0.7541666666666668,100.0,4.200000000000003,-1.2999999999999972
2003-10-07,24.6,25.2,24.1,2.4208333333333334,100.0,1.0999999999999979,-1.5
2003-10-08,25.4,27.0,24.4,0.6666666666666666,100.0,2.6000000000000014,0.7999999999999972
2003-10-09,26.2,28.5,24.8,0.4791666666666667,99.95833333333333,3.6999999999999993,0.8000000000000007
2003-10-10,25.7,28.3,23.1,0.0,96.83333333333333,5.199999999999999,-0.5
2003-10-11,26.7,31.2,22.6,0.0,90.75,8.599999999999998,1.0
2003-10-12,27.1,32.0,21.7,0.0,38.541666666666664,10.3,0.40000000000000213
2003-10-13,26.4,31.3,21.6,0.0,10.791666666666666,9.7,-0.7000000000000028
2003-10-14,25.3,30.2,21.5,0.0,41.958333333333336,8.7,-1.0999999999999979
2003-10-15,26.5,30.4,21.1,0.0,50.125,9.299999999999997,1.1999999999999993
2003-10-16,26.4,30.6,23.5,0.27499999999999997,63.458333333333336,7.100000000000001,-0.10000000000000142
2003-10-17,27.3,30.7,23.4,0.06666666666666667,95.58333333333333,7.300000000000001,0.9000000000000021
2003-10-18,26.7,28.9,25.0,0.075,99.70833333333333,3.8999999999999986,-0.6000000000000014
2003-10-19,27.1,30.3,23.9,0.04583333333333334,74.5,6.400000000000002,0.40000000000000213
2003-10-20,27.3,30.9,23.7,0.0,31.333333333333332,7.199999999999999,0.1999999999999993
2003-10-21,27.3,30.9,23.8,0.004166666666666667,17.916666666666668,7.099999999999998,0.0
2003-10-22,27.3,30.6,24.2,0.041666666666666664,33.375,6.400000000000002,0.0
2003-10-23,26.5,30.7,24.2,0.12083333333333333,52.333333333333336,6.5,-0.8000000000000007
2003-10-24,26.3,29.9,24.3,0.22916666666666666,81.25,5.599999999999998,-0.1999999999999993
2003-10-25,26.0,29.2,24.3,0.24583333333333335,96.08333333333333,4.899999999999999,-0.3000000000000007
2003-10-26,25.4,27.5,23.7,0.37083333333333335,86.95833333333333,3.8000000000000007,-0.6000000000000014
2003-10-27,25.6,28.8,23.9,0.6541666666666667,78.66666666666667,4.900000000000002,0.20000000000000284
2003-10-28,25.6,28.5,23.0,0.25833333333333336,98.41666666666667,5.5,0.0
2003-10-29,26.2,29.8,23.1,0.0,25.25,6.699999999999999,0.5999999999999979
2003-10-30,26.6,30.4,23.2,0.029166666666666664,23.208333333333332,7.199999999999999,0.40000000000000213
2003-10-31,26.0,30.0,23.0,0.32916666666666666,35.541666666666664,7.0,-0.6000000000000014
2003-11-01,25.5,29.6,22.8,0.14583333333333334,38.083333333333336,6.800000000000001,-0.5
2003-11-02,25.6,29.8,22.5,0.020833333333333332,25.583333333333332,7.300000000000001,0.10000000000000142
2003-11-03,25.2,29.1,21.8,0.020833333333333332,19.625,7.300000000000001,-0.40000000000000213
2003-11-04,25.5,29.2,21.4,0.0,13.083333333333334,7.800000000000001,0.3000000000000007
2003-11-05,24.8,29.0,20.5,0.0,7.041666666666667,8.5,-0.6999999999999993
2003-11-06,24.4,29.1,20.2,0.0,21.541666666666668,8.900000000000002,-0.40000000000000213
2003-11-07,24.3,28.8,19.5,0.0,6.083333333333333,9.3,-0.09999999999999787
2003-11-08,24.3,29.5,18.2,0.0,11.75,11.3,0.0
2003-11-09,24.3,29.3,17.9,0.0,5.833333333333333,11.400000000000002,0.0
2003-11-10,24.2,29.1,18.3,0.0,8.125,10.8,-0.10000000000000142
2003-11-11,22.6,28.8,17.8,0.0,0.9583333333333334,11.0,-1.5999999999999979
2003-11-12,22.1,27.6,17.6,0.0,4.5,10.0,-0.5
2003-11-13,22.4,27.5,18.0,0.0,25.541666666666668,9.5,0.29999999999999716
2003-11-14,23.1,28.0,18.4,0.0,17.5,9.600000000000001,0.7000000000000028
2003-11-15,22.0,27.4,17.6,0.0,13.458333333333334,9.799999999999997,-1.1000000000000014
2003-11-16,21.9,26.8,17.5,0.0,34.208333333333336,9.3,-0.10000000000000142
2003-11-17,21.7,27.1,16.7,0.0,5.458333333333333,10.400000000000002,-0.1999999999999993
2003-11-18,21.7,27.6,16.3,0.0,0.0,11.3,0.0
2003-11-19,23.3,28.4,17.3,0.0,0.6666666666666666,11.099999999999998,1.6000000000000014
2003-11-20,23.8,29.4,17.0,0.0,10.125,12.399999999999999,0.5
2003-11-21,22.0,28.4,15.5,0.0,0.25,12.899999999999999,-1.8000000000000007
2003-11-22,19.5,25.7,14.3,0.0,0.0,11.399999999999999,-2.5
2003-11-23,20.5,26.2,13.9,0.0,2.2916666666666665,12.299999999999999,1.0
2003-11-24,21.8,26.8,16.0,0.0,37.708333333333336,10.8,1.3000000000000007
2003-11-25,21.8,27.0,16.9,0.0,18.666666666666668,10.100000000000001,0.0
2003-11-26,21.2,27.2,15.5,0.0,4.625,11.7,-0.6000000000000014
2003-11-27,20.5,26.9,14.7,0.0,1.2916666666666667,12.2,-0.6999999999999993
2003-11-28,19.9,26.3,13.9,0.0,21.791666666666668,12.4,-0.6000000000000014
2003-11-29,19.2,26.0,13.1,0.0,4.083333333333333,12.9,-0.6999999999999993
2003-11-30,19.6,26.1,12.9,0.0,32.916666666666664,13.200000000000001,0.40000000000000213
2003-12-01,19.3,26.0,13.4,0.0,3.1666666666666665,12.6,-0.3000000000000007
2003-12-02,19.0,25.8,12.9,0.0,0.0,12.9,-0.3000000000000007
2003-12-03,18.9,25.6,12.6,0.0,3.0416666666666665,13.000000000000002,-0.10000000000000142
2003-12-04,19.2,25.8,12.6,0.0,1.9583333333333333,13.200000000000001,0.3000000000000007
2003-12-05,19.5,26.5,12.9,0.0,0.16666666666666666,13.6,0.3000000000000007
2003-12-06,19.8,26.5,13.7,0.0,0.0,12.8,0.3000000000000007
2003-12-07,19.7,26.2,13.8,0.0,0.625,12.399999999999999,-0.10000000000000142
2003-12-08,20.9,25.6,14.0,0.0,41.0,11.600000000000001,1.1999999999999993
2003-12-09,21.4,26.1,16.1,0.0,36.291666666666664,10.0,0.5
2003-12-10,21.0,27.0,15.3,0.0,0.0,11.7,-0.3999999999999986
2003-12-11,20.8,27.4,15.3,0.0,0.0,12.099999999999998,-0.1999999999999993
2003-12-12,20.7,27.4,15.1,0.0,36.916666666666664,12.299999999999999,-0.10000000000000142
2003-12-13,20.5,27.0,15.2,0.0,57.25,11.8,-0.1999999999999993
2003-12-14,21.1,27.0,14.4,0.0,93.33333333333333,12.6,0.6000000000000014
2003-12-15,21.4,26.2,16.0,0.0,94.5,10.2,0.29999999999999716
2003-12-16,20.3,24.3,17.6,0.4041666666666666,95.625,6.699999999999999,-1.0999999999999979
2003-12-17,17.6,18.5,16.6,2.191666666666667,79.45833333333333,1.8999999999999986,-2.6999999999999993
2003-12-18,19.4,21.6,17.0,0.024999999999999998,90.70833333333333,4.600000000000001,1.7999999999999972
2003-12-19,20.9,24.8,17.4,0.0,43.583333333333336,7.400000000000002,1.5
2003-12-20,20.2,25.4,15.6,0.0,7.5,9.799999999999999,-0.6999999999999993
2003-12-21,19.0,25.0,14.1,0.0,0.0,10.9,-1.1999999999999993
2003-12-22,18.2,24.7,13.1,0.0,0.20833333333333334,11.6,-0.8000000000000007
2003-12-23,17.7,24.7,11.9,0.0,0.5,12.799999999999999,-0.5
2003-12-24,17.6,24.2,11.5,0.0,0.0,12.7,-0.09999999999999787
2003-12-25,17.1,23.8,11.6,0.0,0.0,12.200000000000001,-0.5
2003-12-26,16.8,23.7,11.3,0.0,1.5,12.399999999999999,-0.3000000000000007
2003-12-27,17.4,21.8,10.8,0.012499999999999999,39.583333333333336,11.0,0.5999999999999979
2003-12-28,16.4,19.9,13.1,0.05833333333333333,39.958333333333336,6.799999999999999,-1.0
2003-12-29,16.0,21.5,11.5,0.0,1.2083333333333333,10.0,-0.3999999999999986
2003-12-30,15.6,21.2,11.0,0.0,0.9166666666666666,10.2,-0.40000000000000036
2003-12-31,16.0,22.0,11.1,0.0,28.416666666666668,10.9,0.40000000000000036
2004-01-01,15.9,22.2,10.8,0.0,0.0,11.399999999999999,-0.09999999999999964
2004-01-02,15.8,22.6,10.7,0.0,33.458333333333336,11.900000000000002,-0.09999999999999964
2004-01-03,15.6,22.2,10.6,0.0,19.791666666666668,11.6,-0.20000000000000107
2004-01-04,15.4,21.7,10.1,0.0,13.375,11.6,-0.1999999999999993
2004-01-05,15.3,21.4,9.9,0.0,14.416666666666666,11.499999999999998,-0.09999999999999964
2004-01-06,15.9,22.3,10.3,0.0,0.08333333333333333,12.0,0.5999999999999996
2004-01-07,16.8,23.0,11.1,0.0,0.4583333333333333,11.9,0.9000000000000004
2004-01-08,16.8,23.1,11.9,0.0,0.0,11.200000000000001,0.0
2004-01-09,16.2,23.1,11.0,0.0,0.0,12.100000000000001,-0.6000000000000014
2004-01-10,16.4,23.4,10.5,0.0,5.0,12.899999999999999,0.1999999999999993
2004-01-11,17.1,24.1,10.8,0.0,0.0,13.3,0.7000000000000028
2004-01-12,18.0,24.4,11.4,0.0,0.0,12.999999999999998,0.8999999999999986
2004-01-13,18.2,24.4,11.5,0.0,0.25,12.899999999999999,0.1999999999999993
2004-01-14,19.3,25.6,13.2,0.0,1.3333333333333333,12.400000000000002,1.1000000000000014
2004-01-15,20.3,26.0,13.0,0.0,27.125,13.0,1.0
2004-01-16,20.1,25.5,15.6,0.0,37.916666666666664,9.9,-0.1999999999999993
2004-01-17,20.1,25.8,15.4,0.0,31.291666666666668,10.4,0.0
2004-01-18,20.6,26.2,13.9,0.0,13.625,12.299999999999999,0.5
2004-01-19,22.4,28.4,16.7,0.0,5.458333333333333,11.7,1.7999999999999972
2004-01-20,20.7,26.5,15.5,0.0,2.9166666666666665,11.0,-1.6999999999999993
2004-01-21,20.9,26.3,15.0,0.0,27.375,11.3,0.1999999999999993
2004-01-22,21.9,26.8,16.8,0.0,36.041666666666664,10.0,1.0
2004-01-23,22.0,26.7,17.7,0.008333333333333333,77.41666666666667,9.0,0.10000000000000142
2004-01-24,21.5,26.7,17.0,0.0,57.958333333333336,9.7,-0.5
2004-01-25,19.5,25.0,14.3,0.0,58.0,10.7,-2.0
2004-01-26,18.6,23.5,14.1,0.0,44.166666666666664,9.4,-0.8999999999999986
2004-01-27,18.4,23.5,12.9,0.0,22.875,10.6,-0.20000000000000284
2004-01-28,17.6,23.9,11.7,0.0,0.5,12.2,-0.7999999999999972
2004-01-29,17.9,24.3,10.8,0.0,26.583333333333332,13.5,0.29999999999999716
2004-01-30,19.6,25.5,14.1,0.0,13.708333333333334,11.4,1.7000000000000028
2004-01-31,21.8,27.0,13.6,0.025000000000000005,57.208333333333336,13.4,2.1999999999999993
2004-02-01,20.7,24.1,17.7,0.075,71.79166666666667,6.400000000000002,-1.1000000000000014
2004-02-02,21.4,26.4,16.9,0.0,53.75,9.5,0.6999999999999993
2004-02-03,18.0,23.9,11.5,0.0,8.75,12.399999999999999,-3.3999999999999986
2004-02-04,17.1,23.7,10.9,0.0,1.375,12.799999999999999,-0.8999999999999986
2004-02-05,18.4,24.6,11.1,0.0,26.666666666666668,13.500000000000002,1.2999999999999972
2004-02-06,17.0,18.6,13.7,0.0,76.25,4.900000000000002,-1.3999999999999986
2004-02-07,19.0,24.9,13.2,0.0,19.333333333333332,11.7,2.0
2004-02-08,18.4,24.8,12.3,0.0,0.041666666666666664,12.5,-0.6000000000000014
2004-02-09,19.3,26.0,12.4,0.0,0.0,13.6,0.9000000000000021
2004-02-10,20.8,27.2,12.4,0.0,0.0,14.799999999999999,1.5
2004-02-11,21.5,28.5,14.7,0.0,0.0,13.8,0.6999999999999993
2004-02-12,22.0,29.6,14.5,0.0,0.0,15.100000000000001,0.5
2004-02-13,22.0,29.5,14.4,0.0,0.25,15.1,0.0
2004-02-14,22.3,29.6,14.7,0.0,3.625,14.900000000000002,0.3000000000000007
2004-02-15,22.8,30.0,15.3,0.0,7.333333333333333,14.7,0.5
2004-02-16,22.7,29.4,15.5,0.0,2.7916666666666665,13.899999999999999,-0.10000000000000142
2004-02-17,22.1,29.4,15.1,0.0,0.0,14.299999999999999,-0.5999999999999979
2004-02-18,22.8,29.6,16.6,0.0,0.625,13.0,0.6999999999999993
2004-02-19,23.9,30.7,16.6,0.0,7.666666666666667,14.099999999999998,1.0999999999999979
2004-02-20,24.8,32.1,18.4,0.0,1.8333333333333333,13.700000000000003,0.9000000000000021
2004-02-21,23.8,30.3,16.5,0.0,2.5416666666666665,13.8,-1.0
2004-02-22,23.3,30.2,16.4,0.0,5.166666666666667,13.8,-0.5
2004-02-23,23.3,30.8,16.0,0.0,10.791666666666666,14.8,0.0
2004-02-24,23.8,31.2,15.5,0.0,0.0,15.7,0.5
2004-02-25,23.9,30.8,16.4,0.0,4.375,14.400000000000002,0.09999999999999787
2004-02-26,24.0,30.5,15.8,0.0,6.333333333333333,14.7,0.10000000000000142
2004-02-27,24.8,32.2,17.0,0.0,3.7916666666666665,15.200000000000003,0.8000000000000007
2004-02-28,26.3,33.4,20.2,0.0,9.583333333333334,13.2,1.5
2004-02-29,27.3,34.4,21.5,0.0,3.3333333333333335,12.899999999999999,1.0
2004-03-01,26.8,33.8,19.5,0.0,9.875,14.299999999999997,-0.5
2004-03-02,24.8,32.0,16.9,0.0,0.0,15.100000000000001,-2.0
2004-03-03,23.8,31.4,16.0,0.0,0.0,15.399999999999999,-1.0
2004-03-04,24.7,32.3,16.8,0.0,0.0,15.499999999999996,0.8999999999999986
2004-03-05,25.1,32.9,17.4,0.0,5.458333333333333,15.5,0.40000000000000213
2004-03-06,26.6,34.0,17.5,0.0,57.375,16.5,1.5
2004-03-07,22.3,26.2,17.6,0.19166666666666665,68.08333333333333,8.599999999999998,-4.300000000000001
2004-03-08,24.5,31.3,17.7,0.0,40.625,13.600000000000001,2.1999999999999993
2004-03-09,26.5,32.9,18.4,0.0,71.20833333333333,14.5,2.0
2004-03-10,23.6,29.5,19.5,0.13749999999999998,34.208333333333336,10.0,-2.8999999999999986
2004-03-11,25.1,30.5,20.3,0.0,13.25,10.2,1.5
2004-03-12,26.3,31.8,20.0,0.0,13.208333333333334,11.8,1.1999999999999993
2004-03-13,27.5,34.2,21.3,0.0,13.333333333333334,12.900000000000002,1.1999999999999993
2004-03-14,28.2,35.2,21.0,0.0,2.75,14.200000000000003,0.6999999999999993
2004-03-15,28.2,35.4,21.8,0.0,3.0416666666666665,13.599999999999998,0.0
2004-03-16,28.9,36.2,21.8,0.0,0.5,14.400000000000002,0.6999999999999993
2004-03-17,28.9,35.7,23.1,0.0,8.041666666666666,12.600000000000001,0.0
2004-03-18,28.5,34.0,24.0,0.0,23.166666666666668,10.0,-0.3999999999999986
2004-03-19,28.5,33.9,24.3,0.0,19.625,9.599999999999998,0.0
2004-03-20,29.6,37.9,24.1,0.0,0.3333333333333333,13.799999999999997,1.1000000000000014
2004-03-21,29.2,36.9,23.9,0.0,7.125,13.0,-0.40000000000000213
2004-03-22,29.3,36.8,24.5,0.0,2.3333333333333335,12.299999999999997,0.10000000000000142
2004-03-23,29.3,35.9,24.3,0.0,0.75,11.599999999999998,0.0
2004-03-24,29.4,36.1,24.5,0.0,1.3333333333333333,11.600000000000001,0.09999999999999787
2004-03-25,29.0,35.4,24.6,0.0,15.208333333333334,10.799999999999997,-0.3999999999999986
2004-03-26,29.1,35.5,24.9,0.0,5.75,10.600000000000001,0.10000000000000142
2004-03-27,29.7,36.2,24.7,0.0,12.041666666666666,11.500000000000004,0.5999999999999979
2004-03-28,29.9,36.4,25.3,0.0,14.541666666666666,11.099999999999998,0.1999999999999993
2004-03-29,29.9,36.0,25.1,0.0,23.666666666666668,10.899999999999999,0.0
2004-03-30,29.6,35.1,26.1,0.02916666666666667,66.75,9.0,-0.29999999999999716
2004-03-31,29.5,35.1,25.3,0.012500000000000002,27.958333333333332,9.8,-0.10000000000000142
2004-04-01,29.5,35.2,25.1,0.0,39.375,10.100000000000001,0.0
2004-04-02,29.4,34.8,25.4,0.13333333333333333,35.25,9.399999999999999,-0.10000000000000142
2004-04-03,29.6,35.8,26.5,0.03333333333333333,22.625,9.299999999999997,0.20000000000000284
2004-04-04,30.2,35.5,26.9,0.012499999999999999,39.541666666666664,8.600000000000001,0.5999999999999979
2004-04-05,29.7,35.4,26.2,0.0,89.58333333333333,9.2,-0.5
2004-04-06,29.1,36.1,24.4,0.2291666666666667,94.29166666666667,11.700000000000003,-0.5999999999999979
2004-04-07,26.2,31.8,21.6,0.21666666666666665,41.0,10.2,-2.900000000000002
2004-04-08,27.7,31.2,22.4,0.0375,35.0,8.8,1.5
2004-04-09,27.7,33.9,24.0,0.2625,32.625,9.899999999999999,0.0
2004-04-10,29.8,34.3,26.8,0.0,22.125,7.4999999999999964,2.1000000000000014
2004-04-11,30.3,35.3,27.0,0.0,22.625,8.299999999999997,0.5
2004-04-12,30.2,35.5,26.7,0.0,13.208333333333334,8.8,-0.10000000000000142
2004-04-13,31.3,37.9,26.4,0.0,3.4166666666666665,11.5,1.1000000000000014
2004-04-14,31.5,37.5,27.2,0.0,23.458333333333332,10.3,0.1999999999999993
2004-04-15,31.6,37.3,27.5,0.0,10.375,9.799999999999997,0.10000000000000142
2004-04-16,31.9,38.5,27.3,0.0,22.958333333333332,11.2,0.29999999999999716
2004-04-17,31.8,38.4,27.0,0.0,7.125,11.399999999999999,-0.09999999999999787
2004-04-18,31.8,38.1,27.2,0.0,19.5,10.900000000000002,0.0
2004-04-19,29.0,37.3,25.7,0.7416666666666667,52.208333333333336,11.599999999999998,-2.8000000000000007
2004-04-20,27.9,31.6,25.4,0.25,53.541666666666664,6.200000000000003,-1.1000000000000014
2004-04-21,29.0,32.7,26.5,0.05416666666666667,46.041666666666664,6.200000000000003,1.1000000000000014
2004-04-22,29.2,33.8,26.6,0.125,34.583333333333336,7.199999999999996,0.1999999999999993
2004-04-23,29.0,33.2,24.0,0.7041666666666666,47.958333333333336,9.200000000000003,-0.1999999999999993
2004-04-24,27.8,31.1,24.3,0.07083333333333333,44.583333333333336,6.800000000000001,-1.1999999999999993
2004-04-25,27.4,31.9,24.0,0.07083333333333333,29.5,7.899999999999999,-0.40000000000000213
2004-04-26,28.0,32.3,23.6,0.004166666666666667,43.666666666666664,8.699999999999996,0.6000000000000014
2004-04-27,27.8,32.5,24.1,0.08750000000000001,30.041666666666668,8.399999999999999,-0.1999999999999993
2004-04-28,28.1,32.9,24.6,0.10416666666666667,28.458333333333332,8.299999999999997,0.3000000000000007
2004-04-29,28.5,33.0,24.5,0.029166666666666664,21.125,8.5,0.3999999999999986
2004-04-30,29.3,34.1,25.7,0.008333333333333333,19.625,8.400000000000002,0.8000000000000007
2004-05-01,30.3,35.0,25.8,0.004166666666666667,12.541666666666666,9.2,1.0
2004-05-02,30.7,36.3,26.4,0.041666666666666664,11.083333333333334,9.899999999999999,0.3999999999999986
2004-05-03,31.2,36.3,26.1,0.0,4.083333333333333,10.199999999999996,0.5
2004-05-04,31.3,36.7,26.1,0.0,31.916666666666668,10.600000000000001,0.10000000000000142
2004-05-05,31.7,36.7,26.3,0.0,78.875,10.400000000000002,0.3999999999999986
2004-05-06,32.1,39.1,26.8,0.0,24.166666666666668,12.3,0.40000000000000213
2004-05-07,31.7,38.3,26.4,0.004166666666666667,10.5,11.899999999999999,-0.40000000000000213
2004-05-08,31.6,38.2,26.8,0.012499999999999999,10.958333333333334,11.400000000000002,-0.09999999999999787
2004-05-09,32.1,38.0,27.4,0.0,29.75,10.600000000000001,0.5
2004-05-10,32.5,38.6,28.5,0.0,18.0,10.100000000000001,0.3999999999999986
2004-05-11,32.9,38.5,28.9,0.0,70.375,9.600000000000001,0.3999999999999986
2004-05-12,32.8,38.5,29.2,0.0,42.958333333333336,9.3,-0.10000000000000142
2004-05-13,33.6,40.6,29.3,0.03333333333333333,62.166666666666664,11.3,0.8000000000000043
2004-05-14,33.4,40.0,29.4,0.012499999999999999,51.5,10.600000000000001,-0.20000000000000284
2004-05-15,32.5,38.0,28.9,0.0,93.125,9.100000000000001,-0.8999999999999986
2004-05-16,32.2,36.9,27.8,0.0,66.875,9.099999999999998,-0.29999999999999716
2004-05-17,31.7,36.3,27.9,0.024999999999999998,85.33333333333333,8.399999999999999,-0.5000000000000036
2004-05-18,31.6,37.4,27.8,0.0,46.458333333333336,9.599999999999998,-0.09999999999999787
2004-05-19,33.6,40.2,27.7,0.012499999999999999,92.875,12.500000000000004,2.0
2004-05-20,34.4,41.6,28.8,0.024999999999999998,58.166666666666664,12.8,0.7999999999999972
2004-05-21,33.8,40.4,29.0,0.0,39.833333333333336,11.399999999999999,-0.6000000000000014
2004-05-22,33.1,39.6,29.4,0.0,38.125,10.200000000000003,-0.6999999999999957
2004-05-23,32.5,38.6,28.8,0.0,59.291666666666664,9.8,-0.6000000000000014
2004-05-24,31.9,36.4,28.2,0.15416666666666667,35.958333333333336,8.2,-0.6000000000000014
2004-05-25,29.2,34.5,26.1,0.9833333333333334,59.5,8.399999999999999,-2.6999999999999993
2004-05-26,28.7,32.5,26.8,0.24583333333333335,27.833333333333332,5.699999999999999,-0.5
2004-05-27,28.9,33.0,24.9,0.5499999999999999,25.166666666666668,8.100000000000001,0.1999999999999993
2004-05-28,30.2,34.2,27.3,0.012499999999999999,43.083333333333336,6.900000000000002,1.3000000000000007
2004-05-29,29.9,33.8,27.4,0.09999999999999999,34.833333333333336,6.399999999999999,-0.3000000000000007
2004-05-30,30.5,35.0,27.7,0.03333333333333333,39.666666666666664,7.300000000000001,0.6000000000000014
2004-05-31,30.9,34.6,27.7,0.025000000000000005,26.125,6.900000000000002,0.3999999999999986
2004-06-01,30.0,33.5,26.6,0.1625,87.125,6.899999999999999,-0.8999999999999986
2004-06-02,28.7,30.7,26.0,0.1708333333333333,84.5,4.699999999999999,-1.3000000000000007
2004-06-03,29.0,33.9,25.5,1.4875,69.29166666666667,8.399999999999999,0.3000000000000007
2004-06-04,28.4,32.1,26.2,0.22916666666666666,93.33333333333333,5.900000000000002,-0.6000000000000014
2004-06-05,29.3,33.0,26.4,0.18333333333333335,55.708333333333336,6.600000000000001,0.9000000000000021
2004-06-06,29.0,32.4,26.7,0.3125,76.08333333333333,5.699999999999999,-0.3000000000000007
2004-06-07,28.9,32.8,26.5,0.5875,61.541666666666664,6.299999999999997,-0.10000000000000142
2004-06-08,29.6,33.5,26.6,0.19166666666666668,27.458333333333332,6.899999999999999,0.7000000000000028
2004-06-09,29.9,33.2,27.1,0.016666666666666666,43.083333333333336,6.100000000000001,0.29999999999999716
2004-06-10,30.1,33.4,26.8,0.0375,36.041666666666664,6.599999999999998,0.20000000000000284
2004-06-11,29.6,33.8,27.0,0.22916666666666666,93.125,6.799999999999997,-0.5
2004-06-12,27.5,31.4,25.7,0.7333333333333334,99.70833333333333,5.699999999999999,-2.1000000000000014
2004-06-13,26.9,29.6,25.8,0.6875,99.33333333333333,3.8000000000000007,-0.6000000000000014
2004-06-14,26.9,29.7,24.8,1.0916666666666666,99.5,4.899999999999999,0.0
2004-06-15,26.7,28.8,24.7,0.7374999999999999,99.45833333333333,4.100000000000001,-0.1999999999999993
2004-06-16,28.0,31.4,25.5,0.725,96.5,5.899999999999999,1.3000000000000007
2004-06-17,28.1,31.8,26.1,0.25,99.91666666666667,5.699999999999999,0.10000000000000142
2004-06-18,28.1,30.1,26.4,0.23750000000000002,98.25,3.700000000000003,0.0
2004-06-19,27.5,30.7,26.3,1.0833333333333333,100.0,4.399999999999999,-0.6000000000000014
2004-06-20,27.7,30.5,26.0,0.7125,100.0,4.5,0.1999999999999993
2004-06-21,27.7,29.7,26.1,0.7083333333333334,98.58333333333333,3.599999999999998,0.0
2004-06-22,30.6,33.6,27.7,0.012499999999999999,98.25,5.900000000000002,2.900000000000002
2004-06-23,30.5,33.7,27.1,0.016666666666666666,99.29166666666667,6.600000000000001,-0.10000000000000142
2004-06-24,30.6,34.1,27.6,0.012499999999999999,93.20833333333333,6.5,0.10000000000000142
2004-06-25,31.0,34.7,27.5,0.004166666666666667,94.08333333333333,7.200000000000003,0.3999999999999986
2004-06-26,31.3,35.7,27.5,0.024999999999999998,78.20833333333333,8.200000000000003,0.3000000000000007
2004-06-27,31.2,35.6,27.9,0.020833333333333332,84.25,7.700000000000003,-0.10000000000000142
2004-06-28,30.2,33.6,28.1,0.6625,98.25,5.5,-1.0
2004-06-29,29.4,33.1,27.6,0.3458333333333334,98.33333333333333,5.5,-0.8000000000000007
2004-06-30,29.0,32.9,26.8,0.5875,92.20833333333333,6.099999999999998,-0.3999999999999986
2004-07-01,29.4,33.5,26.6,0.31666666666666665,64.16666666666667,6.899999999999999,0.3999999999999986
2004-07-02,29.1,32.0,26.5,0.5458333333333333,91.5,5.5,-0.29999999999999716
2004-07-03,27.6,29.8,25.9,0.5458333333333333,95.04166666666667,3.900000000000002,-1.5
2004-07-04,28.1,29.9,26.4,0.2625,99.66666666666667,3.5,0.5
2004-07-05,28.7,31.7,26.6,0.020833333333333332,99.70833333333333,5.099999999999998,0.5999999999999979
2004-07-06,28.7,31.7,26.9,0.2041666666666667,99.83333333333333,4.800000000000001,0.0
2004-07-07,27.5,30.1,25.6,0.6041666666666666,100.0,4.5,-1.1999999999999993
2004-07-08,27.8,30.7,25.8,0.3458333333333334,99.58333333333333,4.899999999999999,0.3000000000000007
2004-07-09,28.5,31.5,26.6,0.06666666666666667,100.0,4.899999999999999,0.6999999999999993
2004-07-10,28.8,32.4,27.4,0.08333333333333333,99.95833333333333,5.0,0.3000000000000007
2004-07-11,28.8,32.4,26.7,0.1625,98.5,5.699999999999999,0.0
2004-07-12,27.5,31.0,24.8,0.6958333333333333,97.08333333333333,6.199999999999999,-1.3000000000000007
2004-07-13,27.5,31.0,25.0,0.28750000000000003,99.33333333333333,6.0,0.0
2004-07-14,27.8,31.6,25.4,0.14583333333333334,97.0,6.200000000000003,0.3000000000000007
2004-07-15,26.5,29.8,25.3,0.6124999999999999,99.33333333333333,4.5,-1.3000000000000007
2004-07-16,27.2,29.2,25.4,0.39999999999999997,99.66666666666667,3.8000000000000007,0.6999999999999993
2004-07-17,28.0,30.5,26.0,0.24166666666666667,99.79166666666667,4.5,0.8000000000000007
2004-07-18,28.6,30.7,27.3,0.225,99.875,3.3999999999999986,0.6000000000000014
2004-07-19,29.0,32.1,27.4,0.12083333333333333,100.0,4.700000000000003,0.3999999999999986
2004-07-20,28.7,31.5,26.8,0.15833333333333335,99.875,4.699999999999999,-0.3000000000000007
2004-07-21,27.3,30.7,25.5,0.17916666666666667,99.54166666666667,5.199999999999999,-1.3999999999999986
2004-07-22,28.3,31.4,25.6,0.041666666666666664,91.20833333333333,5.799999999999997,1.0
2004-07-23,27.2,30.2,25.5,0.37083333333333335,99.79166666666667,4.699999999999999,-1.1000000000000014
2004-07-24,27.1,29.9,25.5,0.225,99.16666666666667,4.399999999999999,-0.09999999999999787
2004-07-25,27.5,30.5,25.6,0.1875,92.83333333333333,4.899999999999999,0.3999999999999986
2004-07-26,27.2,29.9,25.3,0.49583333333333335,77.5,4.599999999999998,-0.3000000000000007
2004-07-27,27.4,30.7,25.3,0.1625,92.54166666666667,5.399999999999999,0.1999999999999993
2004-07-28,27.5,30.5,25.5,0.19583333333333333,99.41666666666667,5.0,0.10000000000000142
2004-07-29,26.9,29.8,24.8,0.4375,99.125,5.0,-0.6000000000000014
2004-07-30,27.0,29.9,24.9,0.5625,97.5,5.0,0.10000000000000142
2004-07-31,27.5,30.7,24.9,0.2833333333333334,96.66666666666667,5.800000000000001,0.5
2004-08-01,27.7,31.0,25.0,0.19583333333333333,94.54166666666667,6.0,0.1999999999999993
2004-08-02,27.8,31.6,25.4,0.1708333333333333,92.66666666666667,6.200000000000003,0.10000000000000142
2004-08-03,27.9,30.8,25.8,0.08750000000000001,94.70833333333333,5.0,0.09999999999999787
2004-08-04,27.5,30.2,25.6,0.3125,98.75,4.599999999999998,-0.3999999999999986
2004-08-05,26.8,30.4,24.9,0.6291666666666667,99.79166666666667,5.5,-0.6999999999999993
2004-08-06,26.5,28.2,24.9,0.8541666666666666,97.625,3.3000000000000007,-0.3000000000000007
2004-08-07,26.0,27.7,25.0,1.1875,99.25,2.6999999999999993,-0.5
2004-08-08,26.5,29.0,25.1,0.3958333333333333,99.45833333333333,3.8999999999999986,0.5
2004-08-09,27.4,30.1,25.0,0.3625,97.375,5.100000000000001,0.8999999999999986
2004-08-10,26.6,29.4,25.2,0.4791666666666667,98.20833333333333,4.199999999999999,-0.7999999999999972
2004-08-11,27.0,30.1,25.2,0.6208333333333333,97.91666666666667,4.900000000000002,0.3999999999999986
2004-08-12,26.4,29.0,25.0,1.0416666666666667,99.20833333333333,4.0,-0.6000000000000014
2004-08-13,26.5,29.6,24.8,0.6541666666666667,98.875,4.800000000000001,0.10000000000000142
2004-08-14,27.2,30.5,24.8,0.28750000000000003,71.33333333333333,5.699999999999999,0.6999999999999993
2004-08-15,27.5,30.9,24.9,0.39999999999999997,92.375,6.0,0.3000000000000007
2004-08-16,27.2,29.5,25.4,0.2625,96.20833333333333,4.100000000000001,-0.3000000000000007
2004-08-17,27.7,31.5,25.7,0.3,91.04166666666667,5.800000000000001,0.5
2004-08-18,27.5,30.2,25.6,0.3458333333333334,97.58333333333333,4.599999999999998,-0.1999999999999993
2004-08-19,27.4,30.5,25.6,0.21666666666666667,99.79166666666667,4.899999999999999,-0.10000000000000142
2004-08-20,27.5,30.3,25.7,0.4166666666666667,99.33333333333333,4.600000000000001,0.10000000000000142
2004-08-21,27.4,30.5,26.0,0.4458333333333333,85.83333333333333,4.5,-0.10000000000000142
2004-08-22,27.8,30.9,25.7,0.22916666666666666,81.41666666666667,5.199999999999999,0.40000000000000213
2004-08-23,27.7,31.4,25.2,0.4375,89.0,6.199999999999999,-0.10000000000000142
2004-08-24,27.9,31.5,25.1,0.39166666666666666,88.33333333333333,6.399999999999999,0.1999999999999993
2004-08-25,29.0,32.7,26.6,0.11666666666666668,95.125,6.100000000000001,1.1000000000000014
2004-08-26,29.0,32.9,26.7,0.07083333333333335,87.125,6.199999999999999,0.0
2004-08-27,28.2,31.8,26.3,0.30833333333333335,94.33333333333333,5.5,-0.8000000000000007
2004-08-28,28.3,31.4,26.2,0.37083333333333335,96.375,5.199999999999999,0.10000000000000142
2004-08-29,27.8,30.9,25.7,0.75,95.95833333333333,5.199999999999999,-0.5
2004-08-30,28.3,30.8,26.3,0.9458333333333333,94.625,4.5,0.5
2004-08-31,28.2,30.3,26.1,0.42083333333333334,93.79166666666667,4.199999999999999,-0.10000000000000142
2004-09-01,29.0,32.9,26.6,0.18333333333333332,96.375,6.299999999999997,0.8000000000000007
2004-09-02,28.2,31.8,26.4,0.49166666666666664,97.41666666666667,5.400000000000002,-0.8000000000000007
2004-09-03,28.2,32.0,26.2,0.225,91.95833333333333,5.800000000000001,0.0
2004-09-04,28.3,31.7,26.1,0.15,68.33333333333333,5.599999999999998,0.10000000000000142
2004-09-05,28.3,31.5,26.2,0.23333333333333336,88.04166666666667,5.300000000000001,0.0
2004-09-06,28.1,31.7,25.9,0.2833333333333333,89.66666666666667,5.800000000000001,-0.1999999999999993
2004-09-07,28.6,31.4,25.9,0.09583333333333333,82.125,5.5,0.5
2004-09-08,29.4,32.5,26.6,0.008333333333333333,98.125,5.899999999999999,0.7999999999999972
2004-09-09,28.1,31.1,25.5,0.36250000000000004,98.83333333333333,5.600000000000001,-1.2999999999999972
2004-09-10,26.9,30.8,24.9,0.425,97.79166666666667,5.900000000000002,-1.2000000000000028
2004-09-11,25.8,26.9,24.7,0.36666666666666664,99.95833333333333,2.1999999999999993,-1.0999999999999979
2004-09-12,24.9,26.3,24.0,2.0,100.0,2.3000000000000007,-0.9000000000000021
2004-09-13,24.4,26.1,23.5,0.9,100.0,2.6000000000000014,-0.5
2004-09-14,23.9,25.1,23.4,0.3125,100.0,1.7000000000000028,-0.5
2004-09-15,25.0,28.6,23.7,0.6,98.58333333333333,4.900000000000002,1.1000000000000014
2004-09-16,25.3,27.5,23.9,0.44583333333333336,98.45833333333333,3.6000000000000014,0.3000000000000007
2004-09-17,25.8,28.2,24.2,0.8291666666666667,97.41666666666667,4.0,0.5
2004-09-18,26.1,29.1,24.3,0.3666666666666667,88.70833333333333,4.800000000000001,0.3000000000000007
2004-09-19,26.4,29.7,24.1,0.27499999999999997,73.95833333333333,5.599999999999998,0.29999999999999716
2004-09-20,26.3,29.9,24.5,0.4375,91.04166666666667,5.399999999999999,-0.09999999999999787
2004-09-21,27.1,31.0,24.4,0.15416666666666667,77.70833333333333,6.600000000000001,0.8000000000000007
2004-09-22,27.2,30.8,24.7,0.22083333333333333,90.75,6.100000000000001,0.09999999999999787
2004-09-23,27.4,31.1,25.2,0.13333333333333333,88.70833333333333,5.900000000000002,0.1999999999999993
2004-09-24,27.5,31.4,24.8,0.19999999999999998,89.5,6.599999999999998,0.10000000000000142
2004-09-25,27.8,31.5,24.6,0.03333333333333333,91.95833333333333,6.899999999999999,0.3000000000000007
2004-09-26,27.8,31.5,24.4,0.3458333333333334,86.83333333333333,7.100000000000001,0.0
2004-09-27,27.6,31.9,24.3,0.15833333333333335,96.04166666666667,7.599999999999998,-0.1999999999999993
2004-09-28,27.4,31.4,25.1,0.5458333333333333,94.58333333333333,6.299999999999997,-0.20000000000000284
2004-09-29,27.0,31.0,24.9,0.775,89.70833333333333,6.100000000000001,-0.3999999999999986
2004-09-30,27.9,31.5,25.1,0.1125,70.54166666666667,6.399999999999999,0.8999999999999986
2004-10-01,26.9,31.4,24.3,0.2833333333333333,35.791666666666664,7.099999999999998,-1.0
2004-10-02,27.9,31.7,24.3,0.012500000000000002,39.083333333333336,7.399999999999999,1.0
2004-10-03,26.2,29.3,24.4,0.425,95.0,4.900000000000002,-1.6999999999999993
2004-10-04,25.1,27.1,23.9,1.7208333333333332,99.75,3.200000000000003,-1.0999999999999979
2004-10-05,25.2,27.1,23.7,0.6708333333333334,99.95833333333333,3.400000000000002,0.09999999999999787
2004-10-06,25.3,27.3,24.6,0.9083333333333333,100.0,2.6999999999999993,0.10000000000000142
2004-10-07,25.7,27.3,24.4,0.6291666666666667,100.0,2.900000000000002,0.3999999999999986
2004-10-08,26.1,29.4,23.7,0.0,98.83333333333333,5.699999999999999,0.40000000000000213
2004-10-09,26.8,30.4,23.4,0.0,41.375,7.0,0.6999999999999993
2004-10-10,27.0,30.7,23.2,0.024999999999999998,14.958333333333334,7.5,0.1999999999999993
2004-10-11,27.1,30.7,23.7,0.008333333333333333,10.125,7.0,0.10000000000000142
2004-10-12,27.0,30.7,23.5,0.004166666666666667,30.041666666666668,7.199999999999999,-0.10000000000000142
2004-10-13,26.6,30.5,23.0,0.10833333333333332,74.79166666666667,7.5,-0.3999999999999986
2004-10-14,25.5,30.0,23.2,0.3166666666666667,90.29166666666667,6.800000000000001,-1.1000000000000014
2004-10-15,25.4,29.0,22.7,0.004166666666666667,43.958333333333336,6.300000000000001,-0.10000000000000142
2004-10-16,25.4,29.5,21.7,0.0,22.875,7.800000000000001,0.0
2004-10-17,24.5,29.4,20.2,0.0,26.0,9.2,-0.8999999999999986
2004-10-18,24.4,29.3,20.0,0.0,26.083333333333332,9.3,-0.10000000000000142
2004-10-19,25.0,29.5,20.8,0.0,10.416666666666666,8.7,0.6000000000000014
2004-10-20,25.6,30.2,20.6,0.0,9.875,9.599999999999998,0.6000000000000014
2004-10-21,25.6,30.3,21.0,0.0,2.5,9.3,0.0
2004-10-22,25.2,30.2,20.7,0.0,8.75,9.5,-0.40000000000000213
2004-10-23,25.1,29.8,20.0,0.0,9.833333333333334,9.8,-0.09999999999999787
2004-10-24,24.8,30.4,19.8,0.0,5.833333333333333,10.599999999999998,-0.3000000000000007
2004-10-25,24.8,30.1,19.9,0.0,3.0833333333333335,10.200000000000003,0.0
2004-10-26,25.0,30.0,20.1,0.0,11.583333333333334,9.899999999999999,0.1999999999999993
2004-10-27,25.6,30.3,21.1,0.0,39.291666666666664,9.2,0.6000000000000014
2004-10-28,25.6,30.2,20.9,0.024999999999999998,14.208333333333334,9.3,0.0
2004-10-29,25.5,30.1,20.7,0.0,58.041666666666664,9.400000000000002,-0.10000000000000142
2004-10-30,25.0,28.5,21.7,0.0,87.33333333333333,6.800000000000001,-0.5
2004-10-31,24.2,29.8,18.7,0.0,7.125,11.100000000000001,-0.8000000000000007
2004-11-01,23.1,29.5,17.9,0.0,13.666666666666666,11.600000000000001,-1.0999999999999979
2004-11-02,22.6,28.8,17.2,0.0,11.708333333333334,11.600000000000001,-0.5
2004-11-03,22.8,29.2,16.7,0.0,1.8333333333333333,12.5,0.1999999999999993
2004-11-04,22.5,28.9,17.1,0.0,16.5,11.799999999999997,-0.3000000000000007
2004-11-05,22.7,28.6,17.6,0.0,45.0,11.0,0.1999999999999993
2004-11-06,22.9,28.6,17.0,0.0,15.708333333333334,11.600000000000001,0.1999999999999993
2004-11-07,23.8,29.3,16.7,0.0,28.166666666666668,12.600000000000001,0.9000000000000021
2004-11-08,24.1,29.7,17.7,0.0,7.958333333333333,12.0,0.3000000000000007
2004-11-09,24.2,29.8,17.3,0.0,59.0,12.5,0.09999999999999787
2004-11-10,24.0,29.7,18.3,0.0,39.25,11.399999999999999,-0.1999999999999993
2004-11-11,23.9,29.7,18.2,0.0,4.916666666666667,11.5,-0.10000000000000142
2004-11-12,23.6,29.5,17.6,0.0,1.8333333333333333,11.899999999999999,-0.29999999999999716
2004-11-13,24.2,29.5,17.8,0.0,0.5,11.7,0.5999999999999979
2004-11-14,23.2,30.1,16.3,0.0,0.4583333333333333,13.8,-1.0
2004-11-15,23.2,29.9,16.1,0.0,0.9166666666666666,13.799999999999997,0.0
2004-11-16,22.5,29.5,15.9,0.0,0.25,13.6,-0.6999999999999993
2004-11-17,22.8,28.9,16.0,0.0,1.0,12.899999999999999,0.3000000000000007
2004-11-18,23.3,28.9,17.1,0.0,2.9166666666666665,11.799999999999997,0.5
2004-11-19,23.2,29.1,17.4,0.0,3.2916666666666665,11.700000000000003,-0.10000000000000142
2004-11-20,23.2,28.9,17.9,0.0,4.125,11.0,0.0
2004-11-21,23.4,29.0,17.9,0.0,12.708333333333334,11.100000000000001,0.1999999999999993
2004-11-22,23.8,28.9,18.7,0.0,27.5,10.2,0.40000000000000213
2004-11-23,23.7,29.0,18.7,0.0,35.375,10.3,-0.10000000000000142
2004-11-24,23.4,28.2,18.5,0.0,22.625,9.7,-0.3000000000000007
2004-11-25,23.0,28.0,18.1,0.0,13.458333333333334,9.899999999999999,-0.3999999999999986
2004-11-26,22.7,28.1,17.4,0.0,8.375,10.700000000000003,-0.3000000000000007
2004-11-27,22.5,28.6,16.8,0.0,1.9583333333333333,11.8,-0.1999999999999993
2004-11-28,22.3,28.3,16.5,0.0,4.166666666666667,11.8,-0.1999999999999993
2004-11-29,22.0,28.4,16.1,0.0,0.125,12.299999999999997,-0.3000000000000007
2004-11-30,21.7,28.2,15.8,0.0,0.5,12.399999999999999,-0.3000000000000007
2004-12-01,22.4,28.0,15.7,0.0,18.416666666666668,12.3,0.6999999999999993
2004-12-02,22.3,28.2,17.4,0.0,2.4166666666666665,10.8,-0.09999999999999787
2004-12-03,21.5,27.8,16.2,0.0,1.8333333333333333,11.600000000000001,-0.8000000000000007
2004-12-04,20.8,27.2,15.3,0.0,0.0,11.899999999999999,-0.6999999999999993
2004-12-05,20.8,26.8,14.9,0.0,5.041666666666667,11.9,0.0
2004-12-06,21.9,27.2,15.2,0.0,25.375,12.0,1.0999999999999979
2004-12-07,22.1,27.1,17.3,0.0,14.625,9.8,0.20000000000000284
2004-12-08,22.6,27.4,17.4,0.0,43.375,10.0,0.5
2004-12-09,22.6,27.0,16.9,0.0,43.5,10.100000000000001,0.0
2004-12-10,23.0,26.6,18.6,0.0,66.83333333333333,8.0,0.3999999999999986
2004-12-11,22.9,26.9,19.6,0.0,62.041666666666664,7.299999999999997,-0.10000000000000142
2004-12-12,23.1,27.7,18.3,0.0,61.291666666666664,9.399999999999999,0.20000000000000284
2004-12-13,23.1,27.1,18.2,0.0,65.16666666666667,8.900000000000002,0.0
2004-12-14,22.4,27.1,17.9,0.0,45.166666666666664,9.200000000000003,-0.7000000000000028
2004-12-15,21.6,27.5,15.8,0.0,2.9166666666666665,11.7,-0.7999999999999972
2004-12-16,20.8,27.1,14.8,0.0,0.5416666666666666,12.3,-0.8000000000000007
2004-12-17,21.5,27.2,14.8,0.0,6.666666666666667,12.399999999999999,0.6999999999999993
2004-12-18,21.8,27.1,15.9,0.0,8.416666666666666,11.200000000000001,0.3000000000000007
2004-12-19,22.2,26.1,18.2,0.0,73.0,7.900000000000002,0.3999999999999986
2004-12-20,22.6,26.7,18.9,0.0,59.083333333333336,7.800000000000001,0.40000000000000213
2004-12-21,22.6,27.6,18.3,0.0,18.208333333333332,9.3,0.0
2004-12-22,22.1,28.0,17.0,0.0,6.541666666666667,11.0,-0.5
2004-12-23,21.8,27.3,16.7,0.0,10.5,10.600000000000001,-0.3000000000000007
2004-12-24,22.1,26.8,17.7,0.0,19.916666666666668,9.100000000000001,0.3000000000000007
2004-12-25,20.6,25.0,16.5,0.0,45.625,8.5,-1.5
2004-12-26,19.0,24.2,13.5,0.0,35.5,10.7,-1.6000000000000014
2004-12-27,16.8,22.6,11.1,0.0,33.333333333333336,11.500000000000002,-2.1999999999999993
2004-12-28,16.4,22.5,10.4,0.0,25.5,12.1,-0.40000000000000213
2004-12-29,16.9,23.1,11.3,0.0,10.416666666666666,11.8,0.5
2004-12-30,17.7,24.0,11.0,0.0,19.916666666666668,13.0,0.8000000000000007
2004-12-31,18.8,25.0,13.2,0.0,0.041666666666666664,11.8,1.1000000000000014
2005-01-01,19.8,25.8,14.9,0.0,10.583333333333334,10.9,1.0
2005-01-02,20.6,26.1,14.6,0.0,70.04166666666667,11.500000000000002,0.8000000000000007
2005-01-03,21.7,26.9,15.5,0.0,49.958333333333336,11.399999999999999,1.0999999999999979
2005-01-04,21.1,26.2,16.4,0.0,53.5,9.8,-0.5999999999999979
2005-01-05,20.0,26.9,13.1,0.0,0.0,13.799999999999999,-1.1000000000000014
2005-01-06,18.2,25.3,12.2,0.0,0.0,13.100000000000001,-1.8000000000000007
2005-01-07,18.5,25.6,11.7,0.0,6.916666666666667,13.900000000000002,0.3000000000000007
2005-01-08,18.9,25.6,12.6,0.0,3.25,13.000000000000002,0.3999999999999986
2005-01-09,18.4,24.9,11.9,0.0,0.0,12.999999999999998,-0.5
2005-01-10,20.1,26.3,13.4,0.0,10.291666666666666,12.9,1.7000000000000028
2005-01-11,18.3,19.9,16.7,0.6125,87.83333333333333,3.1999999999999993,-1.8000000000000007
2005-01-12,18.2,23.7,12.7,0.0,24.916666666666668,11.0,-0.10000000000000142
2005-01-13,18.0,23.7,11.9,0.0,2.6666666666666665,11.799999999999999,-0.1999999999999993
2005-01-14,18.5,23.9,11.7,0.0,2.5416666666666665,12.2,0.5
2005-01-15,18.9,25.0,12.3,0.0,50.5,12.7,0.3999999999999986
2005-01-16,20.2,25.7,15.4,0.0,20.208333333333332,10.299999999999999,1.3000000000000007
2005-01-17,20.0,26.1,14.5,0.0,16.375,11.600000000000001,-0.1999999999999993
2005-01-18,21.1,25.6,16.7,0.0,37.583333333333336,8.900000000000002,1.1000000000000014
2005-01-19,19.5,25.1,13.8,0.012500000000000002,11.0,11.3,-1.6000000000000014
2005-01-20,17.3,23.1,11.5,0.0,0.0,11.600000000000001,-2.1999999999999993
2005-01-21,16.8,23.3,10.8,0.0,0.375,12.5,-0.5
2005-01-22,17.6,23.9,11.6,0.0,29.458333333333332,12.299999999999999,0.8000000000000007
2005-01-23,19.2,24.8,12.3,0.0,29.791666666666668,12.5,1.5999999999999979
2005-01-24,19.5,24.6,14.5,0.0,71.375,10.100000000000001,0.3000000000000007
2005-01-25,18.2,24.2,13.2,0.0,12.458333333333334,11.0,-1.3000000000000007
2005-01-26,19.3,25.0,12.7,0.0,2.5,12.3,1.1000000000000014
2005-01-27,19.9,26.1,12.6,0.0,39.208333333333336,13.500000000000002,0.5999999999999979
2005-01-28,20.5,24.4,17.0,0.0,98.45833333333333,7.399999999999999,0.6000000000000014
2005-01-29,20.0,25.4,16.0,0.0,38.25,9.399999999999999,-0.5
2005-01-30,20.1,25.8,16.0,0.0,17.375,9.8,0.10000000000000142
2005-01-31,21.3,27.1,16.1,0.0,17.833333333333332,11.0,1.1999999999999993
2005-02-01,19.0,23.9,15.9,0.0,58.5,7.999999999999998,-2.3000000000000007
2005-02-02,17.9,24.3,11.7,0.0,1.0416666666666667,12.600000000000001,-1.1000000000000014
2005-02-03,17.0,23.7,10.8,0.0,0.0,12.899999999999999,-0.8999999999999986
2005-02-04,17.6,24.6,10.5,0.0,0.0,14.100000000000001,0.6000000000000014
2005-02-05,19.5,26.1,11.8,0.0,0.9166666666666666,14.3,1.8999999999999986
2005-02-06,21.9,28.1,16.1,0.0,10.083333333333334,12.0,2.3999999999999986
2005-02-07,23.4,29.6,18.0,0.0,36.125,11.600000000000001,1.5
2005-02-08,23.3,29.0,17.5,0.0,16.5,11.5,-0.09999999999999787
2005-02-09,23.4,30.0,17.0,0.0,15.375,13.0,0.09999999999999787
2005-02-10,22.9,29.6,16.0,0.0,0.0,13.600000000000001,-0.5
2005-02-11,23.2,30.5,15.2,0.0,0.0,15.3,0.3000000000000007
2005-02-12,24.7,31.9,16.5,0.0,0.0,15.399999999999999,1.5
2005-02-13,26.4,34.0,17.6,0.0,2.5416666666666665,16.4,1.6999999999999993
2005-02-14,24.6,31.9,18.4,0.0,1.3333333333333333,13.5,-1.7999999999999972
2005-02-15,25.6,32.1,19.4,0.0,6.75,12.700000000000003,1.0
2005-02-16,26.5,33.1,21.3,0.0,9.291666666666666,11.8,0.8999999999999986
2005-02-17,26.6,32.4,20.4,0.0,25.541666666666668,12.0,0.10000000000000142
2005-02-18,27.0,31.8,23.3,0.0,43.75,8.5,0.3999999999999986
2005-02-19,27.2,32.4,23.2,0.0,66.95833333333333,9.2,0.1999999999999993
2005-02-20,27.9,33.9,22.8,0.0,85.33333333333333,11.099999999999998,0.6999999999999993
2005-02-21,27.2,34.2,20.8,0.0,85.125,13.400000000000002,-0.6999999999999993
2005-02-22,24.7,30.3,19.2,0.0,22.333333333333332,11.100000000000001,-2.5
2005-02-23,25.3,31.3,18.6,0.0,14.708333333333334,12.7,0.6000000000000014
2005-02-24,23.1,29.3,16.2,0.0,0.16666666666666666,13.100000000000001,-2.1999999999999993
2005-02-25,22.9,29.4,15.4,0.0,0.0,13.999999999999998,-0.20000000000000284
2005-02-26,24.3,31.0,17.4,0.0,0.2916666666666667,13.600000000000001,1.4000000000000021
2005-02-27,24.4,31.1,17.2,0.0,8.75,13.900000000000002,0.09999999999999787
2005-02-28,24.8,31.7,17.2,0.0,0.3333333333333333,14.5,0.40000000000000213
2005-03-01,26.4,33.5,18.5,0.0,7.708333333333333,15.0,1.5999999999999979
2005-03-02,28.3,35.3,21.2,0.0,5.958333333333333,14.099999999999998,1.9000000000000021
2005-03-03,28.8,35.4,21.7,0.0,0.375,13.7,0.5
2005-03-04,29.2,35.7,22.5,0.0,8.583333333333334,13.200000000000003,0.3999999999999986
2005-03-05,29.1,36.0,23.5,0.020833333333333332,28.0,12.5,-0.09999999999999787
2005-03-06,28.8,35.2,23.4,0.016666666666666666,19.666666666666668,11.800000000000004,-0.3000000000000007
2005-03-07,28.6,34.9,23.7,0.0,19.5,11.2,-0.1999999999999993
2005-03-08,27.5,33.3,22.0,0.024999999999999998,89.79166666666667,11.299999999999997,-1.1000000000000014
2005-03-09,27.3,32.9,21.5,0.0,74.75,11.399999999999999,-0.1999999999999993
2005-03-10,28.0,33.5,22.7,0.008333333333333333,91.66666666666667,10.8,0.6999999999999993
2005-03-11,26.5,31.1,22.0,0.1708333333333333,94.5,9.100000000000001,-1.5
2005-03-12,23.9,29.1,20.6,0.30416666666666664,56.375,8.5,-2.6000000000000014
2005-03-13,25.2,30.4,19.8,0.008333333333333333,26.125,10.599999999999998,1.3000000000000007
2005-03-14,25.2,31.7,18.9,0.012500000000000002,12.375,12.8,0.0
2005-03-15,25.9,32.1,18.4,0.0,1.25,13.700000000000003,0.6999999999999993
2005-03-16,26.2,31.6,22.3,0.049999999999999996,19.625,9.3,0.3000000000000007
2005-03-17,26.4,31.4,22.3,0.0625,25.083333333333332,9.099999999999998,0.1999999999999993
2005-03-18,26.8,32.4,23.1,0.05000000000000001,17.25,9.299999999999997,0.40000000000000213
2005-03-19,27.9,33.8,23.2,0.0,12.375,10.599999999999998,1.0999999999999979
2005-03-20,28.9,35.1,24.2,0.012499999999999999,3.3333333333333335,10.900000000000002,1.0
2005-03-21,29.4,36.1,24.2,0.0,0.16666666666666666,11.900000000000002,0.5
2005-03-22,29.4,35.7,24.7,0.03333333333333333,8.041666666666666,11.000000000000004,0.0
2005-03-23,27.1,33.1,23.5,0.8291666666666666,59.25,9.600000000000001,-2.299999999999997
2005-03-24,23.9,28.7,21.2,2.308333333333333,64.54166666666667,7.5,-3.200000000000003
2005-03-25,24.6,29.1,21.0,0.0,14.083333333333334,8.100000000000001,0.7000000000000028
2005-03-26,26.3,31.6,21.3,0.0,15.708333333333334,10.3,1.6999999999999993
2005-03-27,27.5,32.5,24.4,0.0,9.25,8.100000000000001,1.1999999999999993
2005-03-28,27.8,32.3,24.4,0.0,14.208333333333334,7.899999999999999,0.3000000000000007
2005-03-29,28.0,32.3,24.6,0.012499999999999999,22.333333333333332,7.699999999999996,0.1999999999999993
2005-03-30,27.7,32.1,24.7,0.0625,22.291666666666668,7.400000000000002,-0.3000000000000007
2005-03-31,27.1,30.6,24.0,0.0,38.0,6.600000000000001,-0.5999999999999979
2005-04-01,28.0,32.8,23.2,0.008333333333333333,17.0,9.599999999999998,0.8999999999999986
2005-04-02,27.7,33.5,22.8,0.008333333333333333,22.0,10.7,-0.3000000000000007
2005-04-03,28.1,34.0,23.2,0.0,17.875,10.8,0.40000000000000213
2005-04-04,28.0,33.4,22.9,0.008333333333333333,4.166666666666667,10.5,-0.10000000000000142
2005-04-05,28.0,32.8,23.6,0.0,18.041666666666668,9.199999999999996,0.0
2005-04-06,28.4,33.0,24.5,0.0,15.0,8.5,0.3999999999999986
2005-04-07,28.3,33.7,24.5,0.0,7.541666666666667,9.200000000000003,-0.09999999999999787
2005-04-08,28.8,34.0,24.8,0.0,17.25,9.2,0.5
2005-04-09,29.7,34.4,25.7,0.0,43.75,8.7,0.8999999999999986
2005-04-10,29.9,34.5,27.0,0.012499999999999999,49.958333333333336,7.5,0.1999999999999993
2005-04-11,29.2,34.1,25.9,0.2041666666666667,30.875,8.200000000000003,-0.6999999999999993
2005-04-12,28.7,34.4,22.5,0.0,14.25,11.899999999999999,-0.5
2005-04-13,29.1,35.2,22.5,0.0,24.166666666666668,12.700000000000003,0.40000000000000213
2005-04-14,29.9,36.2,25.4,0.0,28.166666666666668,10.800000000000004,0.7999999999999972
2005-04-15,30.2,36.7,26.0,0.0,39.583333333333336,10.700000000000003,0.3000000000000007
2005-04-16,31.0,36.6,26.2,0.0,51.666666666666664,10.400000000000002,0.8000000000000007
2005-04-17,31.2,36.8,27.2,0.0,71.45833333333333,9.599999999999998,0.1999999999999993
2005-04-18,31.2,36.3,27.0,0.0,97.58333333333333,9.299999999999997,0.0
2005-04-19,29.1,35.9,26.4,0.3333333333333333,88.33333333333333,9.5,-2.099999999999998
2005-04-20,29.7,35.5,24.1,0.0,23.75,11.399999999999999,0.5999999999999979
2005-04-21,29.9,35.8,24.2,0.0,7.458333333333333,11.599999999999998,0.1999999999999993
2005-04-22,30.4,36.2,26.1,0.0,8.75,10.100000000000001,0.5
2005-04-23,30.5,35.6,26.0,0.0,20.833333333333332,9.600000000000001,0.10000000000000142
2005-04-24,30.6,36.5,26.6,0.7791666666666667,62.291666666666664,9.899999999999999,0.10000000000000142
2005-04-25,29.7,34.1,26.3,0.0,66.75,7.800000000000001,-0.9000000000000021
2005-04-26,30.5,35.9,26.2,0.0,21.583333333333332,9.7,0.8000000000000007
2005-04-27,31.3,36.9,26.5,0.0,7.333333333333333,10.399999999999999,0.8000000000000007
2005-04-28,31.4,37.1,27.1,0.0375,16.041666666666668,10.0,0.09999999999999787
2005-04-29,30.5,35.9,26.2,0.04583333333333334,40.125,9.7,-0.8999999999999986
2005-04-30,27.8,33.4,24.8,0.4583333333333333,27.333333333333332,8.599999999999998,-2.6999999999999993
2005-05-01,28.3,32.7,25.2,0.075,45.166666666666664,7.5000000000000036,0.5
2005-05-02,26.8,31.5,24.0,0.4916666666666667,46.041666666666664,7.5,-1.5
2005-05-03,27.7,32.2,24.1,0.08750000000000001,25.583333333333332,8.100000000000001,0.8999999999999986
2005-05-04,28.9,33.1,25.2,0.03333333333333333,19.416666666666668,7.900000000000002,1.1999999999999993
2005-05-05,28.1,33.4,25.1,0.35000000000000003,29.583333333333332,8.299999999999997,-0.7999999999999972
2005-05-06,27.1,32.1,24.8,0.20833333333333334,34.875,7.300000000000001,-1.0
2005-05-07,27.9,32.5,24.5,0.08750000000000001,39.708333333333336,8.0,0.7999999999999972
2005-05-08,27.6,33.2,24.3,0.27499999999999997,55.875,8.900000000000002,-0.29999999999999716
2005-05-09,29.9,34.2,25.7,0.0,24.416666666666668,8.500000000000004,2.299999999999997
2005-05-10,31.2,35.7,27.7,0.008333333333333333,32.166666666666664,8.000000000000004,1.3000000000000007
2005-05-11,31.4,36.0,28.0,0.0,19.166666666666668,8.0,0.1999999999999993
2005-05-12,31.0,36.1,27.4,0.05416666666666667,24.708333333333332,8.700000000000003,-0.3999999999999986
2005-05-13,31.3,36.8,27.5,0.05416666666666667,13.833333333333334,9.299999999999997,0.3000000000000007
2005-05-14,31.3,36.3,28.0,0.0,10.958333333333334,8.299999999999997,0.0
2005-05-15,31.9,37.9,27.8,0.0,7.791666666666667,10.099999999999998,0.5999999999999979
2005-05-16,31.5,36.3,27.9,0.0,32.041666666666664,8.399999999999999,-0.3999999999999986
2005-05-17,31.6,36.7,28.1,0.0,48.791666666666664,8.600000000000001,0.10000000000000142
2005-05-18,31.4,35.9,28.1,0.0,67.75,7.799999999999997,-0.20000000000000284
2005-05-19,30.5,35.1,26.8,0.5125000000000001,85.08333333333333,8.3,-0.8999999999999986
2005-05-20,30.2,35.1,27.9,0.27499999999999997,35.666666666666664,7.200000000000003,-0.3000000000000007
2005-05-21,31.0,35.6,28.0,0.004166666666666667,27.708333333333332,7.600000000000001,0.8000000000000007
2005-05-22,31.4,35.8,28.4,0.0,28.458333333333332,7.399999999999999,0.3999999999999986
2005-05-23,31.4,35.8,28.6,0.0,46.125,7.199999999999996,0.0
2005-05-24,31.9,36.1,29.1,0.0,55.458333333333336,7.0,0.5
2005-05-25,32.2,37.1,29.0,0.0,39.916666666666664,8.100000000000001,0.30000000000000426
2005-05-26,32.4,37.7,28.9,0.020833333333333332,23.75,8.800000000000004,0.19999999999999574
2005-05-27,32.3,37.1,28.9,0.0,33.375,8.200000000000003,-0.10000000000000142
2005-05-28,32.5,37.5,28.9,0.0,15.083333333333334,8.600000000000001,0.20000000000000284
2005-05-29,32.3,37.4,28.7,0.0,11.791666666666666,8.7,-0.20000000000000284
2005-05-30,32.5,37.8,28.7,0.0,5.208333333333333,9.099999999999998,0.20000000000000284
2005-05-31,33.2,39.1,28.8,0.0,3.1666666666666665,10.3,0.7000000000000028
2005-06-01,33.9,39.7,29.2,0.0,13.0,10.500000000000004,0.6999999999999957
2005-06-02,34.1,41.2,29.5,0.0,11.875,11.700000000000003,0.20000000000000284
2005-06-03,33.7,39.9,29.6,0.004166666666666667,16.083333333333332,10.299999999999997,-0.3999999999999986
2005-06-04,33.4,38.7,29.3,0.0,22.666666666666668,9.400000000000002,-0.30000000000000426
2005-06-05,32.1,37.9,28.3,0.14583333333333334,50.166666666666664,9.599999999999998,-1.2999999999999972
2005-06-06,31.4,35.2,28.7,0.125,43.208333333333336,6.5000000000000036,-0.7000000000000028
2005-06-07,32.3,36.6,29.1,0.14166666666666666,33.166666666666664,7.5,0.8999999999999986
2005-06-08,32.7,37.6,29.3,0.012499999999999999,42.958333333333336,8.3,0.4000000000000057
2005-06-09,32.7,37.8,29.3,0.020833333333333332,79.79166666666667,8.499999999999996,0.0
2005-06-10,33.3,38.1,29.3,0.0,52.958333333333336,8.8,0.5999999999999943
2005-06-11,33.2,39.1,29.5,0.0,38.958333333333336,9.600000000000001,-0.09999999999999432
2005-06-12,33.1,37.7,29.5,0.0,26.375,8.200000000000003,-0.10000000000000142
2005-06-13,33.4,38.3,29.6,0.0,74.375,8.699999999999996,0.29999999999999716
2005-06-14,32.2,36.6,30.1,0.024999999999999998,97.04166666666667,6.5,-1.1999999999999957
2005-06-15,33.2,38.0,29.7,0.0,88.33333333333333,8.3,1.0
2005-06-16,33.8,39.6,29.8,0.0,92.91666666666667,9.8,0.5999999999999943
2005-06-17,34.3,39.7,30.2,0.0,94.29166666666667,9.500000000000004,0.5
2005-06-18,34.1,40.2,30.1,0.0,65.625,10.100000000000001,-0.19999999999999574
2005-06-19,33.3,38.3,30.1,0.0,76.625,8.199999999999996,-0.8000000000000043
2005-06-20,32.0,37.4,28.1,0.04583333333333334,90.875,9.299999999999997,-1.2999999999999972
2005-06-21,31.1,35.8,28.0,0.14583333333333334,96.0,7.799999999999997,-0.8999999999999986
2005-06-22,30.5,35.5,27.2,0.09166666666666667,96.16666666666667,8.3,-0.6000000000000014
2005-06-23,30.5,33.9,27.3,0.024999999999999998,97.66666666666667,6.599999999999998,0.0
2005-06-24,29.4,33.6,26.7,1.0333333333333334,98.54166666666667,6.900000000000002,-1.1000000000000014
2005-06-25,28.5,31.1,26.3,0.49583333333333335,97.79166666666667,4.800000000000001,-0.8999999999999986
2005-06-26,28.3,31.9,26.5,0.5,84.91666666666667,5.399999999999999,-0.1999999999999993
2005-06-27,27.1,30.1,25.4,1.3958333333333333,99.16666666666667,4.700000000000003,-1.1999999999999993
2005-06-28,26.0,27.0,25.4,1.7874999999999999,99.08333333333333,1.6000000000000014,-1.1000000000000014
2005-06-29,27.4,29.1,25.5,0.42083333333333334,98.29166666666667,3.6000000000000014,1.3999999999999986
2005-06-30,27.9,31.2,26.0,0.5291666666666667,85.25,5.199999999999999,0.5
2005-07-01,27.1,29.7,26.0,0.6958333333333333,95.625,3.6999999999999993,-0.7999999999999972
2005-07-02,27.4,30.0,26.2,0.9666666666666667,99.79166666666667,3.8000000000000007,0.29999999999999716
2005-07-03,27.2,29.4,25.9,0.6916666666666668,99.58333333333333,3.5,-0.1999999999999993
2005-07-04,26.8,28.3,25.9,0.9791666666666666,99.95833333333333,2.400000000000002,-0.3999999999999986
2005-07-05,27.6,30.9,25.7,0.1625,99.58333333333333,5.199999999999999,0.8000000000000007
2005-07-06,27.2,29.7,25.6,0.37083333333333335,57.125,4.099999999999998,-0.40000000000000213
2005-07-07,28.5,32.2,25.7,0.05833333333333333,33.666666666666664,6.5000000000000036,1.3000000000000007
2005-07-08,28.5,31.4,26.1,0.049999999999999996,90.375,5.299999999999997,0.0
2005-07-09,28.3,31.5,26.1,0.15416666666666667,89.125,5.399999999999999,-0.1999999999999993
2005-07-10,27.9,30.5,25.8,0.3833333333333333,91.70833333333333,4.699999999999999,-0.40000000000000213
2005-07-11,28.1,30.9,26.0,0.30833333333333335,97.25,4.899999999999999,0.20000000000000284
2005-07-12,27.9,31.1,25.5,0.5875,98.95833333333333,5.600000000000001,-0.20000000000000284
2005-07-13,26.4,28.1,25.4,1.3499999999999999,100.0,2.700000000000003,-1.5
2005-07-14,26.3,27.3,25.6,1.125,99.95833333333333,1.6999999999999993,-0.09999999999999787
2005-07-15,27.3,31.0,26.0,0.45,99.20833333333333,5.0,1.0
2005-07-16,27.9,31.5,25.9,0.2916666666666667,97.58333333333333,5.600000000000001,0.5999999999999979
2005-07-17,28.7,32.3,25.9,0.14583333333333334,91.875,6.399999999999999,0.8000000000000007
2005-07-18,29.1,32.4,26.2,0.0375,86.25,6.199999999999999,0.40000000000000213
2005-07-19,30.0,33.2,27.1,0.020833333333333332,71.95833333333333,6.100000000000001,0.8999999999999986
2005-07-20,29.0,32.2,26.8,0.4083333333333334,99.25,5.400000000000002,-1.0
2005-07-21,28.7,32.5,26.4,0.5083333333333333,94.625,6.100000000000001,-0.3000000000000007
2005-07-22,28.3,32.2,26.1,0.25416666666666665,98.75,6.100000000000001,-0.3999999999999986
2005-07-23,27.9,31.3,26.0,0.14583333333333334,97.375,5.300000000000001,-0.40000000000000213
2005-07-24,28.0,30.9,26.0,0.26666666666666666,89.70833333333333,4.899999999999999,0.10000000000000142
2005-07-25,28.2,30.3,26.5,0.1375,93.29166666666667,3.8000000000000007,0.1999999999999993
2005-07-26,27.5,30.6,25.8,0.47500000000000003,91.04166666666667,4.800000000000001,-0.6999999999999993
2005-07-27,27.3,29.8,25.4,0.6166666666666667,89.08333333333333,4.400000000000002,-0.1999999999999993
2005-07-28,27.4,29.7,25.6,0.5625,97.95833333333333,4.099999999999998,0.09999999999999787
2005-07-29,27.2,29.9,25.8,0.22916666666666666,93.41666666666667,4.099999999999998,-0.1999999999999993
2005-07-30,27.8,30.7,26.1,0.09999999999999999,82.66666666666667,4.599999999999998,0.6000000000000014
2005-07-31,28.3,31.3,26.1,0.2708333333333333,80.91666666666667,5.199999999999999,0.5
2005-08-01,28.5,31.8,26.0,0.29583333333333334,81.875,5.800000000000001,0.1999999999999993
2005-08-02,28.2,32.1,26.0,1.2333333333333334,95.54166666666667,6.100000000000001,-0.3000000000000007
2005-08-03,27.4,30.0,25.8,0.25833333333333336,98.58333333333333,4.199999999999999,-0.8000000000000007
2005-08-04,27.8,30.9,26.0,0.2833333333333333,96.29166666666667,4.899999999999999,0.40000000000000213
2005-08-05,27.2,28.7,26.0,0.22916666666666666,98.20833333333333,2.6999999999999993,-0.6000000000000014
2005-08-06,28.5,31.0,26.5,0.016666666666666666,97.875,4.5,1.3000000000000007
2005-08-07,27.3,29.7,26.3,0.3125,98.91666666666667,3.3999999999999986,-1.1999999999999993
2005-08-08,29.1,32.5,26.2,0.05833333333333334,98.79166666666667,6.300000000000001,1.8000000000000007
2005-08-09,29.2,33.3,26.2,0.09583333333333333,95.41666666666667,7.099999999999998,0.09999999999999787
2005-08-10,29.5,32.0,27.0,0.004166666666666667,99.83333333333333,5.0,0.3000000000000007
2005-08-11,29.9,33.0,27.1,0.0,96.54166666666667,5.899999999999999,0.3999999999999986
2005-08-12,29.5,33.0,26.9,0.04583333333333334,99.16666666666667,6.100000000000001,-0.3999999999999986
2005-08-13,28.8,32.3,26.8,0.3541666666666667,98.875,5.4999999999999964,-0.6999999999999993
2005-08-14,27.9,31.2,26.0,0.5,98.5,5.199999999999999,-0.9000000000000021
2005-08-15,27.7,30.2,25.9,0.09166666666666667,94.91666666666667,4.300000000000001,-0.1999999999999993
2005-08-16,28.2,30.5,25.6,0.04583333333333334,78.25,4.899999999999999,0.5
2005-08-17,28.5,31.3,25.5,0.11666666666666665,99.58333333333333,5.800000000000001,0.3000000000000007
2005-08-18,28.3,32.3,25.6,0.17916666666666667,97.25,6.699999999999996,-0.1999999999999993
2005-08-19,27.4,31.0,25.6,0.7333333333333334,90.79166666666667,5.399999999999999,-0.9000000000000021
2005-08-20,27.3,28.7,25.7,0.19166666666666665,81.79166666666667,3.0,-0.09999999999999787
2005-08-21,27.9,30.7,26.0,0.3125,73.70833333333333,4.699999999999999,0.5999999999999979
2005-08-22,28.4,30.7,26.4,0.29583333333333334,90.875,4.300000000000001,0.5
2005-08-23,28.4,31.5,26.6,0.13749999999999998,98.45833333333333,4.899999999999999,0.0
2005-08-24,28.0,31.4,26.4,0.5083333333333334,99.75,5.0,-0.3999999999999986
2005-08-25,28.7,32.3,26.3,0.13749999999999998,93.79166666666667,5.9999999999999964,0.6999999999999993
2005-08-26,28.4,32.2,26.3,0.5416666666666666,90.5,5.900000000000002,-0.3000000000000007
2005-08-27,27.8,30.8,26.0,0.5583333333333333,98.95833333333333,4.800000000000001,-0.5999999999999979
2005-08-28,27.7,30.3,26.2,0.30416666666666664,95.16666666666667,4.100000000000001,-0.10000000000000142
2005-08-29,29.1,33.2,26.3,0.06666666666666667,85.33333333333333,6.900000000000002,1.4000000000000021
2005-08-30,29.5,33.2,26.8,0.012500000000000002,96.0,6.400000000000002,0.3999999999999986
2005-08-31,29.4,33.9,27.1,0.07500000000000001,98.29166666666667,6.799999999999997,-0.10000000000000142
2005-09-01,29.0,33.0,27.1,0.32916666666666666,91.16666666666667,5.899999999999999,-0.3999999999999986
2005-09-02,29.1,32.8,26.9,0.3458333333333334,94.08333333333333,5.899999999999999,0.10000000000000142
2005-09-03,28.0,31.3,26.1,0.10000000000000002,95.83333333333333,5.199999999999999,-1.1000000000000014
2005-09-04,28.3,31.7,26.2,0.16666666666666666,85.0,5.5,0.3000000000000007
2005-09-05,28.2,32.1,25.7,0.2625,95.5,6.400000000000002,-0.10000000000000142
2005-09-06,28.9,32.6,25.6,0.05833333333333333,89.625,7.0,0.6999999999999993
2005-09-07,28.9,32.5,25.6,0.08750000000000001,83.16666666666667,6.899999999999999,0.0
2005-09-08,27.9,32.0,25.6,0.31666666666666665,74.91666666666667,6.399999999999999,-1.0
2005-09-09,27.2,31.1,24.7,0.6166666666666667,98.29166666666667,6.400000000000002,-0.6999999999999993
2005-09-10,26.4,29.5,24.8,0.5750000000000001,96.91666666666667,4.699999999999999,-0.8000000000000007
2005-09-11,25.9,27.3,25.0,0.39999999999999997,97.54166666666667,2.3000000000000007,-0.5
2005-09-12,26.1,28.7,25.2,0.425,98.5,3.5,0.20000000000000284
2005-09-13,25.6,27.7,24.8,1.7291666666666667,98.95833333333333,2.8999999999999986,-0.5
2005-09-14,26.3,29.9,24.1,0.525,97.125,5.799999999999997,0.6999999999999993
2005-09-15,28.2,32.1,24.2,0.0,66.20833333333333,7.900000000000002,1.8999999999999986
2005-09-16,28.5,32.8,25.0,0.37083333333333335,97.95833333333333,7.799999999999997,0.3000000000000007
2005-09-17,26.9,30.4,25.4,1.1333333333333333,96.95833333333333,5.0,-1.6000000000000014
2005-09-18,27.1,29.5,25.7,0.21250000000000002,79.125,3.8000000000000007,0.20000000000000284
2005-09-19,28.0,31.7,25.5,0.0375,47.25,6.199999999999999,0.8999999999999986
2005-09-20,27.5,30.4,25.1,0.14583333333333334,98.625,5.299999999999997,-0.5
2005-09-21,26.5,29.3,25.0,0.23750000000000002,92.04166666666667,4.300000000000001,-1.0
2005-09-22,27.0,30.1,25.2,0.3125,96.0,4.900000000000002,0.5
2005-09-23,28.1,31.5,25.8,0.13333333333333333,90.0,5.699999999999999,1.1000000000000014
2005-09-24,28.8,32.4,26.1,0.049999999999999996,97.625,6.299999999999997,0.6999999999999993
2005-09-25,28.9,32.3,26.1,0.05416666666666667,91.08333333333333,6.199999999999996,0.09999999999999787
2005-09-26,28.4,32.4,25.8,0.14166666666666666,95.70833333333333,6.599999999999998,-0.5
2005-09-27,28.3,31.4,25.6,0.08333333333333333,93.29166666666667,5.799999999999997,-0.09999999999999787
2005-09-28,28.9,32.8,25.5,0.016666666666666666,80.04166666666667,7.299999999999997,0.5999999999999979
2005-09-29,27.5,30.6,25.6,0.26666666666666666,99.375,5.0,-1.3999999999999986
2005-09-30,27.1,30.3,25.3,0.09999999999999999,86.29166666666667,5.0,-0.3999999999999986
2005-10-01,25.8,28.5,24.4,0.7999999999999999,98.33333333333333,4.100000000000001,-1.3000000000000007
2005-10-02,25.0,26.0,24.2,3.9124999999999996,99.95833333333333,1.8000000000000007,-0.8000000000000007
2005-10-03,25.4,28.4,24.2,1.0791666666666666,99.70833333333333,4.199999999999999,0.3999999999999986
2005-10-04,25.9,29.3,24.2,0.42083333333333334,88.95833333333333,5.100000000000001,0.5
2005-10-05,26.7,30.5,24.3,0.05833333333333333,33.916666666666664,6.199999999999999,0.8000000000000007
2005-10-06,27.5,31.1,24.2,0.004166666666666667,12.791666666666666,6.900000000000002,0.8000000000000007
2005-10-07,27.6,31.4,24.5,0.11666666666666665,20.083333333333332,6.899999999999999,0.10000000000000142
2005-10-08,27.5,31.6,24.3,0.041666666666666664,18.541666666666668,7.300000000000001,-0.10000000000000142
2005-10-09,27.9,31.7,24.2,0.020833333333333332,16.791666666666668,7.5,0.3999999999999986
2005-10-10,28.1,32.1,24.5,0.041666666666666664,25.125,7.600000000000001,0.20000000000000284
2005-10-11,27.3,31.7,24.9,0.19583333333333333,62.0,6.800000000000001,-0.8000000000000007
2005-10-12,27.6,31.3,25.0,0.07916666666666666,74.70833333333333,6.300000000000001,0.3000000000000007
2005-10-13,27.5,30.2,24.4,0.0,39.666666666666664,5.800000000000001,-0.10000000000000142
2005-10-14,28.0,31.5,24.3,0.0,17.416666666666668,7.199999999999999,0.5
2005-10-15,27.9,31.8,24.6,0.041666666666666664,35.125,7.199999999999999,-0.10000000000000142
2005-10-16,27.4,31.1,25.0,0.18333333333333335,62.333333333333336,6.100000000000001,-0.5
2005-10-17,26.6,30.1,24.7,0.1375,86.83333333333333,5.400000000000002,-0.7999999999999972
2005-10-18,25.6,28.6,24.0,0.8166666666666668,99.58333333333333,4.600000000000001,-1.0
2005-10-19,24.6,26.3,23.5,1.0999999999999999,100.0,2.8000000000000007,-1.0
2005-10-20,23.9,24.5,23.5,2.2958333333333334,100.0,1.0,-0.7000000000000028
2005-10-21,24.3,24.9,23.7,1.5708333333333335,100.0,1.1999999999999993,0.40000000000000213
2005-10-22,24.6,26.7,23.4,1.3708333333333333,99.91666666666667,3.3000000000000007,0.3000000000000007
2005-10-23,23.7,25.1,22.9,0.8624999999999999,94.41666666666667,2.200000000000003,-0.9000000000000021
2005-10-24,24.7,27.8,21.8,0.012499999999999999,53.291666666666664,6.0,1.0
2005-10-25,25.2,28.7,22.1,0.0,29.458333333333332,6.599999999999998,0.5
2005-10-26,25.7,29.3,22.4,0.049999999999999996,19.375,6.900000000000002,0.5
2005-10-27,26.5,30.3,23.2,0.008333333333333333,94.875,7.100000000000001,0.8000000000000007
2005-10-28,25.4,28.2,23.2,0.09166666666666667,90.33333333333333,5.0,-1.1000000000000014
2005-10-29,25.8,29.3,23.2,0.016666666666666666,41.041666666666664,6.100000000000001,0.40000000000000213
2005-10-30,25.6,29.5,22.0,0.016666666666666666,34.166666666666664,7.5,-0.1999999999999993
2005-10-31,25.2,29.6,21.5,0.0,23.375,8.100000000000001,-0.40000000000000213
2005-11-01,24.2,28.0,20.7,0.0,43.0,7.300000000000001,-1.0
2005-11-02,24.3,28.9,20.2,0.0,6.625,8.7,0.10000000000000142
2005-11-03,24.0,29.2,19.6,0.0,7.208333333333333,9.599999999999998,-0.3000000000000007
2005-11-04,23.6,28.8,19.2,0.0,0.6666666666666666,9.600000000000001,-0.3999999999999986
2005-11-05,22.8,28.4,18.1,0.0,10.5,10.299999999999997,-0.8000000000000007
2005-11-06,22.3,28.2,17.8,0.0,1.8333333333333333,10.399999999999999,-0.5
2005-11-07,22.4,28.0,17.5,0.0,39.375,10.5,0.09999999999999787
2005-11-08,23.2,27.4,18.8,0.0,55.083333333333336,8.599999999999998,0.8000000000000007
2005-11-09,24.1,29.3,18.8,0.0,8.833333333333334,10.5,0.9000000000000021
2005-11-10,23.4,28.4,19.6,0.0,20.708333333333332,8.799999999999997,-0.7000000000000028
2005-11-11,22.4,28.4,16.9,0.0,3.8333333333333335,11.5,-1.0
2005-11-12,21.6,28.0,16.0,0.0,0.0,12.0,-0.7999999999999972
2005-11-13,21.9,28.5,15.8,0.0,0.0,12.7,0.29999999999999716
2005-11-14,21.7,28.5,15.7,0.0,0.0,12.8,-0.1999999999999993
2005-11-15,21.9,27.8,15.4,0.0,0.5833333333333334,12.4,0.1999999999999993
2005-11-16,22.4,27.8,16.3,0.0,0.08333333333333333,11.5,0.5
2005-11-17,21.7,28.4,15.7,0.0,0.0,12.7,-0.6999999999999993
2005-11-18,21.0,27.9,15.3,0.0,0.0,12.599999999999998,-0.6999999999999993
2005-11-19,20.5,27.7,14.7,0.0,75.08333333333333,13.0,-0.5
2005-11-20,20.6,27.3,14.3,0.0,31.75,13.0,0.10000000000000142
2005-11-21,21.3,27.1,14.9,0.0,83.875,12.200000000000001,0.6999999999999993
2005-11-22,21.8,27.6,16.4,0.0,55.916666666666664,11.200000000000003,0.5
2005-11-23,22.3,27.9,17.4,0.0,39.75,10.5,0.5
2005-11-24,22.2,28.4,16.0,0.0,18.5,12.399999999999999,-0.10000000000000142
2005-11-25,21.6,28.2,15.7,0.0,0.4583333333333333,12.5,-0.5999999999999979
2005-11-26,20.6,27.0,14.9,0.0,0.0,12.1,-1.0
2005-11-27,20.6,26.9,14.7,0.0,31.375,12.2,0.0
2005-11-28,20.5,26.9,15.0,0.0,74.70833333333333,11.899999999999999,-0.10000000000000142
2005-11-29,20.5,27.0,14.2,0.0,90.20833333333333,12.8,0.0
2005-11-30,21.0,27.0,14.8,0.0,50.166666666666664,12.2,0.5
2005-12-01,20.5,27.5,14.7,0.0,29.25,12.8,-0.5
2005-12-02,20.9,27.5,14.4,0.0,23.291666666666668,13.1,0.3999999999999986
2005-12-03,21.3,27.6,15.7,0.0,12.0,11.900000000000002,0.40000000000000213
2005-12-04,20.7,27.1,15.1,0.0,18.083333333333332,12.000000000000002,-0.6000000000000014
2005-12-05,18.3,25.5,12.2,0.0,2.125,13.3,-2.3999999999999986
2005-12-06,18.4,25.6,11.5,0.0,4.958333333333333,14.100000000000001,0.09999999999999787
2005-12-07,19.0,26.1,12.3,0.0,10.25,13.8,0.6000000000000014
2005-12-08,19.7,26.5,13.0,0.0,30.333333333333332,13.5,0.6999999999999993
2005-12-09,19.8,26.5,14.0,0.0,16.75,12.5,0.10000000000000142
2005-12-10,20.1,26.9,13.9,0.0,2.2083333333333335,12.999999999999998,0.3000000000000007
2005-12-11,20.2,26.7,14.7,0.0,0.125,12.0,0.09999999999999787
2005-12-12,19.5,26.2,14.1,0.0,0.0,12.1,-0.6999999999999993
2005-12-13,18.8,25.7,12.5,0.0,0.0,13.2,-0.6999999999999993
2005-12-14,18.1,25.2,11.5,0.0,5.25,13.7,-0.6999999999999993
2005-12-15,18.9,25.7,12.2,0.0,34.541666666666664,13.5,0.7999999999999972
2005-12-16,20.0,26.5,13.8,0.0,56.333333333333336,12.7,1.1000000000000014
2005-12-17,20.4,25.7,14.7,0.0,94.5,11.0,0.3999999999999986
2005-12-18,20.1,26.3,14.3,0.0,72.125,12.0,-0.29999999999999716
2005-12-19,19.7,26.0,13.7,0.0,86.0,12.3,-0.40000000000000213
2005-12-20,20.9,26.7,15.4,0.0,35.541666666666664,11.299999999999999,1.1999999999999993
2005-12-21,22.1,27.4,15.6,0.0,86.33333333333333,11.799999999999999,1.2000000000000028
2005-12-22,18.2,21.0,16.8,0.6749999999999999,99.04166666666667,4.199999999999999,-3.900000000000002
2005-12-23,20.5,25.5,15.1,0.0,25.333333333333332,10.4,2.3000000000000007
2005-12-24,19.9,26.1,14.3,0.0,0.875,11.8,-0.6000000000000014
2005-12-25,19.8,25.5,14.7,0.0,8.625,10.8,-0.09999999999999787
2005-12-26,18.0,24.5,12.1,0.0,0.16666666666666666,12.4,-1.8000000000000007
2005-12-27,18.0,25.2,11.4,0.0,10.875,13.799999999999999,0.0
2005-12-28,18.4,25.2,11.5,0.0,0.0,13.7,0.3999999999999986
2005-12-29,18.9,25.7,12.8,0.0,0.7083333333333334,12.899999999999999,0.5
2005-12-30,18.2,25.4,12.1,0.0,0.0,13.299999999999999,-0.6999999999999993
2005-12-31,18.1,25.1,11.5,0.0,0.0,13.600000000000001,-0.09999999999999787
2006-01-01,18.2,25.3,11.9,0.0,52.833333333333336,13.4,0.09999999999999787
2006-01-02,18.3,25.5,11.9,0.0,87.45833333333333,13.6,0.10000000000000142
2006-01-03,18.8,25.7,12.5,0.0,97.58333333333333,13.2,0.5
2006-01-04,19.1,26.1,13.0,0.0,86.29166666666667,13.100000000000001,0.3000000000000007
2006-01-05,18.7,25.5,12.6,0.0,60.208333333333336,12.9,-0.40000000000000213
2006-01-06,17.6,24.5,11.4,0.0,88.04166666666667,13.1,-1.0999999999999979
2006-01-07,17.5,23.8,12.4,0.0,93.79166666666667,11.4,-0.10000000000000142
2006-01-08,17.8,24.8,12.3,0.0,25.416666666666668,12.5,0.3000000000000007
2006-01-09,17.5,25.1,11.0,0.0,1.7083333333333333,14.100000000000001,-0.3000000000000007
2006-01-10,16.4,24.1,9.8,0.0,0.0,14.3,-1.1000000000000014
2006-01-11,16.9,23.8,9.0,0.0,0.0,14.8,0.5
2006-01-12,18.1,24.9,9.4,0.0,0.0,15.499999999999998,1.2000000000000028
2006-01-13,18.5,25.5,12.7,0.0,0.6666666666666666,12.8,0.3999999999999986
2006-01-14,20.2,27.4,13.5,0.0,7.333333333333333,13.899999999999999,1.6999999999999993
2006-01-15,19.7,26.8,12.9,0.0,15.75,13.9,-0.5
2006-01-16,19.8,27.0,12.3,0.0,15.041666666666666,14.7,0.10000000000000142
2006-01-17,20.1,28.0,13.6,0.0,17.291666666666668,14.4,0.3000000000000007
2006-01-18,22.8,30.7,15.2,0.0,0.0,15.5,2.6999999999999993
2006-01-19,22.4,29.4,16.0,0.0,0.041666666666666664,13.399999999999999,-0.40000000000000213
2006-01-20,22.1,28.4,15.3,0.0,0.0,13.099999999999998,-0.29999999999999716
2006-01-21,21.7,28.1,14.6,0.0,0.041666666666666664,13.500000000000002,-0.40000000000000213
2006-01-22,20.0,26.5,12.5,0.0,0.0,14.0,-1.6999999999999993
2006-01-23,19.5,26.3,11.7,0.0,1.875,14.600000000000001,-0.5
2006-01-24,17.4,21.8,13.3,0.004166666666666667,37.166666666666664,8.5,-2.1000000000000014
2006-01-25,17.6,24.7,11.6,0.0,0.041666666666666664,13.1,0.20000000000000284
2006-01-26,18.0,25.1,11.2,0.0,0.0,13.900000000000002,0.3999999999999986
2006-01-27,18.5,25.5,11.9,0.0,0.5833333333333334,13.6,0.5
2006-01-28,19.2,26.2,12.6,0.0,0.0,13.6,0.6999999999999993
2006-01-29,19.4,26.6,12.3,0.0,0.0,14.3,0.1999999999999993
2006-01-30,20.0,27.3,12.1,0.0,0.0,15.200000000000001,0.6000000000000014
2006-01-31,20.9,27.7,13.5,0.0,0.0,14.2,0.8999999999999986
2006-02-01,22.0,28.4,14.2,0.0,0.0,14.2,1.1000000000000014
2006-02-02,22.4,29.1,15.5,0.0,0.0,13.600000000000001,0.3999999999999986
2006-02-03,22.7,29.9,15.5,0.0,0.0,14.399999999999999,0.3000000000000007
2006-02-04,22.3,29.5,14.8,0.0,0.0,14.7,-0.3999999999999986
2006-02-05,22.0,29.3,14.2,0.0,0.0,15.100000000000001,-0.3000000000000007
2006-02-06,22.2,29.1,15.9,0.0,0.0,13.200000000000001,0.1999999999999993
2006-02-07,22.7,29.6,15.7,0.0,0.0,13.900000000000002,0.5
2006-02-08,23.0,30.0,15.8,0.0,28.458333333333332,14.2,0.3000000000000007
2006-02-09,23.5,29.9,16.8,0.0,68.58333333333333,13.099999999999998,0.5
2006-02-10,23.1,29.2,15.9,0.0,11.0,13.299999999999999,-0.3999999999999986
2006-02-11,23.0,29.4,16.8,0.0,0.5416666666666666,12.599999999999998,-0.10000000000000142
2006-02-12,23.4,29.9,16.7,0.0,0.0,13.2,0.3999999999999986
2006-02-13,23.8,30.7,16.7,0.0,0.0,14.0,0.40000000000000213
2006-02-14,24.6,31.5,17.9,0.0,0.7916666666666666,13.600000000000001,0.8000000000000007
2006-02-15,26.0,33.2,20.3,0.0,6.25,12.900000000000002,1.3999999999999986
2006-02-16,27.1,33.9,21.7,0.0,2.7916666666666665,12.2,1.1000000000000014
2006-02-17,26.0,32.8,19.9,0.0,4.958333333333333,12.899999999999999,-1.1000000000000014
2006-02-18,26.0,32.6,20.8,0.0,15.125,11.8,0.0
2006-02-19,26.7,33.2,21.3,0.0,27.416666666666668,11.900000000000002,0.6999999999999993
2006-02-20,26.7,31.9,22.7,0.0,39.666666666666664,9.2,0.0
2006-02-21,26.7,32.9,21.6,0.0,24.458333333333332,11.299999999999997,0.0
2006-02-22,27.0,34.2,20.9,0.0,13.125,13.300000000000004,0.3000000000000007
2006-02-23,27.2,34.8,20.1,0.0,0.0,14.699999999999996,0.1999999999999993
2006-02-24,27.3,34.7,20.1,0.0,0.0,14.600000000000001,0.10000000000000142
2006-02-25,27.4,35.1,19.9,0.0,0.0,15.200000000000003,0.09999999999999787
2006-02-26,27.9,35.3,20.4,0.0,0.0,14.899999999999999,0.5
2006-02-27,28.6,36.6,21.1,0.0,0.16666666666666666,15.5,0.7000000000000028
2006-02-28,28.4,35.0,21.2,0.0,3.8333333333333335,13.8,-0.20000000000000284
2006-03-01,27.5,33.4,22.3,0.0,15.083333333333334,11.099999999999998,-0.8999999999999986
2006-03-02,27.2,33.1,21.6,0.0,18.958333333333332,11.5,-0.3000000000000007
2006-03-03,26.3,31.8,20.5,0.0,15.166666666666666,11.3,-0.8999999999999986
2006-03-04,26.7,32.3,20.7,0.004166666666666667,41.5,11.599999999999998,0.3999999999999986
2006-03-05,25.8,30.0,22.4,0.041666666666666664,50.25,7.600000000000001,-0.8999999999999986
2006-03-06,27.3,33.0,22.1,0.0,29.791666666666668,10.899999999999999,1.5
2006-03-07,27.9,33.6,22.9,0.0,33.958333333333336,10.700000000000003,0.5999999999999979
2006-03-08,28.0,33.4,22.6,0.0,43.583333333333336,10.799999999999997,0.10000000000000142
2006-03-09,28.9,34.7,22.3,0.0,29.125,12.400000000000002,0.8999999999999986
2006-03-10,28.7,34.2,23.3,0.0,74.5,10.900000000000002,-0.1999999999999993
2006-03-11,24.1,27.2,20.4,0.03333333333333333,68.70833333333333,6.800000000000001,-4.599999999999998
2006-03-12,25.4,30.4,20.3,0.008333333333333333,21.083333333333332,10.099999999999998,1.2999999999999972
2006-03-13,26.0,30.6,21.0,0.0,16.583333333333332,9.600000000000001,0.6000000000000014
2006-03-14,27.0,32.0,21.3,0.0,20.875,10.7,1.0
2006-03-15,27.7,32.9,23.0,0.0,25.625,9.899999999999999,0.6999999999999993
2006-03-16,27.2,32.4,22.7,0.012500000000000002,26.75,9.7,-0.5
2006-03-17,26.9,32.3,21.4,0.0,17.875,10.899999999999999,-0.3000000000000007
2006-03-18,26.3,33.0,19.5,0.0,0.0,13.5,-0.5999999999999979
2006-03-19,25.3,32.6,16.9,0.0,0.0,15.700000000000003,-1.0
2006-03-20,26.0,33.4,16.5,0.0,0.0,16.9,0.6999999999999993
2006-03-21,28.1,35.0,19.8,0.0,11.875,15.2,2.1000000000000014
2006-03-22,28.9,35.4,22.9,0.0,18.125,12.5,0.7999999999999972
2006-03-23,27.9,34.8,21.1,0.0,0.0,13.699999999999996,-1.0
2006-03-24,28.1,35.4,20.9,0.0,0.16666666666666666,14.5,0.20000000000000284
2006-03-25,29.9,37.4,22.5,0.0,0.125,14.899999999999999,1.7999999999999972
2006-03-26,31.1,39.0,24.8,0.0,12.083333333333334,14.2,1.2000000000000028
2006-03-27,30.9,37.7,24.6,0.0,7.583333333333333,13.100000000000001,-0.20000000000000284
2006-03-28,29.6,36.0,23.0,0.0,25.791666666666668,13.0,-1.2999999999999972
2006-03-29,29.2,35.4,22.8,0.0,14.833333333333334,12.599999999999998,-0.40000000000000213
2006-03-30,28.9,35.3,23.5,0.025000000000000005,15.291666666666666,11.799999999999997,-0.3000000000000007
2006-03-31,29.6,36.4,23.6,0.0,14.833333333333334,12.799999999999997,0.7000000000000028
2006-04-01,29.1,35.1,24.9,0.008333333333333333,20.791666666666668,10.200000000000003,-0.5
2006-04-02,29.3,35.1,25.3,0.012499999999999999,25.541666666666668,9.8,0.1999999999999993
2006-04-03,29.5,34.6,26.1,0.020833333333333332,38.0,8.5,0.1999999999999993
2006-04-04,30.1,35.5,26.8,0.012500000000000002,33.166666666666664,8.7,0.6000000000000014
2006-04-05,30.1,35.7,26.4,0.025000000000000005,31.833333333333332,9.300000000000004,0.0
2006-04-06,29.8,35.6,26.3,0.024999999999999998,24.625,9.3,-0.3000000000000007
2006-04-07,30.0,35.7,26.2,0.0,22.375,9.500000000000004,0.1999999999999993
2006-04-08,29.8,34.5,26.2,0.0,41.708333333333336,8.3,-0.1999999999999993
2006-04-09,30.0,34.4,26.9,0.0,52.208333333333336,7.5,0.1999999999999993
2006-04-10,30.1,35.1,26.8,0.0,30.708333333333332,8.3,0.10000000000000142
2006-04-11,31.5,37.5,26.9,0.0,12.416666666666666,10.600000000000001,1.3999999999999986
2006-04-12,31.8,37.8,27.3,0.0,26.0,10.499999999999996,0.3000000000000007
2006-04-13,31.2,36.9,27.7,0.0,50.291666666666664,9.2,-0.6000000000000014
2006-04-14,31.5,36.8,27.1,0.0,50.833333333333336,9.699999999999996,0.3000000000000007
2006-04-15,31.3,37.8,26.5,0.0625,73.41666666666667,11.299999999999997,-0.1999999999999993
2006-04-16,30.9,36.7,26.5,0.0,70.66666666666667,10.200000000000003,-0.40000000000000213
2006-04-17,29.4,33.8,26.3,0.0375,97.625,7.4999999999999964,-1.5
2006-04-18,26.4,30.0,24.0,0.18333333333333335,39.625,6.0,-3.0
2006-04-19,26.6,31.7,22.7,0.2625,18.333333333333332,9.0,0.20000000000000284
2006-04-20,27.7,32.6,22.3,0.0,0.6666666666666666,10.3,1.0999999999999979
2006-04-21,29.0,35.0,23.2,0.004166666666666667,5.958333333333333,11.8,1.3000000000000007
2006-04-22,30.0,36.1,25.0,0.008333333333333333,11.833333333333334,11.100000000000001,1.0
2006-04-23,29.8,35.6,25.3,0.008333333333333333,7.083333333333333,10.3,-0.1999999999999993
2006-04-24,30.2,36.7,25.4,0.05416666666666667,12.166666666666666,11.300000000000004,0.3999999999999986
2006-04-25,30.2,36.3,25.8,0.004166666666666667,15.208333333333334,10.499999999999996,0.0
2006-04-26,30.2,36.2,25.9,0.0,28.0,10.300000000000004,0.0
2006-04-27,29.9,35.1,25.3,0.0,31.333333333333332,9.8,-0.3000000000000007
2006-04-28,29.7,34.7,25.4,0.0,24.083333333333332,9.300000000000004,-0.1999999999999993
2006-04-29,30.9,36.6,25.1,0.0,14.875,11.5,1.1999999999999993
2006-04-30,31.6,37.5,24.9,0.0,1.875,12.600000000000001,0.7000000000000028
2006-05-01,30.7,36.2,26.4,0.0,17.708333333333332,9.800000000000004,-0.9000000000000021
2006-05-02,31.0,36.2,26.6,0.0,11.375,9.600000000000001,0.3000000000000007
2006-05-03,31.2,36.2,27.6,0.0,15.375,8.600000000000001,0.1999999999999993
2006-05-04,31.4,37.2,27.3,0.0,15.166666666666666,9.900000000000002,0.1999999999999993
2006-05-05,31.3,36.5,27.3,0.0,16.625,9.2,-0.09999999999999787
2006-05-06,32.0,37.5,27.8,0.0,11.125,9.7,0.6999999999999993
2006-05-07,28.9,34.7,23.7,1.0833333333333333,72.5,11.000000000000004,-3.1000000000000014
2006-05-08,27.8,31.5,23.9,0.09166666666666667,39.0,7.600000000000001,-1.0999999999999979
2006-05-09,27.0,32.2,24.6,1.2375,60.583333333333336,7.600000000000001,-0.8000000000000007
2006-05-10,28.7,33.1,25.1,0.14583333333333334,40.666666666666664,8.0,1.6999999999999993
2006-05-11,29.5,33.2,25.9,0.06666666666666667,62.0,7.300000000000004,0.8000000000000007
2006-05-12,28.2,30.4,25.2,2.3625000000000003,72.70833333333333,5.199999999999999,-1.3000000000000007
2006-05-13,27.6,30.7,25.9,0.7999999999999999,80.5,4.800000000000001,-0.5999999999999979
2006-05-14,27.7,31.1,23.9,1.1416666666666666,68.29166666666667,7.200000000000003,0.09999999999999787
2006-05-15,27.5,31.4,23.8,0.2791666666666667,73.45833333333333,7.599999999999998,-0.1999999999999993
2006-05-16,28.3,32.2,25.1,0.0,40.416666666666664,7.100000000000001,0.8000000000000007
2006-05-17,29.3,33.1,25.2,0.004166666666666667,14.166666666666666,7.900000000000002,1.0
2006-05-18,29.3,32.8,25.8,0.004166666666666667,8.791666666666666,6.9999999999999964,0.0
2006-05-19,29.5,33.8,25.9,0.0,38.208333333333336,7.899999999999999,0.1999999999999993
2006-05-20,28.2,32.0,26.1,0.8083333333333332,43.875,5.899999999999999,-1.3000000000000007
2006-05-21,29.0,33.2,26.2,0.23750000000000002,23.708333333333332,7.0000000000000036,0.8000000000000007
2006-05-22,29.1,32.9,26.2,0.2125,31.125,6.699999999999999,0.10000000000000142
2006-05-23,29.5,33.4,26.3,0.1625,41.916666666666664,7.099999999999998,0.3999999999999986
2006-05-24,29.5,33.6,25.9,0.0375,54.083333333333336,7.700000000000003,0.0
2006-05-25,29.9,33.6,26.4,0.0,93.375,7.200000000000003,0.3999999999999986
2006-05-26,26.9,30.3,25.1,1.3291666666666666,98.66666666666667,5.199999999999999,-3.0
2006-05-27,27.5,30.6,25.1,0.375,99.58333333333333,5.5,0.6000000000000014
2006-05-28,27.9,31.0,26.0,0.3625,97.79166666666667,5.0,0.3999999999999986
2006-05-29,28.1,30.3,26.3,0.7374999999999999,98.125,4.0,0.20000000000000284
2006-05-30,30.3,34.2,27.7,0.024999999999999998,79.5,6.5000000000000036,2.1999999999999993
2006-05-31,30.4,34.0,28.2,0.0,92.54166666666667,5.800000000000001,0.09999999999999787
2006-06-01,29.7,32.8,26.7,0.03333333333333333,98.45833333333333,6.099999999999998,-0.6999999999999993
2006-06-02,28.9,33.5,26.7,1.05,85.16666666666667,6.800000000000001,-0.8000000000000007
2006-06-03,28.7,31.7,26.1,0.33749999999999997,92.70833333333333,5.599999999999998,-0.1999999999999993
2006-06-04,28.5,31.5,25.8,0.6875,87.125,5.699999999999999,-0.1999999999999993
2006-06-05,27.3,31.0,25.7,0.9833333333333334,99.08333333333333,5.300000000000001,-1.1999999999999993
2006-06-06,27.4,31.8,25.5,0.7041666666666666,82.75,6.300000000000001,0.09999999999999787
2006-06-07,27.9,30.7,25.7,0.24166666666666667,89.625,5.0,0.5
2006-06-08,28.6,31.3,26.3,0.008333333333333333,95.08333333333333,5.0,0.7000000000000028
2006-06-09,28.0,30.8,25.7,0.32083333333333336,91.0,5.100000000000001,-0.6000000000000014
2006-06-10,29.5,31.9,25.9,0.008333333333333333,99.75,6.0,1.5
2006-06-11,31.6,34.9,28.4,0.0,90.5,6.5,2.1000000000000014
2006-06-12,31.6,35.6,28.8,0.0,97.70833333333333,6.800000000000001,0.0
2006-06-13,31.2,34.9,28.8,0.0,95.04166666666667,6.099999999999998,-0.40000000000000213
2006-06-14,31.1,34.5,28.7,0.0,91.58333333333333,5.800000000000001,-0.09999999999999787
2006-06-15,30.5,34.0,28.3,0.004166666666666667,54.0,5.699999999999999,-0.6000000000000014
2006-06-16,30.6,34.4,27.8,0.0,66.66666666666667,6.599999999999998,0.10000000000000142
2006-06-17,30.7,34.7,26.3,0.3333333333333333,69.66666666666667,8.400000000000002,0.09999999999999787
2006-06-18,30.3,34.7,26.3,0.008333333333333333,39.291666666666664,8.400000000000002,-0.3999999999999986
2006-06-19,30.8,34.5,27.1,0.0,67.04166666666667,7.399999999999999,0.5
2006-06-20,29.8,33.6,27.0,0.075,80.25,6.600000000000001,-1.0
2006-06-21,27.6,30.3,25.8,0.525,95.91666666666667,4.5,-2.1999999999999993
2006-06-22,27.8,30.3,25.9,0.42083333333333334,92.5,4.400000000000002,0.1999999999999993
2006-06-23,27.1,28.7,25.8,0.39999999999999997,95.625,2.8999999999999986,-0.6999999999999993
2006-06-24,27.7,29.9,26.1,0.325,98.45833333333333,3.799999999999997,0.5999999999999979
2006-06-25,28.2,31.6,26.2,0.39999999999999997,92.58333333333333,5.400000000000002,0.5
2006-06-26,28.6,32.1,26.4,0.10833333333333334,99.5,5.700000000000003,0.40000000000000213
2006-06-27,28.4,31.7,26.3,0.3,99.29166666666667,5.399999999999999,-0.20000000000000284
2006-06-28,28.5,32.3,26.3,0.24583333333333335,97.66666666666667,5.9999999999999964,0.10000000000000142
2006-06-29,29.2,32.3,26.5,0.1125,86.83333333333333,5.799999999999997,0.6999999999999993
2006-06-30,29.2,32.6,26.7,0.1125,96.95833333333333,5.900000000000002,0.0
2006-07-01,29.4,33.5,26.9,0.18333333333333335,92.08333333333333,6.600000000000001,0.1999999999999993
2006-07-02,28.6,31.3,26.3,0.10416666666666667,85.70833333333333,5.0,-0.7999999999999972
2006-07-03,28.1,31.3,26.4,0.1625,89.20833333333333,4.900000000000002,-0.5
2006-07-04,28.4,30.3,26.4,0.2916666666666667,76.33333333333333,3.900000000000002,0.29999999999999716
2006-07-05,29.3,32.2,27.2,0.04583333333333334,82.25,5.0000000000000036,0.9000000000000021
2006-07-06,30.1,33.2,27.3,0.012500000000000002,97.41666666666667,5.900000000000002,0.8000000000000007
2006-07-07,29.1,31.3,26.7,0.4458333333333333,99.625,4.600000000000001,-1.0
2006-07-08,28.5,33.1,26.4,2.066666666666667,99.875,6.700000000000003,-0.6000000000000014
2006-07-09,26.8,27.4,26.2,2.7416666666666667,99.91666666666667,1.1999999999999993,-1.6999999999999993
2006-07-10,27.8,30.7,26.2,0.46249999999999997,95.70833333333333,4.5,1.0
2006-07-11,28.2,31.6,26.1,0.7625000000000001,99.58333333333333,5.5,0.3999999999999986
2006-07-12,29.1,32.3,26.6,0.125,97.75,5.699999999999996,0.9000000000000021
2006-07-13,29.2,31.9,26.3,0.375,98.70833333333333,5.599999999999998,0.09999999999999787
2006-07-14,27.9,31.4,25.9,1.2375,96.0,5.5,-1.3000000000000007
2006-07-15,28.0,31.2,26.0,0.5958333333333333,98.0,5.199999999999999,0.10000000000000142
2006-07-16,28.2,31.3,26.4,0.29583333333333334,89.875,4.900000000000002,0.1999999999999993
2006-07-17,28.3,31.0,26.0,0.5291666666666667,81.125,5.0,0.10000000000000142
2006-07-18,28.3,31.1,26.0,0.5916666666666667,96.95833333333333,5.100000000000001,0.0
2006-07-19,27.4,30.5,25.8,2.1083333333333334,98.58333333333333,4.699999999999999,-0.9000000000000021
2006-07-20,26.6,28.7,24.9,0.65,90.08333333333333,3.8000000000000007,-0.7999999999999972
2006-07-21,26.3,28.4,24.7,0.11666666666666665,88.33333333333333,3.6999999999999993,-0.3000000000000007
2006-07-22,27.3,30.4,24.6,0.36666666666666664,79.5,5.799999999999997,1.0
2006-07-23,28.0,31.1,26.0,0.7958333333333333,70.83333333333333,5.100000000000001,0.6999999999999993
2006-07-24,29.0,32.6,26.3,0.08333333333333333,82.66666666666667,6.300000000000001,1.0
2006-07-25,28.9,32.4,26.6,0.4333333333333333,92.66666666666667,5.799999999999997,-0.10000000000000142
2006-07-26,27.6,30.9,25.6,0.24583333333333332,99.33333333333333,5.299999999999997,-1.2999999999999972
2006-07-27,27.6,31.8,25.4,0.10416666666666667,95.16666666666667,6.400000000000002,0.0
2006-07-28,27.2,30.3,24.8,0.5375,99.75,5.5,-0.40000000000000213
2006-07-29,26.5,28.7,24.8,0.4875,98.20833333333333,3.8999999999999986,-0.6999999999999993
2006-07-30,27.2,29.2,25.5,0.17916666666666667,97.45833333333333,3.6999999999999993,0.6999999999999993
2006-07-31,27.9,31.1,25.3,0.17916666666666667,94.95833333333333,5.800000000000001,0.6999999999999993
2006-08-01,28.3,32.0,25.8,0.17500000000000002,86.125,6.199999999999999,0.40000000000000213
2006-08-02,28.1,31.0,26.2,0.075,89.0,4.800000000000001,-0.1999999999999993
2006-08-03,27.4,29.9,25.5,0.15,96.29166666666667,4.399999999999999,-0.7000000000000028
2006-08-04,26.7,28.6,25.2,0.30833333333333335,89.20833333333333,3.400000000000002,-0.6999999999999993
2006-08-05,26.9,30.8,25.0,0.7458333333333332,84.83333333333333,5.800000000000001,0.1999999999999993
2006-08-06,27.7,30.6,25.5,0.2916666666666667,85.95833333333333,5.100000000000001,0.8000000000000007
2006-08-07,28.8,32.5,25.8,0.13333333333333333,63.75,6.699999999999999,1.1000000000000014
2006-08-08,29.7,33.7,26.5,0.012499999999999999,94.66666666666667,7.200000000000003,0.8999999999999986
2006-08-09,29.4,33.2,26.6,0.15833333333333333,95.95833333333333,6.600000000000001,-0.3000000000000007
2006-08-10,27.0,30.6,26.1,0.30833333333333335,93.25,4.5,-2.3999999999999986
2006-08-11,28.4,32.5,26.2,0.7791666666666667,92.70833333333333,6.300000000000001,1.3999999999999986
2006-08-12,28.1,30.5,25.8,0.21666666666666667,70.25,4.699999999999999,-0.29999999999999716
2006-08-13,27.8,30.8,25.9,0.09583333333333333,94.25,4.900000000000002,-0.3000000000000007
2006-08-14,27.0,29.9,24.9,0.8125,97.75,5.0,-0.8000000000000007
2006-08-15,27.2,30.7,24.8,0.41250000000000003,93.625,5.899999999999999,0.1999999999999993
2006-08-16,26.6,29.9,25.4,0.7708333333333334,93.75,4.5,-0.5999999999999979
2006-08-17,26.6,28.1,25.3,0.2041666666666667,97.58333333333333,2.8000000000000007,0.0
2006-08-18,27.2,30.7,25.3,0.4875,78.5,5.399999999999999,0.5999999999999979
2006-08-19,27.5,30.4,25.1,0.5791666666666667,88.29166666666667,5.299999999999997,0.3000000000000007
2006-08-20,27.5,31.0,25.0,0.19166666666666665,98.375,6.0,0.0
2006-08-21,26.8,30.9,25.6,0.5875,98.875,5.299999999999997,-0.6999999999999993
2006-08-22,26.6,28.3,25.5,0.23750000000000002,97.91666666666667,2.8000000000000007,-0.1999999999999993
2006-08-23,27.5,29.5,25.5,0.30833333333333335,89.45833333333333,4.0,0.8999999999999986
2006-08-24,27.7,29.7,26.0,0.06666666666666667,99.33333333333333,3.6999999999999993,0.1999999999999993
2006-08-25,28.5,31.5,26.4,0.041666666666666664,94.375,5.100000000000001,0.8000000000000007
2006-08-26,27.7,30.6,25.6,0.36666666666666664,95.95833333333333,5.0,-0.8000000000000007
2006-08-27,27.8,31.1,25.6,0.23750000000000002,94.25,5.5,0.10000000000000142
2006-08-28,27.8,31.0,25.9,0.45,95.58333333333333,5.100000000000001,0.0
2006-08-29,26.9,29.5,25.5,0.3333333333333333,93.41666666666667,4.0,-0.9000000000000021
2006-08-30,27.0,29.6,24.7,0.1125,93.91666666666667,4.900000000000002,0.10000000000000142
2006-08-31,27.2,30.9,24.8,0.15833333333333333,94.25,6.099999999999998,0.1999999999999993
2006-09-01,28.6,32.6,24.9,0.275,68.20833333333333,7.700000000000003,1.4000000000000021
2006-09-02,29.3,33.1,25.6,0.48333333333333334,99.79166666666667,7.5,0.6999999999999993
2006-09-03,26.9,31.0,25.2,0.6041666666666666,73.20833333333333,5.800000000000001,-2.400000000000002
2006-09-04,26.9,29.6,25.3,0.3625,58.708333333333336,4.300000000000001,0.0
2006-09-05,27.7,31.2,25.3,0.029166666666666664,66.0,5.899999999999999,0.8000000000000007
2006-09-06,28.2,31.3,25.2,0.025000000000000005,67.95833333333333,6.100000000000001,0.5
2006-09-07,29.0,32.5,26.1,0.016666666666666666,65.04166666666667,6.399999999999999,0.8000000000000007
2006-09-08,28.9,32.9,25.6,0.2625,82.08333333333333,7.299999999999997,-0.10000000000000142
2006-09-09,28.2,32.1,25.5,0.20833333333333334,96.08333333333333,6.600000000000001,-0.6999999999999993
2006-09-10,27.9,31.6,25.9,0.15416666666666667,99.58333333333333,5.700000000000003,-0.3000000000000007
2006-09-11,27.8,30.8,25.8,0.2041666666666667,97.41666666666667,5.0,-0.09999999999999787
2006-09-12,28.2,31.8,26.4,0.2791666666666667,96.5,5.400000000000002,0.3999999999999986
2006-09-13,28.2,32.3,25.4,0.08750000000000001,59.125,6.899999999999999,0.0
2006-09-14,28.0,31.6,25.6,0.0375,37.041666666666664,6.0,-0.1999999999999993
2006-09-15,27.2,31.3,25.4,0.34166666666666673,85.25,5.900000000000002,-0.8000000000000007
2006-09-16,27.3,30.2,25.4,0.1625,82.66666666666667,4.800000000000001,0.10000000000000142
2006-09-17,27.9,31.7,25.2,0.05416666666666667,40.541666666666664,6.5,0.5999999999999979
2006-09-18,27.9,32.0,25.2,0.125,69.25,6.800000000000001,0.0
2006-09-19,27.2,31.6,24.8,1.4791666666666667,98.79166666666667,6.800000000000001,-0.6999999999999993
2006-09-20,25.5,26.5,24.9,1.575,99.83333333333333,1.6000000000000014,-1.6999999999999993
2006-09-21,25.4,26.7,24.7,1.2375,99.58333333333333,2.0,-0.10000000000000142
2006-09-22,25.9,28.2,24.7,0.46249999999999997,99.83333333333333,3.5,0.5
2006-09-23,26.5,29.6,24.8,0.22083333333333333,98.5,4.800000000000001,0.6000000000000014
2006-09-24,26.6,30.5,24.8,0.3333333333333333,81.375,5.699999999999999,0.10000000000000142
2006-09-25,27.2,31.0,23.8,0.09583333333333334,73.41666666666667,7.199999999999999,0.5999999999999979
2006-09-26,27.8,30.7,23.8,0.016666666666666666,54.458333333333336,6.899999999999999,0.6000000000000014
2006-09-27,28.4,31.9,24.6,0.0625,77.5,7.299999999999997,0.5999999999999979
2006-09-28,28.5,32.0,25.5,0.0,99.04166666666667,6.5,0.10000000000000142
2006-09-29,27.2,29.8,25.4,0.35833333333333334,93.0,4.400000000000002,-1.3000000000000007
2006-09-30,27.1,30.1,25.0,0.3,92.54166666666667,5.100000000000001,-0.09999999999999787
2006-10-01,27.4,31.6,25.2,0.22083333333333333,82.91666666666667,6.400000000000002,0.29999999999999716
2006-10-02,28.0,31.6,25.7,0.1125,48.75,5.900000000000002,0.6000000000000014
2006-10-03,28.5,32.1,25.6,0.10833333333333334,26.375,6.5,0.5
2006-10-04,28.2,32.4,25.3,0.2416666666666667,76.0,7.099999999999998,-0.3000000000000007
2006-10-05,28.1,31.6,24.6,0.041666666666666664,52.083333333333336,7.0,-0.09999999999999787
2006-10-06,28.9,33.0,24.9,0.0,13.791666666666666,8.100000000000001,0.7999999999999972
2006-10-07,28.7,32.3,24.7,0.004166666666666667,18.708333333333332,7.599999999999998,-0.1999999999999993
2006-10-08,28.5,32.3,24.5,0.020833333333333332,7.875,7.799999999999997,-0.1999999999999993
2006-10-09,28.5,32.5,24.3,0.0,4.25,8.2,0.0
2006-10-10,28.5,32.1,24.6,0.049999999999999996,25.791666666666668,7.5,0.0
2006-10-11,28.7,32.3,25.8,0.020833333333333332,27.375,6.4999999999999964,0.1999999999999993
2006-10-12,28.1,31.9,25.4,0.04583333333333334,31.208333333333332,6.5,-0.5999999999999979
2006-10-13,27.0,31.1,24.5,0.125,49.083333333333336,6.600000000000001,-1.1000000000000014
2006-10-14,26.4,30.3,24.4,0.225,57.708333333333336,5.900000000000002,-0.6000000000000014
2006-10-15,26.9,30.2,24.3,0.03333333333333333,53.875,5.899999999999999,0.5
2006-10-16,27.0,30.5,24.3,0.06666666666666667,63.083333333333336,6.199999999999999,0.10000000000000142
2006-10-17,27.2,30.7,24.3,0.1125,82.20833333333333,6.399999999999999,0.1999999999999993
2006-10-18,26.8,29.9,24.5,0.15,94.54166666666667,5.399999999999999,-0.3999999999999986
2006-10-19,26.4,30.0,23.7,0.06666666666666667,42.791666666666664,6.300000000000001,-0.40000000000000213
2006-10-20,25.2,29.8,21.9,0.32083333333333336,34.875,7.900000000000002,-1.1999999999999993
2006-10-21,25.3,29.4,21.6,0.0,21.333333333333332,7.799999999999997,0.10000000000000142
2006-10-22,24.9,29.1,20.9,0.0,5.458333333333333,8.200000000000003,-0.40000000000000213
2006-10-23,24.8,29.5,20.7,0.0,4.458333333333333,8.8,-0.09999999999999787
2006-10-24,25.2,29.8,20.8,0.0,15.625,9.0,0.3999999999999986
2006-10-25,25.4,30.2,21.2,0.0,18.75,9.0,0.1999999999999993
2006-10-26,25.9,30.7,21.0,0.0,9.083333333333334,9.7,0.5
2006-10-27,26.7,31.0,21.7,0.0,25.125,9.3,0.8000000000000007
2006-10-28,25.9,29.8,22.3,0.0,86.58333333333333,7.5,-0.8000000000000007
2006-10-29,25.9,30.5,22.3,0.0,90.66666666666667,8.2,0.0
2006-10-30,25.8,29.2,23.0,0.0,92.375,6.199999999999999,-0.09999999999999787
2006-10-31,25.6,29.0,23.2,0.05416666666666667,94.375,5.800000000000001,-0.1999999999999993
2006-11-01,24.6,27.5,21.5,0.004166666666666667,59.916666666666664,6.0,-1.0
2006-11-02,25.6,30.8,21.0,0.0,43.916666666666664,9.8,1.0
2006-11-03,26.2,31.0,21.0,0.0,28.291666666666668,10.0,0.5999999999999979
2006-11-04,26.2,30.9,22.0,0.0,31.5,8.899999999999999,0.0
2006-11-05,26.3,30.7,21.7,0.0,54.208333333333336,9.0,0.10000000000000142
2006-11-06,26.0,30.0,22.5,0.004166666666666667,74.95833333333333,7.5,-0.3000000000000007
2006-11-07,25.8,29.4,22.4,0.0,94.58333333333333,7.0,-0.1999999999999993
2006-11-08,25.5,29.0,22.0,0.004166666666666667,99.41666666666667,7.0,-0.3000000000000007
2006-11-09,23.7,27.4,22.0,0.225,99.83333333333333,5.399999999999999,-1.8000000000000007
2006-11-10,22.7,24.8,21.1,0.225,90.83333333333333,3.6999999999999993,-1.0
2006-11-11,23.3,27.4,20.2,0.024999999999999998,37.291666666666664,7.199999999999999,0.6000000000000014
2006-11-12,23.3,27.7,19.5,0.0,27.625,8.2,0.0
2006-11-13,24.1,28.7,19.1,0.0,76.41666666666667,9.599999999999998,0.8000000000000007
2006-11-14,24.2,29.2,20.3,0.0,35.708333333333336,8.899999999999999,0.09999999999999787
2006-11-15,24.5,29.2,20.6,0.0,69.41666666666667,8.599999999999998,0.3000000000000007
2006-11-16,24.0,28.9,19.6,0.0,43.0,9.299999999999997,-0.5
2006-11-17,23.1,28.8,17.8,0.0,43.0,11.0,-0.8999999999999986
2006-11-18,23.4,28.8,17.5,0.0,8.166666666666666,11.3,0.29999999999999716
2006-11-19,23.4,29.0,17.5,0.0,0.041666666666666664,11.5,0.0
2006-11-20,23.7,30.2,18.0,0.0,0.125,12.2,0.3000000000000007
2006-11-21,23.9,30.0,18.1,0.0,5.791666666666667,11.899999999999999,0.1999999999999993
2006-11-22,23.3,29.4,18.0,0.0,4.541666666666667,11.399999999999999,-0.5999999999999979
2006-11-23,23.2,29.4,18.0,0.0,8.458333333333334,11.399999999999999,-0.10000000000000142
2006-11-24,24.7,30.7,17.9,0.0,13.166666666666666,12.8,1.5
2006-11-25,24.4,29.1,20.2,0.0,45.458333333333336,8.900000000000002,-0.3000000000000007
2006-11-26,24.1,29.1,19.2,0.0,18.25,9.900000000000002,-0.29999999999999716
2006-11-27,22.7,28.0,17.1,0.004166666666666667,20.666666666666668,10.899999999999999,-1.4000000000000021
2006-11-28,21.8,27.4,16.7,0.0,8.916666666666666,10.7,-0.8999999999999986
2006-11-29,20.9,27.5,15.0,0.0,0.20833333333333334,12.5,-0.9000000000000021
2006-11-30,21.2,27.1,14.5,0.0,4.75,12.600000000000001,0.3000000000000007
2006-12-01,20.9,27.6,13.9,0.0,12.125,13.700000000000001,-0.3000000000000007
2006-12-02,19.4,26.9,12.9,0.0,0.0,13.999999999999998,-1.5
2006-12-03,18.6,26.1,12.1,0.0,0.0,14.000000000000002,-0.7999999999999972
2006-12-04,19.2,26.2,11.6,0.0,1.75,14.6,0.5999999999999979
2006-12-05,20.1,26.6,13.1,0.0,9.208333333333334,13.500000000000002,0.9000000000000021
2006-12-06,21.2,27.5,14.9,0.0,0.4583333333333333,12.6,1.0999999999999979
2006-12-07,22.2,28.2,15.6,0.0,5.708333333333333,12.6,1.0
2006-12-08,23.0,28.9,18.0,0.0,2.875,10.899999999999999,0.8000000000000007
2006-12-09,23.6,29.5,17.5,0.0,10.041666666666666,12.0,0.6000000000000014
2006-12-10,22.9,28.5,17.0,0.0,28.75,11.5,-0.7000000000000028
2006-12-11,23.9,29.5,18.5,0.0,13.583333333333334,11.0,1.0
2006-12-12,23.7,29.6,18.4,0.0,3.8333333333333335,11.200000000000003,-0.1999999999999993
2006-12-13,20.1,26.1,14.3,0.0,1.0,11.8,-3.599999999999998
2006-12-14,18.7,25.3,13.3,0.0,0.0,12.0,-1.4000000000000021
2006-12-15,19.1,25.5,12.7,0.0,0.0,12.8,0.40000000000000213
2006-12-16,19.6,25.8,13.5,0.0,4.083333333333333,12.3,0.5
2006-12-17,20.5,26.5,14.2,0.0,8.5,12.3,0.8999999999999986
2006-12-18,20.7,25.6,15.6,0.0,33.958333333333336,10.000000000000002,0.1999999999999993
2006-12-19,20.8,26.7,15.1,0.0,6.5,11.6,0.10000000000000142
2006-12-20,21.1,26.7,15.3,0.0,17.708333333333332,11.399999999999999,0.3000000000000007
2006-12-21,22.0,27.3,15.4,0.0,26.75,11.9,0.8999999999999986
2006-12-22,21.9,26.2,17.5,0.0,56.791666666666664,8.7,-0.10000000000000142
2006-12-23,22.1,26.2,17.9,0.0,59.541666666666664,8.3,0.20000000000000284
2006-12-24,19.9,25.7,13.5,0.0,9.166666666666666,12.2,-2.200000000000003
2006-12-25,19.0,25.5,12.9,0.0,0.0,12.6,-0.8999999999999986
2006-12-26,19.8,25.9,12.1,0.0,0.0,13.799999999999999,0.8000000000000007
2006-12-27,20.7,26.9,14.5,0.0,2.7083333333333335,12.399999999999999,0.8999999999999986
2006-12-28,20.2,26.5,14.3,0.0,15.791666666666666,12.2,-0.5
2006-12-29,19.6,25.9,13.9,0.0,2.2083333333333335,11.999999999999998,-0.5999999999999979
2006-12-30,18.5,24.9,12.4,0.0,0.375,12.499999999999998,-1.1000000000000014
2006-12-31,18.6,24.5,11.9,0.0,0.0,12.6,0.10000000000000142
2007-01-01,18.7,25.5,11.8,0.0,1.125,13.7,0.09999999999999787
2007-01-02,18.3,24.6,12.4,0.0,0.2916666666666667,12.200000000000001,-0.3999999999999986
2007-01-03,17.5,24.3,11.3,0.0,7.916666666666667,13.0,-0.8000000000000007
2007-01-04,17.0,23.8,10.7,0.0,0.0,13.100000000000001,-0.5
2007-01-05,16.9,23.6,10.2,0.0,0.625,13.400000000000002,-0.10000000000000142
2007-01-06,17.7,24.1,11.1,0.0,41.75,13.000000000000002,0.8000000000000007
2007-01-07,17.8,24.9,11.3,0.0,0.0,13.599999999999998,0.10000000000000142
2007-01-08,18.0,25.2,11.8,0.0,0.0,13.399999999999999,0.1999999999999993
2007-01-09,17.3,24.2,11.0,0.0,0.0,13.2,-0.6999999999999993
2007-01-10,17.3,24.6,10.4,0.0,0.8333333333333334,14.200000000000001,0.0
2007-01-11,17.3,24.6,10.0,0.0,4.125,14.600000000000001,0.0
2007-01-12,19.2,25.9,11.2,0.0,29.833333333333332,14.7,1.8999999999999986
2007-01-13,20.1,26.5,13.2,0.0,22.458333333333332,13.3,0.9000000000000021
2007-01-14,18.8,24.7,12.8,0.0,25.416666666666668,11.899999999999999,-1.3000000000000007
2007-01-15,18.5,25.0,11.8,0.0,39.041666666666664,13.2,-0.3000000000000007
2007-01-16,19.9,26.0,12.5,0.0,26.041666666666668,13.5,1.3999999999999986
2007-01-17,19.6,24.9,14.0,0.0,19.875,10.899999999999999,-0.29999999999999716
2007-01-18,18.4,25.2,12.1,0.0,0.0,13.1,-1.2000000000000028
2007-01-19,18.7,25.3,11.5,0.0,3.5833333333333335,13.8,0.3000000000000007
2007-01-20,19.2,26.3,11.9,0.0,11.916666666666666,14.4,0.5
2007-01-21,20.1,27.7,12.8,0.0,49.75,14.899999999999999,0.9000000000000021
2007-01-22,20.1,26.9,14.0,0.0,62.708333333333336,12.899999999999999,0.0
2007-01-23,18.2,25.2,11.7,0.0,48.375,13.5,-1.9000000000000021
2007-01-24,18.4,25.4,11.1,0.0,18.166666666666668,14.299999999999999,0.1999999999999993
2007-01-25,19.5,25.8,12.2,0.0,9.541666666666666,13.600000000000001,1.1000000000000014
2007-01-26,20.4,27.3,12.5,0.0,1.7083333333333333,14.8,0.8999999999999986
2007-01-27,21.1,28.1,14.3,0.0,35.875,13.8,0.7000000000000028
2007-01-28,21.9,29.0,15.6,0.0,14.625,13.4,0.7999999999999972
2007-01-29,22.9,29.6,15.6,0.0,70.70833333333333,14.000000000000002,1.0
2007-01-30,23.4,30.0,18.2,0.0,35.291666666666664,11.8,0.5
2007-01-31,23.9,30.4,18.0,0.0375,14.958333333333334,12.399999999999999,0.5
2007-02-01,23.5,29.6,18.4,0.0,17.541666666666668,11.200000000000003,-0.3999999999999986
2007-02-02,22.5,27.7,18.3,0.0,38.666666666666664,9.399999999999999,-1.0
2007-02-03,22.7,27.6,18.0,0.020833333333333332,39.291666666666664,9.600000000000001,0.1999999999999993
2007-02-04,23.4,27.7,19.0,0.0,51.083333333333336,8.7,0.6999999999999993
2007-02-05,24.2,29.4,20.4,0.0,19.208333333333332,9.0,0.8000000000000007
2007-02-06,22.2,25.2,19.7,0.19166666666666665,60.583333333333336,5.5,-2.0
2007-02-07,21.4,25.0,18.8,0.5499999999999999,74.33333333333333,6.199999999999999,-0.8000000000000007
2007-02-08,20.8,25.0,18.7,1.3041666666666667,74.45833333333333,6.300000000000001,-0.5999999999999979
2007-02-09,20.9,24.0,17.7,0.004166666666666667,63.875,6.300000000000001,0.09999999999999787
2007-02-10,21.8,26.6,17.2,0.0,51.166666666666664,9.400000000000002,0.9000000000000021
2007-02-11,22.6,27.5,17.9,0.012499999999999999,28.5,9.600000000000001,0.8000000000000007
2007-02-12,21.1,25.4,17.6,0.0,42.958333333333336,7.799999999999997,-1.5
2007-02-13,19.7,23.3,17.6,1.1166666666666667,96.79166666666667,5.699999999999999,-1.4000000000000021
2007-02-14,20.2,24.9,17.1,0.25,43.041666666666664,7.799999999999997,0.5
2007-02-15,19.3,24.9,14.5,0.0,1.0,10.399999999999999,-0.8999999999999986
2007-02-16,20.7,26.0,14.6,0.012499999999999999,31.333333333333332,11.4,1.3999999999999986
2007-02-17,21.4,26.1,17.5,0.012499999999999999,64.91666666666667,8.600000000000001,0.6999999999999993
2007-02-18,20.8,25.4,15.9,0.0,37.708333333333336,9.499999999999998,-0.5999999999999979
2007-02-19,20.0,25.9,13.9,0.0,1.2916666666666667,11.999999999999998,-0.8000000000000007
2007-02-20,20.4,26.2,13.9,0.0,0.4583333333333333,12.299999999999999,0.3999999999999986
2007-02-21,19.9,26.2,13.5,0.0,0.0,12.7,-0.5
2007-02-22,21.0,26.7,13.7,0.0,0.0,13.0,1.1000000000000014
2007-02-23,22.0,28.1,14.4,0.0,0.0,13.700000000000001,1.0
2007-02-24,23.2,29.7,15.8,0.0,0.08333333333333333,13.899999999999999,1.1999999999999993
2007-02-25,24.1,30.5,16.7,0.0,6.916666666666667,13.8,0.9000000000000021
2007-02-26,23.0,28.2,17.3,0.0,9.75,10.899999999999999,-1.1000000000000014
2007-02-27,23.8,29.1,17.9,0.0,12.916666666666666,11.200000000000003,0.8000000000000007
2007-02-28,24.1,29.6,19.4,0.0,15.0,10.200000000000003,0.3000000000000007
2007-03-01,24.9,30.4,19.1,0.020833333333333332,28.5,11.299999999999997,0.7999999999999972
2007-03-02,23.0,27.8,19.3,0.09999999999999999,64.04166666666667,8.5,-1.8999999999999986
2007-03-03,22.5,28.2,16.9,0.0,14.208333333333334,11.3,-0.5
2007-03-04,22.6,28.5,15.9,0.0,2.25,12.6,0.10000000000000142
2007-03-05,22.7,29.3,16.1,0.0,0.0,13.2,0.09999999999999787
2007-03-06,22.5,29.2,15.6,0.0,0.0,13.6,-0.1999999999999993
2007-03-07,22.5,29.7,15.0,0.0,5.75,14.7,0.0
2007-03-08,23.3,30.1,15.9,0.0,17.5,14.200000000000001,0.8000000000000007
2007-03-09,24.9,30.0,19.7,0.024999999999999998,48.125,10.3,1.5999999999999979
2007-03-10,25.2,30.4,21.8,0.10416666666666667,23.333333333333332,8.599999999999998,0.3000000000000007
2007-03-11,26.7,32.1,21.9,0.004166666666666667,18.041666666666668,10.200000000000003,1.5
2007-03-12,27.3,33.2,21.8,0.0,28.0,11.400000000000002,0.6000000000000014
2007-03-13,26.9,32.5,21.8,0.0,20.625,10.7,-0.40000000000000213
2007-03-14,26.1,31.0,21.6,0.008333333333333333,26.0,9.399999999999999,-0.7999999999999972
2007-03-15,24.8,30.2,17.7,0.0,9.375,12.5,-1.3000000000000007
2007-03-16,22.8,29.0,16.3,0.0,0.0,12.7,-2.0
2007-03-17,24.1,30.2,15.9,0.0,0.0,14.299999999999999,1.3000000000000007
2007-03-18,25.6,31.9,19.3,0.0,3.875,12.599999999999998,1.5
2007-03-19,26.5,32.2,20.4,0.0,31.208333333333332,11.800000000000004,0.8999999999999986
2007-03-20,26.9,32.0,22.8,0.0,43.083333333333336,9.2,0.3999999999999986
2007-03-21,27.8,33.0,23.4,0.0,27.708333333333332,9.600000000000001,0.9000000000000021
2007-03-22,28.8,34.6,24.4,0.008333333333333333,17.291666666666668,10.200000000000003,1.0
2007-03-23,29.5,35.6,24.2,0.0,13.083333333333334,11.400000000000002,0.6999999999999993
2007-03-24,29.5,35.6,25.2,0.008333333333333333,36.625,10.400000000000002,0.0
2007-03-25,28.1,34.4,21.9,0.0,5.75,12.5,-1.3999999999999986
2007-03-26,28.3,35.2,21.6,0.0,16.75,13.600000000000001,0.1999999999999993
2007-03-27,27.9,35.4,20.0,0.0,12.083333333333334,15.399999999999999,-0.40000000000000213
2007-03-28,28.2,35.7,19.4,0.0,0.041666666666666664,16.300000000000004,0.3000000000000007
2007-03-29,29.2,35.9,21.4,0.0,1.5416666666666667,14.5,1.0
2007-03-30,29.5,36.4,22.8,0.0,0.16666666666666666,13.599999999999998,0.3000000000000007
2007-03-31,29.5,36.6,23.4,0.0,0.08333333333333333,13.200000000000003,0.0
2007-04-01,29.9,37.0,24.4,0.0,0.08333333333333333,12.600000000000001,0.3999999999999986
2007-04-02,30.8,38.7,24.7,0.0,2.75,14.000000000000004,0.9000000000000021
2007-04-03,30.9,38.3,25.1,0.0,2.5416666666666665,13.199999999999996,0.09999999999999787
2007-04-04,30.1,36.4,25.4,0.0,11.25,11.0,-0.7999999999999972
2007-04-05,29.4,35.6,25.2,0.0,14.541666666666666,10.400000000000002,-0.7000000000000028
2007-04-06,29.8,36.9,25.2,0.0,5.833333333333333,11.7,0.40000000000000213
2007-04-07,29.8,36.6,25.6,0.024999999999999998,11.416666666666666,11.0,0.0
2007-04-08,30.4,37.5,25.3,0.0375,16.083333333333332,12.2,0.5999999999999979
2007-04-09,30.3,36.2,25.9,0.20833333333333334,30.416666666666668,10.300000000000004,-0.09999999999999787
2007-04-10,29.3,34.7,25.9,0.020833333333333332,14.625,8.800000000000004,-1.0
2007-04-11,29.6,36.2,25.4,0.03333333333333333,19.791666666666668,10.800000000000004,0.3000000000000007
2007-04-12,28.3,33.8,24.2,0.125,59.125,9.599999999999998,-1.3000000000000007
2007-04-13,26.3,32.1,22.1,0.35000000000000003,44.75,10.0,-2.0
2007-04-14,26.7,32.0,21.2,0.22083333333333333,62.916666666666664,10.8,0.3999999999999986
2007-04-15,28.0,32.6,24.8,0.020833333333333332,56.166666666666664,7.800000000000001,1.3000000000000007
2007-04-16,28.3,33.0,24.7,0.0,17.166666666666668,8.3,0.3000000000000007
2007-04-17,28.8,33.5,24.6,0.008333333333333333,23.25,8.899999999999999,0.5
2007-04-18,28.7,34.1,24.5,0.025000000000000005,16.5,9.600000000000001,-0.10000000000000142
2007-04-19,29.4,34.5,24.5,0.0,24.916666666666668,10.0,0.6999999999999993
2007-04-20,29.9,35.2,25.9,0.0,39.083333333333336,9.300000000000004,0.5
2007-04-21,29.9,35.2,26.8,0.1125,23.583333333333332,8.400000000000002,0.0
2007-04-22,30.5,36.2,27.0,0.10416666666666667,20.208333333333332,9.200000000000003,0.6000000000000014
2007-04-23,31.5,37.7,27.0,0.008333333333333333,7.0,10.700000000000003,1.0
2007-04-24,31.2,37.0,27.1,0.0,10.541666666666666,9.899999999999999,-0.3000000000000007
2007-04-25,30.9,36.3,27.1,0.0,26.291666666666668,9.199999999999996,-0.3000000000000007
2007-04-26,30.0,35.6,26.4,0.8041666666666667,52.416666666666664,9.200000000000003,-0.8999999999999986
2007-04-27,28.2,34.2,23.6,1.1166666666666667,68.25,10.600000000000001,-1.8000000000000007
2007-04-28,26.6,31.3,23.4,0.34583333333333327,28.208333333333332,7.900000000000002,-1.5999999999999979
2007-04-29,28.2,32.7,24.8,0.04583333333333334,18.958333333333332,7.900000000000002,1.5999999999999979
2007-04-30,29.2,33.7,24.7,0.0,14.0,9.000000000000004,1.0
2007-05-01,29.4,33.7,24.7,0.0,11.875,9.000000000000004,0.1999999999999993
2007-05-02,29.7,34.2,24.9,0.0,12.5,9.300000000000004,0.3000000000000007
2007-05-03,29.9,34.6,25.6,0.004166666666666667,12.958333333333334,9.0,0.1999999999999993
2007-05-04,30.0,34.1,25.4,0.004166666666666667,16.041666666666668,8.700000000000003,0.10000000000000142
2007-05-05,30.3,34.7,26.1,0.012499999999999999,11.083333333333334,8.600000000000001,0.3000000000000007
2007-05-06,30.0,34.3,26.5,0.049999999999999996,20.875,7.799999999999997,-0.3000000000000007
2007-05-07,29.7,34.3,26.2,0.049999999999999996,23.416666666666668,8.099999999999998,-0.3000000000000007
2007-05-08,28.2,32.5,24.8,0.23750000000000002,34.375,7.699999999999999,-1.5
2007-05-09,27.8,31.9,24.8,0.1708333333333333,33.416666666666664,7.099999999999998,-0.3999999999999986
2007-05-10,29.1,33.1,25.4,0.025000000000000005,19.708333333333332,7.700000000000003,1.3000000000000007
2007-05-11,30.5,34.6,26.1,0.0,16.666666666666668,8.5,1.3999999999999986
2007-05-12,30.5,34.5,26.6,0.004166666666666667,26.958333333333332,7.899999999999999,0.0
2007-05-13,30.7,35.1,26.5,0.025000000000000005,34.416666666666664,8.600000000000001,0.1999999999999993
2007-05-14,29.1,33.3,24.5,0.004166666666666667,92.375,8.799999999999997,-1.5999999999999979
2007-05-15,30.0,34.2,24.5,0.0,61.875,9.700000000000003,0.8999999999999986
2007-05-16,29.5,34.0,25.5,0.08750000000000001,71.75,8.5,-0.5
2007-05-17,29.2,33.9,25.6,0.24583333333333335,73.875,8.299999999999997,-0.3000000000000007
2007-05-18,29.3,33.7,26.1,0.17500000000000002,69.70833333333333,7.600000000000001,0.10000000000000142
2007-05-19,28.9,33.4,25.4,0.1875,65.95833333333333,8.0,-0.40000000000000213
2007-05-20,28.3,32.2,25.5,0.7083333333333334,81.45833333333333,6.700000000000003,-0.5999999999999979
2007-05-21,30.6,34.4,26.2,0.0,88.41666666666667,8.2,2.3000000000000007
2007-05-22,31.9,36.7,27.7,0.0,34.583333333333336,9.000000000000004,1.2999999999999972
2007-05-23,32.4,37.7,28.7,0.020833333333333332,77.5,9.000000000000004,0.5
2007-05-24,32.3,37.2,28.7,0.0,86.625,8.500000000000004,-0.10000000000000142
2007-05-25,32.2,36.9,28.9,0.0,32.166666666666664,8.0,-0.09999999999999432
2007-05-26,32.2,37.0,29.1,0.0,43.291666666666664,7.899999999999999,0.0
2007-05-27,32.2,37.0,28.9,0.0,41.666666666666664,8.100000000000001,0.0
2007-05-28,32.4,36.9,28.4,0.04583333333333334,49.791666666666664,8.5,0.19999999999999574
2007-05-29,33.1,38.6,28.6,0.0,16.291666666666668,10.0,0.7000000000000028
2007-05-30,33.2,38.8,29.2,0.03333333333333333,21.125,9.599999999999998,0.10000000000000142
2007-05-31,33.6,39.2,29.3,0.004166666666666667,26.166666666666668,9.900000000000002,0.3999999999999986
2007-06-01,33.5,39.8,29.5,0.0,23.125,10.299999999999997,-0.10000000000000142
2007-06-02,33.6,39.2,29.6,0.0,37.416666666666664,9.600000000000001,0.10000000000000142
2007-06-03,33.0,38.3,29.9,0.0,41.416666666666664,8.399999999999999,-0.6000000000000014
2007-06-04,31.8,36.2,28.2,0.15,70.08333333333333,8.000000000000004,-1.1999999999999993
2007-06-05,31.1,35.1,27.4,0.26666666666666666,98.58333333333333,7.700000000000003,-0.6999999999999993
2007-06-06,31.0,34.9,28.7,0.04583333333333333,99.45833333333333,6.199999999999999,-0.10000000000000142
2007-06-07,31.6,35.5,28.8,0.0,88.70833333333333,6.699999999999999,0.6000000000000014
2007-06-08,31.2,34.4,29.2,0.008333333333333333,99.875,5.199999999999999,-0.40000000000000213
2007-06-09,30.4,33.7,27.7,0.7583333333333333,99.91666666666667,6.0000000000000036,-0.8000000000000007
2007-06-10,29.5,32.9,27.4,0.25,99.95833333333333,5.5,-0.8999999999999986
2007-06-11,29.8,31.8,27.7,0.5750000000000001,100.0,4.100000000000001,0.3000000000000007
2007-06-12,30.2,34.5,26.8,1.3499999999999999,98.70833333333333,7.699999999999999,0.3999999999999986
2007-06-13,27.4,28.4,26.3,1.2583333333333333,96.79166666666667,2.099999999999998,-2.8000000000000007
2007-06-14,28.5,31.4,26.0,0.37916666666666665,85.5,5.399999999999999,1.1000000000000014
2007-06-15,29.1,31.8,27.4,0.5083333333333334,99.29166666666667,4.400000000000002,0.6000000000000014
2007-06-16,29.9,32.4,27.9,0.13333333333333333,99.83333333333333,4.5,0.7999999999999972
2007-06-17,30.3,33.5,27.3,0.4124999999999999,98.29166666666667,6.199999999999999,0.40000000000000213
2007-06-18,29.5,33.4,26.8,0.4375,76.54166666666667,6.599999999999998,-0.8000000000000007
2007-06-19,29.8,33.1,26.8,0.19583333333333333,70.5,6.300000000000001,0.3000000000000007
2007-06-20,29.5,33.1,26.8,0.012499999999999999,69.04166666666667,6.300000000000001,-0.3000000000000007
2007-06-21,29.2,31.9,26.9,0.3,78.70833333333333,5.0,-0.3000000000000007
2007-06-22,27.9,30.8,26.2,0.48750000000000004,99.58333333333333,4.600000000000001,-1.3000000000000007
2007-06-23,27.5,29.5,25.9,0.525,97.70833333333333,3.6000000000000014,-0.3999999999999986
2007-06-24,27.7,31.7,25.9,0.4708333333333334,97.29166666666667,5.800000000000001,0.1999999999999993
2007-06-25,28.6,31.8,26.2,0.11249999999999999,72.83333333333333,5.600000000000001,0.9000000000000021
2007-06-26,28.8,32.5,26.3,0.11249999999999999,51.875,6.199999999999999,0.1999999999999993
2007-06-27,29.2,32.9,26.9,0.2333333333333333,73.29166666666667,6.0,0.3999999999999986
2007-06-28,28.0,30.5,26.3,0.2833333333333333,94.20833333333333,4.199999999999999,-1.1999999999999993
2007-06-29,28.2,30.6,26.3,0.16666666666666666,98.5,4.300000000000001,0.1999999999999993
2007-06-30,28.3,30.5,26.4,0.13333333333333333,99.58333333333333,4.100000000000001,0.10000000000000142
2007-07-01,28.1,30.1,26.5,0.35000000000000003,92.20833333333333,3.6000000000000014,-0.1999999999999993
2007-07-02,28.3,31.2,26.0,0.45416666666666666,95.79166666666667,5.199999999999999,0.1999999999999993
2007-07-03,27.1,29.4,25.5,2.158333333333333,99.95833333333333,3.8999999999999986,-1.1999999999999993
2007-07-04,26.4,27.5,25.5,3.9791666666666665,100.0,2.0,-0.7000000000000028
2007-07-05,26.2,27.5,25.4,3.0041666666666664,99.79166666666667,2.1000000000000014,-0.1999999999999993
2007-07-06,26.5,27.4,25.8,1.7833333333333332,98.70833333333333,1.5999999999999979,0.3000000000000007
2007-07-07,27.9,31.2,25.8,0.9083333333333333,92.75,5.399999999999999,1.3999999999999986
2007-07-08,28.1,31.3,25.8,0.48333333333333334,77.33333333333333,5.5,0.20000000000000284
2007-07-09,29.4,32.4,26.4,0.0,92.29166666666667,6.0,1.2999999999999972
2007-07-10,29.7,33.1,27.4,0.0375,73.125,5.700000000000003,0.3000000000000007
2007-07-11,29.7,33.6,26.3,0.12083333333333333,80.58333333333333,7.300000000000001,0.0
2007-07-12,29.0,33.0,26.5,0.4375,74.29166666666667,6.5,-0.6999999999999993
2007-07-13,29.8,33.7,26.6,0.22499999999999998,80.54166666666667,7.100000000000001,0.8000000000000007
2007-07-14,28.8,32.4,26.7,0.325,98.79166666666667,5.699999999999999,-1.0
2007-07-15,27.8,30.3,26.3,0.44583333333333336,99.45833333333333,4.0,-1.0
2007-07-16,28.2,30.8,26.5,0.33749999999999997,98.91666666666667,4.300000000000001,0.3999999999999986
2007-07-17,28.8,31.0,26.3,0.22083333333333333,98.625,4.699999999999999,0.6000000000000014
2007-07-18,28.4,30.5,27.1,0.9291666666666667,98.875,3.3999999999999986,-0.40000000000000213
2007-07-19,28.3,30.4,27.0,0.9458333333333333,99.79166666666667,3.3999999999999986,-0.09999999999999787
2007-07-20,27.5,30.7,26.2,1.8958333333333333,92.20833333333333,4.5,-0.8000000000000007
2007-07-21,27.7,29.1,26.4,0.4458333333333333,99.875,2.700000000000003,0.1999999999999993
2007-07-22,26.6,29.0,25.0,0.7125,99.54166666666667,4.0,-1.0999999999999979
2007-07-23,26.7,29.1,25.2,0.9125,99.83333333333333,3.900000000000002,0.09999999999999787
2007-07-24,27.0,30.6,25.3,0.275,98.95833333333333,5.300000000000001,0.3000000000000007
2007-07-25,27.0,29.4,25.6,0.30416666666666664,99.54166666666667,3.799999999999997,0.0
2007-07-26,26.9,30.2,25.5,0.6625,99.83333333333333,4.699999999999999,-0.10000000000000142
2007-07-27,27.1,29.3,25.3,0.7291666666666666,99.75,4.0,0.20000000000000284
2007-07-28,27.6,31.0,25.8,0.20833333333333334,92.45833333333333,5.199999999999999,0.5
2007-07-29,27.8,31.9,25.9,0.375,99.33333333333333,6.0,0.1999999999999993
2007-07-30,28.4,31.3,26.0,0.1125,98.5,5.300000000000001,0.5999999999999979
2007-07-31,28.8,32.5,26.2,0.09166666666666667,98.625,6.300000000000001,0.40000000000000213
2007-08-01,28.6,32.0,26.4,0.10833333333333334,99.95833333333333,5.600000000000001,-0.1999999999999993
2007-08-02,28.3,32.3,26.0,0.07083333333333335,74.75,6.299999999999997,-0.3000000000000007
2007-08-03,29.0,32.7,26.0,0.08750000000000001,64.79166666666667,6.700000000000003,0.6999999999999993
2007-08-04,29.0,32.3,26.4,0.075,64.33333333333333,5.899999999999999,0.0
2007-08-05,28.5,32.3,27.0,0.24583333333333335,85.58333333333333,5.299999999999997,-0.5
2007-08-06,27.3,30.1,25.5,0.7083333333333334,87.41666666666667,4.600000000000001,-1.1999999999999993
2007-08-07,27.6,29.5,25.7,0.32083333333333336,91.0,3.8000000000000007,0.3000000000000007
2007-08-08,28.6,32.8,25.7,0.16666666666666666,54.5,7.099999999999998,1.0
2007-08-09,29.6,32.8,26.2,0.0,58.583333333333336,6.599999999999998,1.0
2007-08-10,29.7,33.4,27.2,0.3833333333333333,94.41666666666667,6.199999999999999,0.09999999999999787
2007-08-11,28.8,32.8,26.3,1.0291666666666666,99.95833333333333,6.4999999999999964,-0.8999999999999986
2007-08-12,27.9,31.0,26.2,0.8624999999999999,99.16666666666667,4.800000000000001,-0.9000000000000021
2007-08-13,27.5,30.4,26.2,1.7874999999999999,99.29166666666667,4.199999999999999,-0.3999999999999986
2007-08-14,27.7,29.7,26.3,0.23333333333333336,99.75,3.3999999999999986,0.1999999999999993
2007-08-15,28.7,31.6,26.4,0.12916666666666668,99.25,5.200000000000003,1.0
2007-08-16,28.0,30.3,26.6,0.625,99.75,3.6999999999999993,-0.6999999999999993
2007-08-17,26.2,27.9,25.4,1.2125000000000001,99.875,2.5,-1.8000000000000007
2007-08-18,27.3,31.3,25.3,1.0250000000000001,96.70833333333333,6.0,1.1000000000000014
2007-08-19,27.0,29.3,24.5,0.24166666666666667,97.25,4.800000000000001,-0.3000000000000007
2007-08-20,27.0,31.0,24.4,0.10833333333333334,77.25,6.600000000000001,0.0
2007-08-21,28.4,31.7,25.3,0.008333333333333333,47.125,6.399999999999999,1.3999999999999986
2007-08-22,28.6,31.9,25.3,0.075,84.20833333333333,6.599999999999998,0.20000000000000284
2007-08-23,28.4,31.9,26.6,0.3333333333333333,89.58333333333333,5.299999999999997,-0.20000000000000284
2007-08-24,28.1,31.8,25.9,0.19999999999999998,95.20833333333333,5.900000000000002,-0.29999999999999716
2007-08-25,27.8,31.1,25.9,0.3625,98.29166666666667,5.200000000000003,-0.3000000000000007
2007-08-26,27.7,31.3,26.0,0.4458333333333333,99.45833333333333,5.300000000000001,-0.10000000000000142
2007-08-27,26.9,29.7,25.0,0.6625,98.91666666666667,4.699999999999999,-0.8000000000000007
2007-08-28,27.3,30.3,24.9,0.17083333333333336,98.45833333333333,5.400000000000002,0.40000000000000213
2007-08-29,27.9,31.1,25.5,0.15833333333333335,89.5,5.600000000000001,0.5999999999999979
2007-08-30,28.5,32.5,26.1,0.06666666666666667,90.625,6.399999999999999,0.6000000000000014
2007-08-31,27.9,32.1,25.6,0.3416666666666666,91.75,6.5,-0.6000000000000014
2007-09-01,28.4,32.1,25.9,0.15833333333333333,96.16666666666667,6.200000000000003,0.5
2007-09-02,28.5,32.1,26.0,0.08750000000000001,99.58333333333333,6.100000000000001,0.10000000000000142
2007-09-03,28.3,31.1,25.9,0.4375,98.375,5.200000000000003,-0.1999999999999993
2007-09-04,27.7,30.8,25.7,0.6916666666666668,99.375,5.100000000000001,-0.6000000000000014
2007-09-05,27.0,30.4,25.1,1.0958333333333334,99.5,5.299999999999997,-0.6999999999999993
2007-09-06,26.9,29.6,25.6,0.5375,98.125,4.0,-0.10000000000000142
2007-09-07,27.0,29.0,25.8,0.8541666666666666,99.91666666666667,3.1999999999999993,0.10000000000000142
2007-09-08,26.8,28.5,25.8,1.2874999999999999,90.16666666666667,2.6999999999999993,-0.1999999999999993
2007-09-09,26.9,29.4,25.7,0.5833333333333334,95.5,3.6999999999999993,0.09999999999999787
2007-09-10,27.9,32.3,25.4,0.3833333333333333,94.41666666666667,6.899999999999999,1.0
2007-09-11,28.1,31.3,25.4,0.05000000000000001,99.54166666666667,5.900000000000002,0.20000000000000284
2007-09-12,28.1,32.3,26.0,0.28750000000000003,98.66666666666667,6.299999999999997,0.0
2007-09-13,27.8,32.0,25.6,0.5666666666666667,98.54166666666667,6.399999999999999,-0.3000000000000007
2007-09-14,27.8,31.2,25.5,0.27499999999999997,80.20833333333333,5.699999999999999,0.0
2007-09-15,27.8,31.1,25.8,0.33749999999999997,92.25,5.300000000000001,0.0
2007-09-16,28.1,32.2,25.8,0.13749999999999998,84.45833333333333,6.400000000000002,0.3000000000000007
2007-09-17,28.2,31.7,25.7,0.1708333333333333,94.29166666666667,6.0,0.09999999999999787
2007-09-18,28.2,32.0,25.9,0.3083333333333333,88.41666666666667,6.100000000000001,0.0
2007-09-19,28.0,31.5,26.0,0.39999999999999997,95.79166666666667,5.5,-0.1999999999999993
2007-09-20,28.0,31.5,26.0,0.08333333333333333,81.95833333333333,5.5,0.0
2007-09-21,26.9,30.4,24.5,0.5791666666666667,96.95833333333333,5.899999999999999,-1.1000000000000014
2007-09-22,25.2,26.1,24.4,1.2,99.95833333333333,1.7000000000000028,-1.6999999999999993
2007-09-23,25.1,25.7,24.7,1.6458333333333333,100.0,1.0,-0.09999999999999787
2007-09-24,25.8,27.1,24.9,0.42083333333333334,100.0,2.200000000000003,0.6999999999999993
2007-09-25,26.0,28.6,24.5,0.7833333333333333,98.08333333333333,4.100000000000001,0.1999999999999993
2007-09-26,26.3,30.0,24.5,0.3541666666666667,88.66666666666667,5.5,0.3000000000000007
2007-09-27,26.3,29.5,24.6,0.5416666666666666,84.75,4.899999999999999,0.0
2007-09-28,26.8,30.8,24.5,0.34166666666666673,74.66666666666667,6.300000000000001,0.5
2007-09-29,27.5,31.7,24.8,0.05833333333333333,69.58333333333333,6.899999999999999,0.6999999999999993
2007-09-30,27.8,31.3,24.8,0.07083333333333335,73.25,6.5,0.3000000000000007
2007-10-01,27.9,31.2,25.0,0.016666666666666666,49.166666666666664,6.199999999999999,0.09999999999999787
2007-10-02,27.9,32.4,25.1,0.30416666666666664,83.625,7.299999999999997,0.0
2007-10-03,28.0,31.7,25.5,0.42083333333333334,69.75,6.199999999999999,0.10000000000000142
2007-10-04,28.7,32.5,25.8,0.05416666666666667,34.541666666666664,6.699999999999999,0.6999999999999993
2007-10-05,28.4,31.9,26.0,0.075,92.125,5.899999999999999,-0.3000000000000007
2007-10-06,28.1,32.4,25.9,0.3041666666666667,98.66666666666667,6.5,-0.29999999999999716
2007-10-07,27.8,32.0,24.7,0.6416666666666667,100.0,7.300000000000001,-0.3000000000000007
2007-10-08,25.3,27.3,24.4,1.5583333333333333,100.0,2.900000000000002,-2.5
2007-10-09,26.0,29.3,22.7,0.008333333333333333,61.333333333333336,6.600000000000001,0.6999999999999993
2007-10-10,27.2,31.3,22.3,0.0,68.20833333333333,9.0,1.1999999999999993
2007-10-11,27.4,31.8,22.7,0.0,47.666666666666664,9.100000000000001,0.1999999999999993
2007-10-12,26.9,31.6,22.1,0.0,21.291666666666668,9.5,-0.5
2007-10-13,27.4,30.9,22.8,0.008333333333333333,23.375,8.099999999999998,0.5
2007-10-14,26.3,30.6,24.3,0.3125,58.375,6.300000000000001,-1.0999999999999979
2007-10-15,25.1,27.2,24.2,0.22083333333333333,99.29166666666667,3.0,-1.1999999999999993
2007-10-16,26.0,29.0,23.6,0.06666666666666667,83.0,5.399999999999999,0.8999999999999986
2007-10-17,26.3,30.2,23.6,0.22083333333333333,85.95833333333333,6.599999999999998,0.3000000000000007
2007-10-18,25.0,28.5,23.0,0.8541666666666666,82.04166666666667,5.5,-1.3000000000000007
2007-10-19,26.3,29.8,23.1,0.004166666666666667,39.75,6.699999999999999,1.3000000000000007
2007-10-20,26.3,30.5,21.5,0.0,14.958333333333334,9.0,0.0
2007-10-21,26.0,30.9,21.3,0.0,4.166666666666667,9.599999999999998,-0.3000000000000007
2007-10-22,26.2,30.7,21.1,0.0,33.208333333333336,9.599999999999998,0.1999999999999993
2007-10-23,26.0,30.4,20.7,0.0,34.541666666666664,9.7,-0.1999999999999993
2007-10-24,25.1,29.9,20.1,0.0,21.625,9.799999999999997,-0.8999999999999986
2007-10-25,25.4,29.8,20.5,0.0,13.541666666666666,9.3,0.29999999999999716
2007-10-26,25.7,29.7,21.5,0.0,19.5,8.2,0.3000000000000007
2007-10-27,25.4,29.7,21.4,0.0,21.791666666666668,8.3,-0.3000000000000007
2007-10-28,25.6,29.4,21.7,0.0,55.375,7.699999999999999,0.20000000000000284
2007-10-29,25.4,29.4,20.1,0.0,24.708333333333332,9.299999999999997,-0.20000000000000284
2007-10-30,25.7,29.6,20.3,0.05833333333333334,49.458333333333336,9.3,0.3000000000000007
2007-10-31,25.7,29.3,23.0,0.15833333333333333,56.333333333333336,6.300000000000001,0.0
2007-11-01,24.6,27.3,23.1,0.1125,68.66666666666667,4.199999999999999,-1.0999999999999979
2007-11-02,24.3,26.2,22.2,0.15833333333333335,55.375,4.0,-0.3000000000000007
2007-11-03,25.2,28.9,21.5,0.004166666666666667,33.166666666666664,7.399999999999999,0.8999999999999986
2007-11-04,25.5,29.1,21.6,0.025000000000000005,37.875,7.5,0.3000000000000007
2007-11-05,25.3,28.7,22.2,0.0375,39.333333333333336,6.5,-0.1999999999999993
2007-11-06,25.6,28.6,22.0,0.020833333333333332,35.833333333333336,6.600000000000001,0.3000000000000007
2007-11-07,25.9,29.5,23.2,0.016666666666666666,32.708333333333336,6.300000000000001,0.29999999999999716
2007-11-08,25.6,29.2,22.7,0.020833333333333332,48.625,6.5,-0.29999999999999716
2007-11-09,25.3,29.0,21.8,0.012500000000000002,38.875,7.199999999999999,-0.3000000000000007
2007-11-10,24.7,29.3,20.8,0.016666666666666666,15.791666666666666,8.5,-0.6000000000000014
2007-11-11,24.3,29.5,18.9,0.0,2.4166666666666665,10.600000000000001,-0.3999999999999986
2007-11-12,23.3,29.2,18.4,0.0,14.375,10.8,-1.0
2007-11-13,22.9,28.5,18.1,0.0,13.5,10.399999999999999,-0.40000000000000213
2007-11-14,22.9,28.2,18.3,0.0,77.41666666666667,9.899999999999999,0.0
2007-11-15,20.5,22.5,19.5,2.066666666666667,100.0,3.0,-2.3999999999999986
2007-11-16,22.2,26.4,18.7,0.0,44.208333333333336,7.699999999999999,1.6999999999999993
2007-11-17,22.3,26.3,18.4,0.0,33.458333333333336,7.900000000000002,0.10000000000000142
2007-11-18,22.0,27.0,17.7,0.0,2.7083333333333335,9.3,-0.3000000000000007
2007-11-19,21.6,27.4,16.8,0.0,0.4166666666666667,10.599999999999998,-0.3999999999999986
2007-11-20,21.6,27.1,16.4,0.0,0.041666666666666664,10.700000000000003,0.0
2007-11-21,20.9,27.0,15.0,0.0,0.0,12.0,-0.7000000000000028
2007-11-22,20.9,26.8,14.8,0.0,3.375,12.0,0.0
2007-11-23,21.4,27.1,16.3,0.0,4.041666666666667,10.8,0.5
2007-11-24,21.8,27.7,16.1,0.0,0.25,11.599999999999998,0.40000000000000213
2007-11-25,22.2,27.7,16.3,0.0,0.625,11.399999999999999,0.3999999999999986
2007-11-26,22.2,27.6,16.4,0.0,4.125,11.200000000000003,0.0
2007-11-27,22.2,27.2,18.9,0.0,30.833333333333332,8.3,0.0
2007-11-28,22.5,26.5,19.7,0.0,48.25,6.800000000000001,0.3000000000000007
2007-11-29,21.7,26.1,16.8,0.0,52.5,9.3,-0.8000000000000007
2007-11-30,21.8,26.6,16.8,0.0,43.208333333333336,9.8,0.10000000000000142
2007-12-01,21.7,26.5,17.9,0.0,63.958333333333336,8.600000000000001,-0.10000000000000142
2007-12-02,22.4,26.8,18.4,0.0,83.33333333333333,8.400000000000002,0.6999999999999993
2007-12-03,21.7,25.7,17.4,0.004166666666666667,53.833333333333336,8.3,-0.6999999999999993
2007-12-04,21.0,26.5,16.3,0.0,20.416666666666668,10.2,-0.6999999999999993
2007-12-05,20.4,26.0,15.7,0.0,17.291666666666668,10.3,-0.6000000000000014
2007-12-06,20.2,26.4,15.1,0.0,39.458333333333336,11.299999999999999,-0.1999999999999993
2007-12-07,20.5,26.4,15.1,0.0,65.33333333333333,11.299999999999999,0.3000000000000007
2007-12-08,20.4,26.2,15.0,0.0,31.875,11.2,-0.10000000000000142
2007-12-09,19.7,26.0,14.3,0.0,11.916666666666666,11.7,-0.6999999999999993
2007-12-10,19.8,25.8,13.7,0.0,0.0,12.100000000000001,0.10000000000000142
2007-12-11,19.4,25.6,12.9,0.0,1.2916666666666667,12.700000000000001,-0.40000000000000213
2007-12-12,19.5,25.7,14.2,0.0,1.3333333333333333,11.5,0.10000000000000142
2007-12-13,20.5,27.2,13.7,0.0,1.375,13.5,1.0
2007-12-14,21.8,27.4,15.3,0.0,60.083333333333336,12.099999999999998,1.3000000000000007
2007-12-15,21.3,25.2,18.0,0.0,64.08333333333333,7.199999999999999,-0.5
2007-12-16,20.4,26.2,15.3,0.0,0.2916666666666667,10.899999999999999,-0.9000000000000021
2007-12-17,17.6,24.3,11.9,0.0,13.875,12.4,-2.799999999999997
2007-12-18,17.0,24.3,11.5,0.0,0.0,12.8,-0.6000000000000014
2007-12-19,17.3,25.0,11.1,0.0,0.08333333333333333,13.9,0.3000000000000007
2007-12-20,18.0,25.0,10.5,0.0,0.0,14.5,0.6999999999999993
2007-12-21,18.0,24.9,10.5,0.0,0.0,14.399999999999999,0.0
2007-12-22,18.4,26.8,10.9,0.0,0.0,15.9,0.3999999999999986
2007-12-23,18.1,24.6,12.0,0.0,0.0,12.600000000000001,-0.29999999999999716
2007-12-24,18.8,24.7,12.8,0.0,0.20833333333333334,11.899999999999999,0.6999999999999993
2007-12-25,19.6,25.5,13.5,0.0,0.041666666666666664,12.0,0.8000000000000007
2007-12-26,20.0,25.9,15.4,0.0,2.5,10.499999999999998,0.3999999999999986
2007-12-27,20.0,25.8,13.5,0.0,2.75,12.3,0.0
2007-12-28,18.7,25.8,12.4,0.0,17.291666666666668,13.4,-1.3000000000000007
2007-12-29,18.0,25.5,11.7,0.0,24.333333333333332,13.8,-0.6999999999999993
2007-12-30,17.6,24.7,11.5,0.0,41.291666666666664,13.2,-0.3999999999999986
2007-12-31,17.2,24.6,11.0,0.0,0.0,13.600000000000001,-0.40000000000000213
2008-01-01,16.7,24.0,9.9,0.0,0.20833333333333334,14.1,-0.5
2008-01-02,17.8,24.9,10.6,0.0,8.041666666666666,14.299999999999999,1.1000000000000014
2008-01-03,18.8,25.9,11.6,0.0,1.375,14.299999999999999,1.0
2008-01-04,19.3,26.7,12.3,0.0,0.041666666666666664,14.399999999999999,0.5
2008-01-05,18.9,26.5,12.0,0.0,0.0,14.5,-0.40000000000000213
2008-01-06,18.2,25.8,11.4,0.0,0.0,14.4,-0.6999999999999993
2008-01-07,18.9,26.5,11.5,0.0,0.0,15.0,0.6999999999999993
2008-01-08,19.4,27.2,12.5,0.0,0.0,14.7,0.5
2008-01-09,20.4,27.6,12.6,0.0,1.0833333333333333,15.000000000000002,1.0
2008-01-10,21.3,28.5,13.6,0.0,0.0,14.9,0.9000000000000021
2008-01-11,22.3,29.9,14.4,0.0,0.0,15.499999999999998,1.0
2008-01-12,21.9,28.5,14.7,0.0,1.125,13.8,-0.40000000000000213
2008-01-13,19.7,26.3,12.3,0.0,1.1666666666666667,14.0,-2.1999999999999993
2008-01-14,19.4,25.7,11.4,0.0,0.0,14.299999999999999,-0.3000000000000007
2008-01-15,18.8,25.4,11.0,0.0,4.5,14.399999999999999,-0.5999999999999979
2008-01-16,18.9,26.2,11.6,0.0,0.0,14.6,0.09999999999999787
2008-01-17,20.1,26.4,12.0,0.0,0.0,14.399999999999999,1.2000000000000028
2008-01-18,21.0,27.5,15.6,0.0,1.5416666666666667,11.9,0.8999999999999986
2008-01-19,22.2,29.0,16.2,0.0,0.20833333333333334,12.8,1.1999999999999993
2008-01-20,23.1,29.8,18.6,0.0,31.75,11.2,0.9000000000000021
2008-01-21,21.4,26.8,15.9,0.0,43.166666666666664,10.9,-1.7000000000000028
2008-01-22,20.5,26.5,15.2,0.0,5.75,11.3,-0.8999999999999986
2008-01-23,20.2,26.3,14.9,0.0,62.333333333333336,11.4,-0.3000000000000007
2008-01-24,18.5,22.6,14.7,0.6625,64.29166666666667,7.900000000000002,-1.6999999999999993
2008-01-25,18.5,21.8,16.4,0.6458333333333334,79.20833333333333,5.400000000000002,0.0
2008-01-26,16.1,17.7,13.9,1.3375000000000001,85.625,3.799999999999999,-2.3999999999999986
2008-01-27,16.0,20.8,10.9,0.0,76.125,9.9,-0.10000000000000142
2008-01-28,16.6,22.0,10.5,0.0,23.791666666666668,11.5,0.6000000000000014
2008-01-29,17.7,23.2,11.8,0.0,1.0833333333333333,11.399999999999999,1.0999999999999979
2008-01-30,18.4,23.6,14.0,0.8208333333333333,76.91666666666667,9.600000000000001,0.6999999999999993
2008-01-31,16.9,21.3,13.5,0.0,44.791666666666664,7.800000000000001,-1.5
2008-02-01,16.5,21.9,10.7,0.0,23.666666666666668,11.2,-0.3999999999999986
2008-02-02,15.7,21.1,9.7,0.0,1.125,11.400000000000002,-0.8000000000000007
2008-02-03,16.7,22.2,9.6,0.0,1.6666666666666667,12.6,1.0
2008-02-04,18.9,23.3,11.6,0.0,55.041666666666664,11.700000000000001,2.1999999999999993
2008-02-05,20.9,24.6,17.2,0.0,79.33333333333333,7.400000000000002,2.0
2008-02-06,22.1,26.5,18.2,0.0,36.708333333333336,8.3,1.2000000000000028
2008-02-07,22.4,27.1,18.2,0.0,41.583333333333336,8.900000000000002,0.29999999999999716
2008-02-08,22.3,27.3,18.7,0.0,70.5,8.600000000000001,-0.09999999999999787
2008-02-09,21.1,24.2,19.3,0.425,93.29166666666667,4.899999999999999,-1.1999999999999993
2008-02-10,19.3,23.9,13.7,0.0,7.666666666666667,10.2,-1.8000000000000007
2008-02-11,17.9,23.9,11.9,0.0,0.16666666666666666,11.999999999999998,-1.4000000000000021
2008-02-12,17.3,23.6,11.4,0.0,8.291666666666666,12.200000000000001,-0.5999999999999979
2008-02-13,17.3,23.0,10.6,0.0,0.0,12.4,0.0
2008-02-14,16.7,22.9,9.4,0.0,0.0,13.499999999999998,-0.6000000000000014
2008-02-15,17.2,23.7,9.3,0.0,0.0,14.399999999999999,0.5
2008-02-16,18.8,25.4,11.1,0.0,8.125,14.299999999999999,1.6000000000000014
2008-02-17,19.8,26.7,12.6,0.0,31.208333333333332,14.1,1.0
2008-02-18,21.9,27.9,17.4,0.0,31.416666666666668,10.5,2.099999999999998
2008-02-19,22.5,27.7,17.6,0.9541666666666666,56.916666666666664,10.099999999999998,0.6000000000000014
2008-02-20,18.0,22.0,15.4,0.45,84.16666666666667,6.6,-4.5
2008-02-21,19.1,24.2,15.4,0.0,31.583333333333332,8.799999999999999,1.1000000000000014
2008-02-22,21.1,25.9,15.0,0.0,8.375,10.899999999999999,2.0
2008-02-23,21.1,27.1,15.5,0.0,2.125,11.600000000000001,0.0
2008-02-24,22.2,28.4,15.9,0.0,1.7916666666666667,12.499999999999998,1.0999999999999979
2008-02-25,23.1,29.0,18.4,0.0,22.666666666666668,10.600000000000001,0.9000000000000021
2008-02-26,22.9,27.7,17.4,0.0,19.583333333333332,10.3,-0.20000000000000284
2008-02-27,21.7,27.9,15.4,0.0,0.0,12.499999999999998,-1.1999999999999993
2008-02-28,21.7,27.7,14.8,0.0,1.8333333333333333,12.899999999999999,0.0
2008-02-29,21.6,28.1,14.0,0.0,10.75,14.100000000000001,-0.09999999999999787
2008-03-01,23.3,28.0,17.2,0.020833333333333332,26.291666666666668,10.8,1.6999999999999993
2008-03-02,24.1,29.2,20.0,0.0,33.291666666666664,9.2,0.8000000000000007
2008-03-03,24.4,29.7,20.5,0.0,30.958333333333332,9.2,0.29999999999999716
2008-03-04,24.8,29.5,21.5,0.0,25.166666666666668,8.0,0.40000000000000213
2008-03-05,25.2,30.8,20.5,0.0,19.208333333333332,10.3,0.3999999999999986
2008-03-06,24.7,29.3,21.0,0.004166666666666667,35.041666666666664,8.3,-0.5
2008-03-07,24.9,30.5,19.7,0.0,23.958333333333332,10.8,0.1999999999999993
2008-03-08,25.3,31.1,20.2,0.0,19.25,10.900000000000002,0.40000000000000213
2008-03-09,26.2,31.7,21.7,0.0,45.0,10.0,0.8999999999999986
2008-03-10,26.4,32.0,21.8,0.0,78.08333333333333,10.2,0.1999999999999993
2008-03-11,26.4,32.4,20.7,0.0,92.91666666666667,11.7,0.0
2008-03-12,26.1,32.7,20.5,0.0,76.33333333333333,12.200000000000003,-0.29999999999999716
2008-03-13,27.1,33.4,20.3,0.0,48.25,13.099999999999998,1.0
2008-03-14,26.9,31.8,22.1,0.0,89.79166666666667,9.7,-0.20000000000000284
2008-03-15,27.7,33.9,22.1,0.04583333333333334,16.083333333333332,11.799999999999997,0.8000000000000007
2008-03-16,27.7,33.6,21.9,0.0,23.791666666666668,11.700000000000003,0.0
2008-03-17,27.5,34.4,21.5,0.0,7.833333333333333,12.899999999999999,-0.1999999999999993
2008-03-18,28.5,35.8,22.7,0.0,7.666666666666667,13.099999999999998,1.0
2008-03-19,28.7,34.9,24.0,0.0,18.875,10.899999999999999,0.1999999999999993
2008-03-20,27.8,34.8,24.9,0.3541666666666667,47.25,9.899999999999999,-0.8999999999999986
2008-03-21,28.0,32.4,24.4,0.0,31.166666666666668,8.0,0.1999999999999993
2008-03-22,28.7,34.5,24.1,0.012500000000000002,27.708333333333332,10.399999999999999,0.6999999999999993
2008-03-23,26.7,30.9,24.5,0.0,97.5,6.399999999999999,-2.0
2008-03-24,25.3,28.9,21.9,0.004166666666666667,86.04166666666667,7.0,-1.3999999999999986
2008-03-25,27.4,33.0,21.6,0.0,41.875,11.399999999999999,2.099999999999998
2008-03-26,28.3,33.7,23.4,0.0,34.166666666666664,10.300000000000004,0.9000000000000021
2008-03-27,28.9,34.3,24.4,0.016666666666666666,45.791666666666664,9.899999999999999,0.5999999999999979
2008-03-28,29.4,36.5,24.1,0.0,36.708333333333336,12.399999999999999,0.5
2008-03-29,29.0,36.2,24.6,0.05416666666666667,31.041666666666668,11.600000000000001,-0.3999999999999986
2008-03-30,28.6,33.7,24.6,0.012500000000000002,19.708333333333332,9.100000000000001,-0.3999999999999986
2008-03-31,29.0,35.7,24.6,0.024999999999999998,73.375,11.100000000000001,0.3999999999999986
2008-04-01,28.5,34.4,23.7,0.0,16.583333333333332,10.7,-0.5
2008-04-02,28.2,34.1,23.6,0.0375,11.875,10.5,-0.3000000000000007
2008-04-03,28.2,34.3,22.3,0.7416666666666667,49.916666666666664,11.999999999999996,0.0
2008-04-04,25.5,30.4,22.4,0.09166666666666667,56.208333333333336,8.0,-2.6999999999999993
2008-04-05,25.6,29.6,21.5,0.19999999999999998,65.33333333333333,8.100000000000001,0.10000000000000142
2008-04-06,26.2,30.9,21.3,0.004166666666666667,14.708333333333334,9.599999999999998,0.5999999999999979
2008-04-07,26.8,31.9,21.1,0.0,6.958333333333333,10.799999999999997,0.6000000000000014
2008-04-08,27.6,33.3,21.3,0.0,55.166666666666664,11.999999999999996,0.8000000000000007
2008-04-09,28.0,34.1,21.9,0.0,77.16666666666667,12.200000000000003,0.3999999999999986
2008-04-10,29.0,35.7,21.4,0.0,84.625,14.300000000000004,1.0
2008-04-11,29.9,37.2,23.2,0.0,3.5416666666666665,14.000000000000004,0.8999999999999986
2008-04-12,30.4,37.4,24.5,0.0,3.4583333333333335,12.899999999999999,0.5
2008-04-13,30.7,37.6,25.4,0.0,14.166666666666666,12.200000000000003,0.3000000000000007
2008-04-14,29.9,35.7,25.2,0.016666666666666666,19.583333333333332,10.500000000000004,-0.8000000000000007
2008-04-15,29.8,35.4,25.8,0.3958333333333333,36.166666666666664,9.599999999999998,-0.09999999999999787
2008-04-16,30.1,34.5,26.6,0.0,60.291666666666664,7.899999999999999,0.3000000000000007
2008-04-17,30.4,35.7,27.0,0.0,35.625,8.700000000000003,0.29999999999999716
2008-04-18,31.1,36.1,26.7,0.0,31.625,9.400000000000002,0.7000000000000028
2008-04-19,31.5,37.3,26.4,0.0,22.333333333333332,10.899999999999999,0.3999999999999986
2008-04-20,31.1,38.2,25.1,0.0,9.458333333333334,13.100000000000001,-0.3999999999999986
2008-04-21,31.4,38.7,25.0,0.0,9.208333333333334,13.700000000000003,0.29999999999999716
2008-04-22,31.6,38.8,25.7,0.0,9.708333333333334,13.099999999999998,0.20000000000000284
2008-04-23,30.8,38.0,25.6,0.0,11.458333333333334,12.399999999999999,-0.8000000000000007
2008-04-24,30.4,37.1,25.7,0.0,10.541666666666666,11.400000000000002,-0.40000000000000213
2008-04-25,30.2,36.3,25.7,0.0,3.5,10.599999999999998,-0.1999999999999993
2008-04-26,30.5,36.3,25.9,0.0,7.583333333333333,10.399999999999999,0.3000000000000007
2008-04-27,30.4,36.3,26.6,0.0,14.583333333333334,9.699999999999996,-0.10000000000000142
2008-04-28,30.3,34.9,26.8,0.0,61.541666666666664,8.099999999999998,-0.09999999999999787
2008-04-29,30.3,35.8,26.3,0.0,36.583333333333336,9.499999999999996,0.0
2008-04-30,30.3,36.2,26.2,0.0,37.125,10.000000000000004,0.0
2008-05-01,31.0,36.4,26.3,0.0,59.083333333333336,10.099999999999998,0.6999999999999993
2008-05-02,31.3,36.7,27.4,0.0,23.25,9.300000000000004,0.3000000000000007
2008-05-03,31.7,37.1,27.5,0.0,38.583333333333336,9.600000000000001,0.3999999999999986
2008-05-04,31.5,37.2,27.3,0.0,29.0,9.900000000000002,-0.1999999999999993
2008-05-05,31.3,36.7,27.2,0.0375,45.958333333333336,9.500000000000004,-0.1999999999999993
2008-05-06,30.5,34.1,27.1,0.07916666666666666,34.041666666666664,7.0,-0.8000000000000007
2008-05-07,30.0,34.0,26.8,0.09999999999999999,27.208333333333332,7.199999999999999,-0.5
2008-05-08,30.6,34.9,27.1,0.0,21.416666666666668,7.799999999999997,0.6000000000000014
2008-05-09,31.2,36.2,27.3,0.020833333333333332,20.875,8.900000000000002,0.5999999999999979
2008-05-10,31.6,37.4,27.1,0.008333333333333333,16.416666666666668,10.299999999999997,0.40000000000000213
2008-05-11,31.4,36.5,27.2,0.012500000000000002,21.5,9.3,-0.20000000000000284
2008-05-12,31.0,34.9,26.9,0.020833333333333332,25.666666666666668,8.0,-0.3999999999999986
2008-05-13,30.8,36.1,26.9,0.1625,45.5,9.200000000000003,-0.1999999999999993
2008-05-14,30.8,35.9,27.1,0.09583333333333333,26.5,8.799999999999997,0.0
2008-05-15,31.2,35.7,27.2,0.04583333333333334,36.458333333333336,8.500000000000004,0.3999999999999986
2008-05-16,31.3,35.4,27.7,0.025000000000000005,53.041666666666664,7.699999999999999,0.10000000000000142
2008-05-17,31.5,38.3,28.0,0.35833333333333334,33.625,10.299999999999997,0.1999999999999993
2008-05-18,32.0,37.5,28.2,0.0,37.166666666666664,9.3,0.5
2008-05-19,31.4,37.0,27.6,0.0,34.75,9.399999999999999,-0.6000000000000014
2008-05-20,30.8,36.2,27.7,0.17499999999999996,40.25,8.500000000000004,-0.5999999999999979
2008-05-21,30.9,35.3,28.1,0.0,21.375,7.199999999999996,0.09999999999999787
2008-05-22,31.1,36.5,27.3,0.08749999999999998,27.125,9.2,0.20000000000000284
2008-05-23,30.5,35.1,27.6,0.28750000000000003,26.333333333333332,7.5,-0.6000000000000014
2008-05-24,30.4,34.1,27.4,0.11666666666666668,54.75,6.700000000000003,-0.10000000000000142
2008-05-25,28.5,32.9,25.7,0.85,97.70833333333333,7.199999999999999,-1.8999999999999986
2008-05-26,27.8,31.8,25.6,0.5833333333333334,96.29166666666667,6.199999999999999,-0.6999999999999993
2008-05-27,29.7,33.5,26.5,0.0375,79.33333333333333,7.0,1.8999999999999986
2008-05-28,31.4,37.0,27.2,0.0,20.041666666666668,9.8,1.6999999999999993
2008-05-29,31.6,35.8,27.7,0.0,6.666666666666667,8.099999999999998,0.20000000000000284
2008-05-30,31.6,35.9,28.5,0.0,19.958333333333332,7.399999999999999,0.0
2008-05-31,30.8,35.5,28.1,0.0,67.04166666666667,7.399999999999999,-0.8000000000000007
2008-06-01,30.9,34.9,28.2,0.0,16.083333333333332,6.699999999999999,0.09999999999999787
2008-06-02,31.1,35.6,28.1,0.0,70.0,7.5,0.20000000000000284
2008-06-03,28.8,32.0,27.5,0.7958333333333333,98.08333333333333,4.5,-2.3000000000000007
2008-06-04,28.5,31.9,26.6,0.9083333333333333,86.83333333333333,5.299999999999997,-0.3000000000000007
2008-06-05,28.1,30.2,26.2,0.7625000000000001,99.08333333333333,4.0,-0.3999999999999986
2008-06-06,28.0,31.3,25.2,0.5,96.16666666666667,6.100000000000001,-0.10000000000000142
2008-06-07,26.8,28.8,25.2,0.7583333333333333,98.625,3.6000000000000014,-1.1999999999999993
2008-06-08,27.0,30.7,24.8,0.5625,92.375,5.899999999999999,0.1999999999999993
2008-06-09,27.0,29.6,25.1,0.3083333333333333,96.08333333333333,4.5,0.0
2008-06-10,27.1,30.4,25.4,0.3458333333333334,98.79166666666667,5.0,0.10000000000000142
2008-06-11,28.3,31.0,25.9,0.20833333333333334,99.20833333333333,5.100000000000001,1.1999999999999993
2008-06-12,28.5,32.0,25.9,0.2125,85.16666666666667,6.100000000000001,0.1999999999999993
2008-06-13,28.9,31.9,25.9,0.41250000000000003,93.45833333333333,6.0,0.3999999999999986
2008-06-14,28.2,31.2,25.9,0.4041666666666666,99.16666666666667,5.300000000000001,-0.6999999999999993
2008-06-15,28.6,33.2,25.9,0.9625,98.33333333333333,7.300000000000004,0.40000000000000213
2008-06-16,27.0,28.8,25.5,2.2416666666666667,99.41666666666667,3.3000000000000007,-1.6000000000000014
2008-06-17,25.1,26.3,23.4,2.1458333333333335,100.0,2.900000000000002,-1.8999999999999986
2008-06-18,27.0,30.3,24.9,0.35000000000000003,99.54166666666667,5.400000000000002,1.8999999999999986
2008-06-19,26.1,27.2,24.3,0.6749999999999999,99.95833333333333,2.8999999999999986,-0.8999999999999986
2008-06-20,27.9,30.6,25.4,0.14583333333333334,93.04166666666667,5.200000000000003,1.7999999999999972
2008-06-21,28.4,32.3,26.0,0.32083333333333336,87.0,6.299999999999997,0.5
2008-06-22,28.7,31.7,26.3,0.03333333333333333,83.75,5.399999999999999,0.3000000000000007
2008-06-23,27.9,30.1,25.7,0.2916666666666667,84.16666666666667,4.400000000000002,-0.8000000000000007
2008-06-24,27.7,30.7,25.8,0.125,59.541666666666664,4.899999999999999,-0.1999999999999993
2008-06-25,28.6,31.3,25.9,0.0375,71.41666666666667,5.400000000000002,0.9000000000000021
2008-06-26,28.4,30.8,26.2,0.20833333333333334,99.41666666666667,4.600000000000001,-0.20000000000000284
2008-06-27,27.9,30.9,26.0,0.5041666666666667,97.5,4.899999999999999,-0.5
2008-06-28,27.1,29.9,25.4,1.0791666666666666,99.79166666666667,4.5,-0.7999999999999972
2008-06-29,28.0,30.0,25.6,0.125,97.79166666666667,4.399999999999999,0.8999999999999986
2008-06-30,27.9,31.3,26.6,0.40416666666666673,99.83333333333333,4.699999999999999,-0.10000000000000142
2008-07-01,27.9,30.9,26.7,0.6749999999999999,99.08333333333333,4.199999999999999,0.0
2008-07-02,28.3,30.7,26.9,0.19166666666666668,99.875,3.8000000000000007,0.40000000000000213
2008-07-03,28.4,31.7,26.8,0.2541666666666667,99.66666666666667,4.899999999999999,0.09999999999999787
2008-07-04,28.3,31.2,26.7,0.65,99.5,4.5,-0.09999999999999787
2008-07-05,27.5,29.7,25.5,0.8791666666666665,99.5,4.199999999999999,-0.8000000000000007
2008-07-06,26.6,29.9,25.1,1.1500000000000001,97.45833333333333,4.799999999999997,-0.8999999999999986
2008-07-07,26.9,29.5,24.9,0.6041666666666666,99.70833333333333,4.600000000000001,0.29999999999999716
2008-07-08,26.5,29.1,24.9,0.5875,99.375,4.200000000000003,-0.3999999999999986
2008-07-09,26.8,28.7,25.1,0.9375,98.16666666666667,3.599999999999998,0.3000000000000007
2008-07-10,27.3,31.1,25.1,0.425,98.91666666666667,6.0,0.5
2008-07-11,27.2,30.0,25.4,0.48333333333333334,98.83333333333333,4.600000000000001,-0.10000000000000142
2008-07-12,27.4,30.7,25.7,1.325,97.41666666666667,5.0,0.1999999999999993
2008-07-13,27.8,31.6,25.6,1.2375,99.625,6.0,0.40000000000000213
2008-07-14,27.4,29.7,25.8,1.2874999999999999,98.45833333333333,3.8999999999999986,-0.40000000000000213
2008-07-15,27.3,29.9,26.2,0.8666666666666667,96.0,3.6999999999999993,-0.09999999999999787
2008-07-16,27.6,30.7,25.7,0.4875,93.04166666666667,5.0,0.3000000000000007
2008-07-17,27.4,31.6,25.6,0.875,98.70833333333333,6.0,-0.20000000000000284
2008-07-18,27.7,30.8,25.3,1.0583333333333333,99.91666666666667,5.5,0.3000000000000007
2008-07-19,27.5,30.7,25.2,0.6958333333333333,99.54166666666667,5.5,-0.1999999999999993
2008-07-20,28.3,31.6,26.4,0.1125,99.70833333333333,5.200000000000003,0.8000000000000007
2008-07-21,28.3,31.0,26.1,0.25,97.29166666666667,4.899999999999999,0.0
2008-07-22,28.1,30.7,26.0,0.2833333333333333,98.45833333333333,4.699999999999999,-0.1999999999999993
2008-07-23,28.3,31.2,26.6,0.5791666666666666,99.29166666666667,4.599999999999998,0.1999999999999993
2008-07-24,28.2,31.1,26.4,0.33749999999999997,99.33333333333333,4.700000000000003,-0.10000000000000142
2008-07-25,28.1,31.5,26.2,0.4916666666666667,99.625,5.300000000000001,-0.09999999999999787
2008-07-26,27.7,30.5,25.7,0.25,98.70833333333333,4.800000000000001,-0.40000000000000213
2008-07-27,27.8,31.3,25.7,0.4291666666666667,94.5,5.600000000000001,0.10000000000000142
2008-07-28,27.9,31.3,25.7,0.3333333333333333,89.41666666666667,5.600000000000001,0.09999999999999787
2008-07-29,27.7,31.0,25.7,0.09583333333333333,77.25,5.300000000000001,-0.1999999999999993
2008-07-30,27.6,30.6,25.6,0.13333333333333333,70.375,5.0,-0.09999999999999787
2008-07-31,28.0,31.4,25.5,0.3,66.04166666666667,5.899999999999999,0.3999999999999986
2008-08-01,27.9,30.3,25.9,0.1125,92.66666666666667,4.400000000000002,-0.10000000000000142
2008-08-02,28.2,31.2,26.1,0.2833333333333333,88.91666666666667,5.099999999999998,0.3000000000000007
2008-08-03,27.8,31.0,26.1,0.19999999999999998,98.91666666666667,4.899999999999999,-0.3999999999999986
2008-08-04,27.8,31.5,25.8,0.3541666666666667,99.45833333333333,5.699999999999999,0.0
2008-08-05,27.5,30.4,25.6,0.2875,99.79166666666667,4.799999999999997,-0.3000000000000007
2008-08-06,27.9,30.4,25.8,0.2833333333333333,95.375,4.599999999999998,0.3999999999999986
2008-08-07,27.6,30.6,25.4,0.45,97.83333333333333,5.200000000000003,-0.29999999999999716
2008-08-08,28.7,32.6,25.8,0.3333333333333333,89.41666666666667,6.800000000000001,1.0999999999999979
2008-08-09,28.1,30.5,26.3,0.20833333333333334,98.375,4.199999999999999,-0.5999999999999979
2008-08-10,27.4,29.6,26.1,0.5333333333333333,99.20833333333333,3.5,-0.7000000000000028
2008-08-11,27.7,30.6,25.4,0.8916666666666667,99.91666666666667,5.200000000000003,0.3000000000000007
2008-08-12,27.4,30.1,25.1,0.9583333333333334,99.75,5.0,-0.3000000000000007
2008-08-13,27.2,30.6,25.5,0.8916666666666666,99.875,5.100000000000001,-0.1999999999999993
2008-08-14,26.8,29.6,25.4,1.0291666666666666,99.04166666666667,4.200000000000003,-0.3999999999999986
2008-08-15,27.4,30.6,25.5,0.44166666666666665,96.16666666666667,5.100000000000001,0.5999999999999979
2008-08-16,27.2,30.3,25.7,0.5666666666666667,95.875,4.600000000000001,-0.1999999999999993
2008-08-17,27.7,30.1,26.1,0.4875,99.5,4.0,0.5
2008-08-18,27.9,30.7,26.3,0.7958333333333333,99.91666666666667,4.399999999999999,0.1999999999999993
2008-08-19,26.6,29.2,24.7,1.2958333333333334,99.70833333333333,4.5,-1.2999999999999972
2008-08-20,25.9,28.3,24.8,0.5541666666666667,92.08333333333333,3.5,-0.7000000000000028
2008-08-21,27.6,30.7,25.0,0.05416666666666667,64.41666666666667,5.699999999999999,1.7000000000000028
2008-08-22,27.7,30.8,25.4,0.2125,50.5,5.400000000000002,0.09999999999999787
2008-08-23,27.9,31.6,25.3,0.1875,73.16666666666667,6.300000000000001,0.1999999999999993
2008-08-24,28.2,31.3,25.7,0.0625,90.375,5.600000000000001,0.3000000000000007
2008-08-25,28.3,31.7,26.0,0.016666666666666666,96.08333333333333,5.699999999999999,0.10000000000000142
2008-08-26,28.3,31.3,26.0,0.08333333333333333,95.08333333333333,5.300000000000001,0.0
2008-08-27,28.7,31.8,26.6,0.12916666666666668,97.70833333333333,5.199999999999999,0.3999999999999986
2008-08-28,28.5,32.0,25.9,0.7916666666666666,99.95833333333333,6.100000000000001,-0.1999999999999993
2008-08-29,27.2,30.0,25.7,0.9166666666666666,99.95833333333333,4.300000000000001,-1.3000000000000007
2008-08-30,28.2,31.7,26.4,0.12083333333333333,84.0,5.300000000000001,1.0
2008-08-31,28.7,32.3,26.2,0.19583333333333333,50.708333333333336,6.099999999999998,0.5
2008-09-01,28.2,32.2,26.4,0.31666666666666665,84.625,5.800000000000004,-0.5
2008-09-02,28.4,31.6,26.4,0.25833333333333336,96.08333333333333,5.200000000000003,0.1999999999999993
2008-09-03,27.7,30.6,26.1,0.6666666666666666,96.79166666666667,4.5,-0.6999999999999993
2008-09-04,27.3,30.1,25.8,0.3,81.75,4.300000000000001,-0.3999999999999986
2008-09-05,27.4,29.9,25.1,0.4875,90.95833333333333,4.799999999999997,0.09999999999999787
2008-09-06,28.2,32.0,24.9,0.27499999999999997,60.125,7.100000000000001,0.8000000000000007
2008-09-07,28.4,32.1,25.7,0.1125,94.125,6.400000000000002,0.1999999999999993
2008-09-08,27.8,32.0,25.6,0.14583333333333334,98.45833333333333,6.399999999999999,-0.5999999999999979
2008-09-09,27.0,30.5,25.1,0.6125,94.95833333333333,5.399999999999999,-0.8000000000000007
2008-09-10,27.8,31.1,25.4,0.09999999999999999,77.125,5.700000000000003,0.8000000000000007
2008-09-11,28.0,31.6,25.7,0.10416666666666667,83.41666666666667,5.900000000000002,0.1999999999999993
2008-09-12,28.1,31.6,25.3,0.1958333333333333,77.95833333333333,6.300000000000001,0.10000000000000142
2008-09-13,28.2,32.2,25.0,0.03333333333333333,76.70833333333333,7.200000000000003,0.09999999999999787
2008-09-14,28.1,32.0,25.5,0.45416666666666666,98.0,6.5,-0.09999999999999787
2008-09-15,27.4,30.4,25.6,0.7708333333333334,97.04166666666667,4.799999999999997,-0.7000000000000028
2008-09-16,26.3,28.1,25.3,0.48333333333333334,98.375,2.8000000000000007,-1.0999999999999979
2008-09-17,26.3,27.4,25.3,0.5458333333333333,96.41666666666667,2.099999999999998,0.0
2008-09-18,26.7,29.4,25.3,0.3958333333333333,88.66666666666667,4.099999999999998,0.3999999999999986
2008-09-19,26.6,29.9,24.9,0.42500000000000004,89.25,5.0,-0.09999999999999787
2008-09-20,27.4,31.5,24.8,0.30833333333333335,63.958333333333336,6.699999999999999,0.7999999999999972
2008-09-21,27.3,31.2,24.7,0.2625,98.20833333333333,6.5,-0.09999999999999787
2008-09-22,26.7,29.6,25.1,0.6833333333333332,98.0,4.5,-0.6000000000000014
2008-09-23,26.2,29.4,24.9,0.65,86.45833333333333,4.5,-0.5
2008-09-24,27.0,30.8,24.7,0.28750000000000003,75.0,6.100000000000001,0.8000000000000007
2008-09-25,26.9,30.1,24.7,0.24166666666666667,91.5,5.400000000000002,-0.10000000000000142
2008-09-26,26.7,28.6,24.8,0.3333333333333333,100.0,3.8000000000000007,-0.1999999999999993
2008-09-27,26.3,29.0,25.3,0.30833333333333335,98.04166666666667,3.6999999999999993,-0.3999999999999986
2008-09-28,26.9,29.2,25.1,0.0,94.08333333333333,4.099999999999998,0.5999999999999979
2008-09-29,27.3,31.2,24.6,0.12916666666666665,27.583333333333332,6.599999999999998,0.40000000000000213
2008-09-30,27.8,31.0,24.7,0.012500000000000002,21.333333333333332,6.300000000000001,0.5
2008-10-01,28.7,32.4,25.2,0.004166666666666667,44.958333333333336,7.199999999999999,0.8999999999999986
2008-10-02,27.7,31.1,25.4,0.012500000000000002,92.91666666666667,5.700000000000003,-1.0
2008-10-03,26.9,29.9,25.1,0.125,83.58333333333333,4.799999999999997,-0.8000000000000007
2008-10-04,27.3,31.1,25.1,0.3416666666666666,59.75,6.0,0.40000000000000213
2008-10-05,27.6,31.9,24.8,0.2625,62.958333333333336,7.099999999999998,0.3000000000000007
2008-10-06,26.8,30.2,24.5,0.22083333333333333,97.20833333333333,5.699999999999999,-0.8000000000000007
2008-10-07,26.8,31.0,24.4,0.35833333333333334,76.91666666666667,6.600000000000001,0.0
2008-10-08,27.3,31.2,24.2,0.024999999999999998,24.125,7.0,0.5
2008-10-09,28.1,31.5,24.1,0.0,29.541666666666668,7.399999999999999,0.8000000000000007
2008-10-10,27.8,31.5,24.0,0.008333333333333333,14.583333333333334,7.5,-0.3000000000000007
2008-10-11,27.7,31.8,23.2,0.0,3.2916666666666665,8.600000000000001,-0.10000000000000142
2008-10-12,27.3,31.6,22.2,0.0,2.75,9.400000000000002,-0.3999999999999986
2008-10-13,27.5,31.9,22.2,0.0,1.875,9.7,0.1999999999999993
2008-10-14,27.4,31.9,22.1,0.0,0.7916666666666666,9.799999999999997,-0.10000000000000142
2008-10-15,27.3,31.9,21.9,0.0,3.625,10.0,-0.09999999999999787
2008-10-16,27.2,32.2,22.8,0.0,1.5833333333333333,9.400000000000002,-0.10000000000000142
2008-10-17,26.7,31.6,22.7,0.0,0.9166666666666666,8.900000000000002,-0.5
2008-10-18,27.0,31.4,22.5,0.0,3.6666666666666665,8.899999999999999,0.3000000000000007
2008-10-19,27.4,32.0,23.1,0.0,2.7916666666666665,8.899999999999999,0.3999999999999986
2008-10-20,26.6,31.5,21.5,0.0,2.875,10.0,-0.7999999999999972
2008-10-21,26.4,31.6,21.4,0.0,15.916666666666666,10.200000000000003,-0.20000000000000284
2008-10-22,26.3,31.6,21.4,0.0,21.125,10.200000000000003,-0.09999999999999787
2008-10-23,27.1,30.6,21.5,0.004166666666666667,79.66666666666667,9.100000000000001,0.8000000000000007
2008-10-24,24.7,26.9,23.4,0.43333333333333335,99.95833333333333,3.5,-2.400000000000002
2008-10-25,23.3,25.3,21.5,1.0166666666666666,99.875,3.8000000000000007,-1.3999999999999986
2008-10-26,20.8,21.9,19.7,3.5124999999999997,100.0,2.1999999999999993,-2.5
2008-10-27,20.5,23.9,17.3,0.24166666666666667,40.583333333333336,6.599999999999998,-0.3000000000000007
2008-10-28,23.1,27.6,17.4,0.0,22.125,10.200000000000003,2.6000000000000014
2008-10-29,24.2,28.0,20.4,0.0,26.208333333333332,7.600000000000001,1.0999999999999979
2008-10-30,24.5,28.8,19.7,0.0,17.666666666666668,9.100000000000001,0.3000000000000007
2008-10-31,24.5,28.9,19.2,0.0,11.5,9.7,0.0
2008-11-01,24.6,29.2,20.1,0.0,15.75,9.099999999999998,0.10000000000000142
2008-11-02,25.3,29.4,19.3,0.0,15.291666666666666,10.099999999999998,0.6999999999999993
2008-11-03,25.3,29.2,21.3,0.0,36.166666666666664,7.899999999999999,0.0
2008-11-04,24.2,29.0,20.6,0.0,11.208333333333334,8.399999999999999,-1.1000000000000014
2008-11-05,24.3,29.2,19.7,0.0,9.791666666666666,9.5,0.10000000000000142
2008-11-06,24.2,28.9,19.5,0.0,3.25,9.399999999999999,-0.10000000000000142
2008-11-07,23.9,29.4,19.2,0.0,0.125,10.2,-0.3000000000000007
2008-11-08,24.2,29.6,19.0,0.0,0.125,10.600000000000001,0.3000000000000007
2008-11-09,24.4,29.5,18.8,0.0,2.625,10.7,0.1999999999999993
2008-11-10,24.1,29.0,18.3,0.0,2.3333333333333335,10.7,-0.29999999999999716
2008-11-11,23.9,28.8,18.5,0.0,8.333333333333334,10.3,-0.20000000000000284
2008-11-12,22.9,28.3,18.4,0.0,23.0,9.900000000000002,-1.0
2008-11-13,22.7,27.9,17.8,0.0,81.79166666666667,10.099999999999998,-0.1999999999999993
2008-11-14,22.4,27.4,17.7,0.0,88.875,9.7,-0.3000000000000007
2008-11-15,23.4,27.1,19.3,0.0,91.25,7.800000000000001,1.0
2008-11-16,23.5,27.8,19.3,0.0,34.75,8.5,0.10000000000000142
2008-11-17,23.4,28.8,19.0,0.0,2.8333333333333335,9.8,-0.10000000000000142
2008-11-18,23.1,28.5,18.5,0.0,0.75,10.0,-0.29999999999999716
2008-11-19,23.5,28.6,18.2,0.0,5.25,10.400000000000002,0.3999999999999986
2008-11-20,24.4,29.2,19.8,0.0,0.4583333333333333,9.399999999999999,0.8999999999999986
2008-11-21,25.0,30.1,19.7,0.0,12.125,10.400000000000002,0.6000000000000014
2008-11-22,23.5,28.9,18.2,0.0,7.583333333333333,10.7,-1.5
2008-11-23,21.0,27.3,14.9,0.0,0.5,12.4,-2.5
2008-11-24,20.7,26.4,14.6,0.0,0.125,11.799999999999999,-0.3000000000000007
2008-11-25,20.6,27.1,14.5,0.0,3.5,12.600000000000001,-0.09999999999999787
2008-11-26,21.5,27.7,15.3,0.0,67.58333333333333,12.399999999999999,0.8999999999999986
2008-11-27,22.0,28.0,16.5,0.0,65.45833333333333,11.5,0.5
2008-11-28,22.2,27.8,16.4,0.0,53.75,11.400000000000002,0.1999999999999993
2008-11-29,22.6,28.2,16.3,0.0,21.458333333333332,11.899999999999999,0.40000000000000213
2008-11-30,23.0,28.3,17.3,0.0,6.916666666666667,11.0,0.3999999999999986
2008-12-01,23.0,28.3,18.3,0.0,12.125,10.0,0.0
2008-12-02,23.0,27.9,18.2,0.0,20.25,9.7,0.0
2008-12-03,23.9,28.2,18.5,0.0,55.833333333333336,9.7,0.8999999999999986
2008-12-04,23.5,27.8,18.7,0.0,41.75,9.100000000000001,-0.3999999999999986
2008-12-05,23.0,27.4,18.1,0.0,41.708333333333336,9.299999999999997,-0.5
2008-12-06,23.4,27.4,17.5,0.0,44.041666666666664,9.899999999999999,0.3999999999999986
2008-12-07,23.3,27.0,19.2,0.0,62.583333333333336,7.800000000000001,-0.09999999999999787
2008-12-08,23.2,27.9,18.7,0.0,35.75,9.2,-0.10000000000000142
2008-12-09,23.5,27.8,18.7,0.0,29.166666666666668,9.100000000000001,0.3000000000000007
2008-12-10,23.2,27.9,19.2,0.0,46.333333333333336,8.7,-0.3000000000000007
2008-12-11,23.3,28.6,18.0,0.0,9.125,10.600000000000001,0.10000000000000142
2008-12-12,23.3,28.9,17.8,0.0,0.75,11.099999999999998,0.0
2008-12-13,23.4,29.2,17.6,0.0,0.0,11.599999999999998,0.09999999999999787
2008-12-14,23.0,29.0,17.4,0.0,2.1666666666666665,11.600000000000001,-0.3999999999999986
2008-12-15,21.4,27.1,16.3,0.0,9.25,10.8,-1.6000000000000014
2008-12-16,19.9,26.1,14.6,0.0,0.0,11.500000000000002,-1.5
2008-12-17,20.0,25.7,14.4,0.0,0.25,11.299999999999999,0.10000000000000142
2008-12-18,19.8,25.3,14.5,0.0,13.125,10.8,-0.1999999999999993
2008-12-19,21.1,25.1,15.2,0.0,29.291666666666668,9.900000000000002,1.3000000000000007
2008-12-20,21.5,24.7,18.5,0.0,72.54166666666667,6.199999999999999,0.3999999999999986
2008-12-21,20.9,25.0,16.1,0.0,61.833333333333336,8.899999999999999,-0.6000000000000014
2008-12-22,20.3,25.6,15.5,0.0,43.166666666666664,10.100000000000001,-0.5999999999999979
2008-12-23,19.7,25.0,14.8,0.0,56.333333333333336,10.2,-0.6000000000000014
2008-12-24,19.4,24.8,13.9,0.0,33.0,10.9,-0.3000000000000007
2008-12-25,18.4,24.6,12.8,0.0,0.0,11.8,-1.0
2008-12-26,18.8,24.6,12.4,0.0,0.125,12.200000000000001,0.40000000000000213
2008-12-27,19.3,24.8,12.7,0.0,0.08333333333333333,12.100000000000001,0.5
2008-12-28,19.1,25.2,13.0,0.0,0.125,12.2,-0.1999999999999993
2008-12-29,19.7,25.4,14.5,0.0,2.0416666666666665,10.899999999999999,0.5999999999999979
2008-12-30,19.5,25.7,13.5,0.0,1.4166666666666667,12.2,-0.1999999999999993
2008-12-31,20.2,25.7,16.0,0.0,1.3333333333333333,9.7,0.6999999999999993
2009-01-01,20.3,25.9,14.9,0.0,6.416666666666667,10.999999999999998,0.10000000000000142
2009-01-02,19.9,25.4,14.4,0.0,16.0,10.999999999999998,-0.40000000000000213
2009-01-03,19.1,25.1,13.6,0.0,0.0,11.500000000000002,-0.7999999999999972
2009-01-04,19.6,25.1,13.6,0.0,2.8333333333333335,11.500000000000002,0.5
2009-01-05,20.9,26.0,14.6,0.008333333333333333,32.166666666666664,11.4,1.2999999999999972
2009-01-06,20.6,26.0,17.3,0.15833333333333333,39.166666666666664,8.7,-0.29999999999999716
2009-01-07,21.1,26.2,17.2,0.004166666666666667,42.125,9.0,0.5
2009-01-08,21.8,26.8,16.7,0.004166666666666667,21.291666666666668,10.100000000000001,0.6999999999999993
2009-01-09,21.7,26.8,17.6,0.0,9.833333333333334,9.2,-0.10000000000000142
2009-01-10,22.2,27.3,17.0,0.0,9.333333333333334,10.3,0.5
2009-01-11,22.1,26.6,18.1,0.0,25.5,8.5,-0.09999999999999787
2009-01-12,21.0,26.4,15.7,0.0,15.5,10.7,-1.1000000000000014
2009-01-13,19.8,26.1,14.3,0.0,0.4583333333333333,11.8,-1.1999999999999993
2009-01-14,19.3,25.6,13.3,0.0,1.4166666666666667,12.3,-0.5
2009-01-15,19.9,25.9,13.4,0.0,0.08333333333333333,12.499999999999998,0.5999999999999979
2009-01-16,20.0,26.0,13.5,0.0,0.5,12.5,0.10000000000000142
2009-01-17,20.6,26.3,14.0,0.0,8.791666666666666,12.3,0.6000000000000014
2009-01-18,21.2,26.9,15.0,0.0,0.08333333333333333,11.899999999999999,0.5999999999999979
2009-01-19,21.6,27.7,14.9,0.0,8.125,12.799999999999999,0.40000000000000213
2009-01-20,21.9,28.3,15.6,0.0,1.625,12.700000000000001,0.29999999999999716
2009-01-21,19.6,25.9,13.1,0.0,0.0,12.799999999999999,-2.299999999999997
2009-01-22,19.7,26.2,12.5,0.0,0.0,13.7,0.09999999999999787
2009-01-23,20.2,26.3,13.2,0.0,1.3333333333333333,13.100000000000001,0.5
2009-01-24,21.6,27.8,15.5,0.0,24.208333333333332,12.3,1.4000000000000021
2009-01-25,22.7,28.7,17.9,0.0,35.791666666666664,10.8,1.0999999999999979
2009-01-26,23.1,29.3,18.7,0.0,41.875,10.600000000000001,0.40000000000000213
2009-01-27,24.0,30.5,18.6,0.0,21.375,11.899999999999999,0.8999999999999986
2009-01-28,23.9,29.8,18.8,0.0,20.583333333333332,11.0,-0.10000000000000142
2009-01-29,21.8,28.0,14.9,0.0,1.6666666666666667,13.1,-2.099999999999998
2009-01-30,20.7,27.3,13.7,0.0,0.0,13.600000000000001,-1.1000000000000014
2009-01-31,21.0,27.5,13.4,0.0,3.0416666666666665,14.1,0.3000000000000007
2009-02-01,21.1,27.2,15.6,0.0,1.4583333333333333,11.6,0.10000000000000142
2009-02-02,21.0,27.0,14.9,0.0,12.958333333333334,12.1,-0.10000000000000142
2009-02-03,20.9,27.5,14.1,0.0,0.0,13.4,-0.10000000000000142
2009-02-04,21.5,27.8,16.0,0.0,0.0,11.8,0.6000000000000014
2009-02-05,21.9,28.2,16.8,0.0,3.5416666666666665,11.399999999999999,0.3999999999999986
2009-02-06,22.3,29.3,15.3,0.0,5.666666666666667,14.0,0.40000000000000213
2009-02-07,22.8,29.6,15.7,0.0,4.208333333333333,13.900000000000002,0.5
2009-02-08,22.9,29.4,15.9,0.0,0.0,13.499999999999998,0.09999999999999787
2009-02-09,22.7,29.0,15.2,0.0,1.3333333333333333,13.8,-0.1999999999999993
2009-02-10,23.0,28.9,15.6,0.0,1.2916666666666667,13.299999999999999,0.3000000000000007
2009-02-11,24.5,29.7,19.2,0.004166666666666667,21.208333333333332,10.5,1.5
2009-02-12,23.8,28.8,17.7,0.0,13.916666666666666,11.100000000000001,-0.6999999999999993
2009-02-13,22.4,28.4,16.6,0.0,0.0,11.799999999999997,-1.4000000000000021
2009-02-14,23.0,29.3,16.6,0.0,0.0,12.7,0.6000000000000014
2009-02-15,23.3,30.0,15.8,0.0,0.0,14.2,0.3000000000000007
2009-02-16,23.2,30.4,15.4,0.0,0.0,14.999999999999998,-0.10000000000000142
2009-02-17,22.0,29.7,14.5,0.0,0.0,15.2,-1.1999999999999993
2009-02-18,22.2,29.6,13.7,0.0,0.0,15.900000000000002,0.1999999999999993
2009-02-19,22.6,30.1,14.1,0.0,0.0,16.0,0.40000000000000213
2009-02-20,23.7,31.3,15.3,0.0,0.625,16.0,1.0999999999999979
2009-02-21,24.4,32.1,16.2,0.0,0.7083333333333334,15.900000000000002,0.6999999999999993
2009-02-22,25.1,32.7,18.3,0.0,8.458333333333334,14.400000000000002,0.7000000000000028
2009-02-23,26.1,33.3,18.4,0.0,15.708333333333334,14.899999999999999,1.0
2009-02-24,27.3,33.7,21.3,0.0,4.333333333333333,12.400000000000002,1.1999999999999993
2009-02-25,27.3,35.0,21.3,0.0,11.833333333333334,13.7,0.0
2009-02-26,27.1,34.1,20.8,0.0,16.541666666666668,13.3,-0.1999999999999993
2009-02-27,27.5,34.9,21.9,0.0,18.583333333333332,13.0,0.3999999999999986
2009-02-28,26.7,32.7,21.3,0.0,13.291666666666666,11.400000000000002,-0.8000000000000007
2009-03-01,25.6,32.7,17.8,0.0,0.0,14.900000000000002,-1.0999999999999979
2009-03-02,25.1,32.5,16.8,0.0,2.4583333333333335,15.7,-0.5
2009-03-03,26.1,32.7,20.2,0.0,22.791666666666668,12.500000000000004,1.0
2009-03-04,26.5,33.2,20.4,0.0,13.125,12.800000000000004,0.3999999999999986
2009-03-05,28.2,36.0,21.9,0.0,9.0,14.100000000000001,1.6999999999999993
2009-03-06,27.6,34.5,22.2,0.0,15.25,12.3,-0.5999999999999979
2009-03-07,27.4,34.3,21.8,0.0,15.666666666666666,12.499999999999996,-0.20000000000000284
2009-03-08,28.0,35.1,23.0,0.0,22.166666666666668,12.100000000000001,0.6000000000000014
2009-03-09,28.3,34.4,23.1,0.0,82.25,11.299999999999997,0.3000000000000007
2009-03-10,28.6,34.3,24.0,0.012499999999999999,98.41666666666667,10.299999999999997,0.3000000000000007
2009-03-11,28.4,33.6,23.4,0.008333333333333333,79.79166666666667,10.200000000000003,-0.20000000000000284
2009-03-12,26.3,33.5,19.0,0.0,13.125,14.5,-2.099999999999998
2009-03-13,25.8,33.5,18.3,0.0,57.291666666666664,15.2,-0.5
2009-03-14,26.9,33.8,17.9,0.0,9.75,15.899999999999999,1.0999999999999979
2009-03-15,26.9,33.0,18.0,0.0,93.58333333333333,15.0,0.0
2009-03-16,26.9,33.3,21.0,0.0,53.583333333333336,12.299999999999997,0.0
2009-03-17,27.3,33.9,20.5,0.029166666666666664,23.666666666666668,13.399999999999999,0.40000000000000213
2009-03-18,27.1,34.1,21.0,0.0,24.333333333333332,13.100000000000001,-0.1999999999999993
2009-03-19,27.6,34.2,21.0,0.0,15.208333333333334,13.200000000000003,0.5
2009-03-20,28.0,34.4,22.3,0.020833333333333332,27.875,12.099999999999998,0.3999999999999986
2009-03-21,28.5,33.8,23.3,0.0,41.25,10.499999999999996,0.5
2009-03-22,27.6,31.8,24.1,0.025000000000000005,25.5,7.699999999999999,-0.8999999999999986
2009-03-23,28.1,33.3,23.2,0.0,10.041666666666666,10.099999999999998,0.5
2009-03-24,28.7,34.7,22.9,0.0,9.458333333333334,11.800000000000004,0.5999999999999979
2009-03-25,28.7,35.6,23.5,0.07916666666666668,21.583333333333332,12.100000000000001,0.0
2009-03-26,28.5,34.3,23.3,0.008333333333333333,24.416666666666668,10.999999999999996,-0.1999999999999993
2009-03-27,28.6,34.7,23.2,0.008333333333333333,33.375,11.500000000000004,0.10000000000000142
2009-03-28,28.3,35.1,24.5,0.09999999999999999,40.708333333333336,10.600000000000001,-0.3000000000000007
2009-03-29,28.7,34.4,24.3,0.029166666666666664,52.833333333333336,10.099999999999998,0.3999999999999986
2009-03-30,29.1,34.3,25.0,0.0375,64.04166666666667,9.299999999999997,0.40000000000000213
2009-03-31,28.7,33.0,25.4,0.03333333333333333,28.333333333333332,7.600000000000001,-0.40000000000000213
2009-04-01,29.0,35.6,25.1,0.0,29.375,10.5,0.3000000000000007
2009-04-02,29.3,35.8,25.1,0.0,23.333333333333332,10.699999999999996,0.3000000000000007
2009-04-03,29.7,36.1,25.0,0.016666666666666666,15.541666666666666,11.100000000000001,0.3999999999999986
2009-04-04,30.8,38.1,25.6,0.024999999999999998,15.458333333333334,12.5,1.1000000000000014
2009-04-05,30.7,37.0,25.4,0.0,13.541666666666666,11.600000000000001,-0.10000000000000142
2009-04-06,30.4,36.7,25.0,0.0,7.458333333333333,11.700000000000003,-0.3000000000000007
2009-04-07,31.1,38.3,25.2,0.0,12.208333333333334,13.099999999999998,0.7000000000000028
2009-04-08,30.7,36.8,25.5,0.02916666666666667,44.583333333333336,11.299999999999997,-0.40000000000000213
2009-04-09,28.7,35.6,23.1,0.012499999999999999,31.5,12.5,-2.0
2009-04-10,30.0,36.0,23.1,0.0,7.333333333333333,12.899999999999999,1.3000000000000007
2009-04-11,30.7,36.7,25.0,0.0,5.166666666666667,11.700000000000003,0.6999999999999993
2009-04-12,30.4,37.5,24.6,0.0,7.958333333333333,12.899999999999999,-0.3000000000000007
2009-04-13,30.1,37.7,24.3,0.0,4.75,13.400000000000002,-0.29999999999999716
2009-04-14,30.3,37.1,24.1,0.0,4.541666666666667,13.0,0.1999999999999993
2009-04-15,30.2,36.3,24.8,0.0,53.333333333333336,11.499999999999996,-0.10000000000000142
2009-04-16,29.4,34.3,26.7,0.0,99.0,7.599999999999998,-0.8000000000000007
2009-04-17,29.9,34.1,26.7,0.0,90.58333333333333,7.400000000000002,0.5
2009-04-18,32.6,40.6,27.2,0.0,12.0,13.400000000000002,2.700000000000003
2009-04-19,32.6,40.8,26.6,0.0,1.2083333333333333,14.199999999999996,0.0
2009-04-20,33.0,41.6,26.3,0.0,0.5833333333333334,15.3,0.3999999999999986
2009-04-21,33.2,41.4,26.9,0.0,7.25,14.5,0.20000000000000284
2009-04-22,32.6,38.7,28.0,0.0,19.0,10.700000000000003,-0.6000000000000014
2009-04-23,32.6,40.2,26.0,0.0,7.75,14.200000000000003,0.0
2009-04-24,32.3,40.0,25.7,0.0,9.25,14.3,-0.30000000000000426
2009-04-25,32.2,39.5,25.8,0.0,3.9583333333333335,13.7,-0.09999999999999432
2009-04-26,32.5,40.2,25.2,0.0,29.416666666666668,15.000000000000004,0.29999999999999716
2009-04-27,32.1,40.1,24.8,0.0,4.916666666666667,15.3,-0.3999999999999986
2009-04-28,31.2,37.9,26.9,0.0,13.916666666666666,11.0,-0.9000000000000021
2009-04-29,30.8,36.2,27.3,0.0,12.958333333333334,8.900000000000002,-0.3999999999999986
2009-04-30,30.8,36.1,27.2,0.0,17.75,8.900000000000002,0.0
2009-05-01,30.8,36.0,27.3,0.0,31.041666666666668,8.7,0.0
2009-05-02,31.2,36.9,27.6,0.0,45.75,9.299999999999997,0.3999999999999986
2009-05-03,30.9,35.8,26.0,0.020833333333333332,76.0,9.799999999999997,-0.3000000000000007
2009-05-04,31.0,36.5,27.1,0.016666666666666666,12.583333333333334,9.399999999999999,0.10000000000000142
2009-05-05,31.6,37.0,27.4,0.0,18.791666666666668,9.600000000000001,0.6000000000000014
2009-05-06,31.6,37.6,27.3,0.0,11.5,10.3,0.0
2009-05-07,32.3,38.9,27.5,0.0,11.25,11.399999999999999,0.6999999999999957
2009-05-08,33.3,40.9,27.8,0.0,3.5833333333333335,13.099999999999998,1.0
2009-05-09,33.2,41.4,27.8,0.0,8.791666666666666,13.599999999999998,-0.09999999999999432
2009-05-10,32.4,39.3,27.8,0.0,26.166666666666668,11.499999999999996,-0.8000000000000043
2009-05-11,30.1,37.9,26.1,0.5208333333333334,78.83333333333333,11.799999999999997,-2.299999999999997
2009-05-12,30.0,34.4,26.1,0.1875,75.625,8.299999999999997,-0.10000000000000142
2009-05-13,28.0,32.3,23.8,1.3875,45.375,8.499999999999996,-2.0
2009-05-14,29.0,33.0,24.1,0.06666666666666667,48.333333333333336,8.899999999999999,1.0
2009-05-15,28.0,32.8,23.0,0.5666666666666667,55.833333333333336,9.799999999999997,-1.0
2009-05-16,29.1,32.0,26.4,0.004166666666666667,48.916666666666664,5.600000000000001,1.1000000000000014
2009-05-17,29.3,32.1,27.1,0.012500000000000002,37.5,5.0,0.1999999999999993
2009-05-18,29.7,33.2,27.5,0.008333333333333333,59.333333333333336,5.700000000000003,0.3999999999999986
2009-05-19,29.6,32.6,27.3,0.016666666666666666,27.666666666666668,5.300000000000001,-0.09999999999999787
2009-05-20,29.6,33.5,26.2,0.03333333333333333,29.625,7.300000000000001,0.0
2009-05-21,29.6,33.4,26.1,0.0,37.041666666666664,7.299999999999997,0.0
2009-05-22,30.1,33.8,26.2,0.0,19.083333333333332,7.599999999999998,0.5
2009-05-23,29.5,33.9,26.4,0.08750000000000001,58.166666666666664,7.5,-0.6000000000000014
2009-05-24,26.7,28.8,25.4,1.5750000000000002,98.95833333333333,3.400000000000002,-2.8000000000000007
2009-05-25,25.9,26.7,25.3,2.779166666666667,100.0,1.3999999999999986,-0.8000000000000007
2009-05-26,28.9,32.8,26.2,0.0,90.58333333333333,6.599999999999998,3.0
2009-05-27,29.9,33.7,27.3,0.0,34.75,6.400000000000002,1.0
2009-05-28,30.1,34.5,26.8,0.016666666666666666,34.166666666666664,7.699999999999999,0.20000000000000284
2009-05-29,29.6,33.1,26.7,0.0,30.583333333333332,6.400000000000002,-0.5
2009-05-30,29.2,33.3,26.8,0.25,25.875,6.4999999999999964,-0.40000000000000213
2009-05-31,29.8,33.5,27.4,0.041666666666666664,32.0,6.100000000000001,0.6000000000000014
2009-06-01,29.6,32.3,27.6,0.3458333333333334,78.875,4.699999999999996,-0.1999999999999993
2009-06-02,31.0,35.6,27.8,0.075,30.166666666666668,7.800000000000001,1.3999999999999986
2009-06-03,30.6,34.2,28.1,0.024999999999999998,71.16666666666667,6.100000000000001,-0.3999999999999986
2009-06-04,29.5,31.4,26.9,0.31666666666666665,59.583333333333336,4.5,-1.1000000000000014
2009-06-05,28.9,32.5,26.4,0.1625,79.41666666666667,6.100000000000001,-0.6000000000000014
2009-06-06,29.1,32.3,26.5,0.0625,66.33333333333333,5.799999999999997,0.20000000000000284
2009-06-07,30.7,34.4,27.2,0.03333333333333333,68.33333333333333,7.199999999999999,1.5999999999999979
2009-06-08,31.7,36.3,27.9,0.0,55.875,8.399999999999999,1.0
2009-06-09,30.6,35.2,27.5,0.0,18.166666666666668,7.700000000000003,-1.0999999999999979
2009-06-10,30.3,34.3,27.4,0.0,51.5,6.899999999999999,-0.3000000000000007
2009-06-11,30.3,33.7,27.5,0.0,34.166666666666664,6.200000000000003,0.0
2009-06-12,31.0,34.6,28.3,0.0,38.083333333333336,6.300000000000001,0.6999999999999993
2009-06-13,31.2,35.5,28.4,0.0,28.083333333333332,7.100000000000001,0.1999999999999993
2009-06-14,31.8,36.3,28.6,0.0,30.458333333333332,7.699999999999996,0.6000000000000014
2009-06-15,32.4,36.7,28.9,0.0,40.833333333333336,7.800000000000004,0.5999999999999979
2009-06-16,33.2,38.5,28.8,0.0,47.375,9.7,0.8000000000000043
2009-06-17,33.1,38.3,28.8,0.008333333333333333,86.5,9.499999999999996,-0.10000000000000142
2009-06-18,32.5,37.7,28.8,0.012500000000000002,79.16666666666667,8.900000000000002,-0.6000000000000014
2009-06-19,33.0,37.5,29.4,0.0,98.20833333333333,8.100000000000001,0.5
2009-06-20,31.5,34.4,29.4,0.0,86.5,5.0,-1.5
2009-06-21,33.1,38.2,29.1,0.041666666666666664,59.291666666666664,9.100000000000001,1.6000000000000014
2009-06-22,32.9,38.1,28.6,0.0,65.125,9.5,-0.20000000000000284
2009-06-23,32.9,37.6,28.7,0.0,47.833333333333336,8.900000000000002,0.0
2009-06-24,31.9,36.5,28.3,0.004166666666666667,72.75,8.2,-1.0
2009-06-25,30.1,34.9,26.8,0.2916666666666667,88.83333333333333,8.099999999999998,-1.7999999999999972
2009-06-26,29.0,32.4,26.8,0.3541666666666667,98.79166666666667,5.599999999999998,-1.1000000000000014
2009-06-27,28.8,31.8,26.1,0.5166666666666666,98.875,5.699999999999999,-0.1999999999999993
2009-06-28,28.7,31.5,26.0,0.5166666666666667,97.75,5.5,-0.10000000000000142
2009-06-29,28.8,31.3,26.8,0.28750000000000003,99.58333333333333,4.5,0.10000000000000142
2009-06-30,28.9,31.0,27.6,0.5333333333333333,99.33333333333333,3.3999999999999986,0.09999999999999787
2009-07-01,28.6,31.8,27.3,0.32916666666666666,99.875,4.5,-0.29999999999999716
2009-07-02,28.5,29.8,26.9,0.5499999999999999,98.29166666666667,2.900000000000002,-0.10000000000000142
2009-07-03,27.9,29.9,26.2,0.48333333333333334,98.45833333333333,3.6999999999999993,-0.6000000000000014
2009-07-04,28.4,31.7,26.2,0.0375,86.75,5.5,0.5
2009-07-05,28.6,31.9,26.0,0.125,93.54166666666667,5.899999999999999,0.20000000000000284
2009-07-06,27.8,30.8,25.9,0.375,98.125,4.900000000000002,-0.8000000000000007
2009-07-07,26.9,29.1,25.8,0.28750000000000003,99.66666666666667,3.3000000000000007,-0.9000000000000021
2009-07-08,27.5,30.9,25.4,0.20833333333333334,96.375,5.5,0.6000000000000014
2009-07-09,27.5,30.9,25.2,0.06666666666666667,94.20833333333333,5.699999999999999,0.0
2009-07-10,27.0,29.6,25.3,0.2625,86.66666666666667,4.300000000000001,-0.5
2009-07-11,28.0,31.2,25.8,0.24583333333333335,79.375,5.399999999999999,1.0
2009-07-12,28.1,31.5,26.1,0.29583333333333334,72.54166666666667,5.399999999999999,0.10000000000000142
2009-07-13,28.4,31.3,26.2,0.15416666666666667,83.125,5.100000000000001,0.29999999999999716
2009-07-14,28.6,31.4,26.3,0.08333333333333333,94.20833333333333,5.099999999999998,0.20000000000000284
2009-07-15,27.8,30.4,25.9,0.28750000000000003,95.45833333333333,4.5,-0.8000000000000007
2009-07-16,28.1,30.6,26.0,0.37083333333333335,85.95833333333333,4.600000000000001,0.3000000000000007
2009-07-17,28.2,31.3,26.0,0.275,82.66666666666667,5.300000000000001,0.09999999999999787
2009-07-18,28.5,31.6,26.2,0.25833333333333336,75.29166666666667,5.400000000000002,0.3000000000000007
2009-07-19,28.9,31.9,26.0,0.13333333333333333,60.708333333333336,5.899999999999999,0.3999999999999986
2009-07-20,27.9,30.9,25.6,0.4083333333333334,88.41666666666667,5.299999999999997,-1.0
2009-07-21,27.6,30.2,25.5,0.5166666666666667,82.25,4.699999999999999,-0.29999999999999716
2009-07-22,27.6,30.3,25.4,0.6749999999999999,90.25,4.900000000000002,0.0
2009-07-23,28.6,31.9,26.5,0.5208333333333334,88.58333333333333,5.399999999999999,1.0
2009-07-24,29.4,33.1,26.5,0.16666666666666666,90.375,6.600000000000001,0.7999999999999972
2009-07-25,29.1,33.1,26.5,0.8125,91.58333333333333,6.600000000000001,-0.29999999999999716
2009-07-26,28.6,32.0,26.5,0.9583333333333334,97.91666666666667,5.5,-0.5
2009-07-27,28.3,31.8,26.3,0.20833333333333334,99.125,5.5,-0.3000000000000007
2009-07-28,27.3,29.2,26.2,0.6041666666666666,99.95833333333333,3.0,-1.0
2009-07-29,27.8,30.6,26.2,0.4375,99.58333333333333,4.400000000000002,0.5
2009-07-30,29.5,32.8,26.8,0.029166666666666664,96.83333333333333,5.9999999999999964,1.6999999999999993
2009-07-31,30.0,33.8,27.5,0.13333333333333333,96.79166666666667,6.299999999999997,0.5
2009-08-01,30.0,33.5,27.2,0.125,89.625,6.300000000000001,0.0
2009-08-02,29.3,33.2,26.6,0.9291666666666667,99.33333333333333,6.600000000000001,-0.6999999999999993
2009-08-03,29.3,33.6,26.6,0.5333333333333333,98.08333333333333,7.0,0.0
2009-08-04,29.1,32.9,27.0,0.5708333333333333,99.58333333333333,5.899999999999999,-0.1999999999999993
2009-08-05,28.9,32.7,27.2,0.7999999999999999,100.0,5.5000000000000036,-0.20000000000000284
2009-08-06,28.1,30.6,26.3,0.6416666666666667,99.95833333333333,4.300000000000001,-0.7999999999999972
2009-08-07,28.2,31.6,26.2,0.7374999999999999,99.125,5.400000000000002,0.09999999999999787
2009-08-08,28.3,31.8,25.8,1.0208333333333333,99.54166666666667,6.0,0.10000000000000142
2009-08-09,27.7,31.1,25.7,1.5,99.25,5.400000000000002,-0.6000000000000014
2009-08-10,28.0,30.5,25.7,0.3166666666666667,99.5,4.800000000000001,0.3000000000000007
2009-08-11,28.5,31.2,26.2,0.125,96.25,5.0,0.5
2009-08-12,29.0,32.3,26.8,0.17500000000000002,97.08333333333333,5.4999999999999964,0.5
2009-08-13,28.7,31.6,26.5,0.21250000000000002,99.29166666666667,5.100000000000001,-0.3000000000000007
2009-08-14,27.5,29.6,26.1,0.31666666666666665,99.95833333333333,3.5,-1.1999999999999993
2009-08-15,27.2,29.4,25.9,0.4791666666666667,99.29166666666667,3.5,-0.3000000000000007
2009-08-16,27.9,30.4,26.1,0.07916666666666666,99.16666666666667,4.299999999999997,0.6999999999999993
2009-08-17,28.5,32.0,26.4,0.13333333333333333,92.875,5.600000000000001,0.6000000000000014
2009-08-18,29.2,32.2,27.1,0.0375,97.20833333333333,5.100000000000001,0.6999999999999993
2009-08-19,28.0,30.7,26.2,0.8833333333333333,99.95833333333333,4.5,-1.1999999999999993
2009-08-20,27.1,28.2,26.2,1.0374999999999999,97.58333333333333,2.0,-0.8999999999999986
2009-08-21,27.2,29.3,25.8,0.2541666666666667,98.70833333333333,3.5,0.09999999999999787
2009-08-22,28.1,31.8,25.8,0.125,99.08333333333333,6.0,0.9000000000000021
2009-08-23,27.7,31.7,24.9,0.425,99.375,6.800000000000001,-0.40000000000000213
2009-08-24,26.2,28.3,24.9,0.4791666666666667,99.20833333333333,3.400000000000002,-1.5
2009-08-25,26.9,29.1,25.1,0.15833333333333333,99.66666666666667,4.0,0.6999999999999993
2009-08-26,26.6,29.7,24.8,0.7374999999999999,99.91666666666667,4.899999999999999,-0.29999999999999716
2009-08-27,26.4,28.3,25.1,0.6708333333333334,100.0,3.1999999999999993,-0.20000000000000284
2009-08-28,27.2,30.5,25.6,0.29583333333333334,95.83333333333333,4.899999999999999,0.8000000000000007
2009-08-29,28.1,31.7,25.5,0.12083333333333335,60.375,6.199999999999999,0.9000000000000021
2009-08-30,29.1,32.8,25.2,0.029166666666666664,86.25,7.599999999999998,1.0
2009-08-31,28.2,31.6,25.9,0.20833333333333334,91.83333333333333,5.700000000000003,-0.9000000000000021
2009-09-01,28.1,32.3,25.7,0.25833333333333336,74.29166666666667,6.599999999999998,-0.09999999999999787
2009-09-02,28.5,32.0,26.0,0.1625,73.875,6.0,0.3999999999999986
2009-09-03,27.7,30.8,25.4,0.6291666666666667,96.875,5.400000000000002,-0.8000000000000007
2009-09-04,26.7,29.1,25.5,0.725,99.79166666666667,3.6000000000000014,-1.0
2009-09-05,26.2,26.7,25.8,1.175,100.0,0.8999999999999986,-0.5
2009-09-06,26.3,27.5,25.6,1.0083333333333333,99.66666666666667,1.8999999999999986,0.10000000000000142
2009-09-07,26.4,28.4,25.2,0.7583333333333333,97.58333333333333,3.1999999999999993,0.09999999999999787
2009-09-08,26.1,26.8,24.9,1.8499999999999999,100.0,1.9000000000000021,-0.29999999999999716
2009-09-09,25.9,26.1,25.5,1.1333333333333333,99.75,0.6000000000000014,-0.20000000000000284
2009-09-10,27.5,31.2,25.5,0.05833333333333333,78.0,5.699999999999999,1.6000000000000014
2009-09-11,28.0,32.6,25.6,0.1625,42.541666666666664,7.0,0.5
2009-09-12,29.5,33.3,25.4,0.012500000000000002,20.875,7.899999999999999,1.5
2009-09-13,29.9,33.2,26.6,0.0,53.666666666666664,6.600000000000001,0.3999999999999986
2009-09-14,29.8,33.7,27.0,0.016666666666666666,95.5,6.700000000000003,-0.09999999999999787
2009-09-15,29.8,33.8,26.9,0.09166666666666667,91.25,6.899999999999999,0.0
2009-09-16,29.1,32.1,26.8,0.09583333333333333,78.875,5.300000000000001,-0.6999999999999993
2009-09-17,28.4,32.1,26.7,0.19166666666666665,92.25,5.400000000000002,-0.7000000000000028
2009-09-18,28.3,31.9,26.1,0.17916666666666667,94.375,5.799999999999997,-0.09999999999999787
2009-09-19,27.7,30.6,25.6,0.2333333333333333,87.41666666666667,5.0,-0.6000000000000014
2009-09-20,27.6,30.7,25.5,0.22083333333333333,94.29166666666667,5.199999999999999,-0.09999999999999787
2009-09-21,27.1,30.3,25.6,0.7708333333333334,97.95833333333333,4.699999999999999,-0.5
2009-09-22,26.5,28.8,25.1,0.3,98.33333333333333,3.6999999999999993,-0.6000000000000014
2009-09-23,27.3,31.2,25.0,0.17500000000000002,73.125,6.199999999999999,0.8000000000000007
2009-09-24,27.4,30.7,25.0,0.08333333333333333,85.20833333333333,5.699999999999999,0.09999999999999787
2009-09-25,27.5,30.3,25.2,0.07083333333333335,48.5,5.100000000000001,0.10000000000000142
2009-09-26,28.3,32.0,25.1,0.15416666666666665,70.04166666666667,6.899999999999999,0.8000000000000007
2009-09-27,28.2,32.5,25.9,0.38333333333333336,99.91666666666667,6.600000000000001,-0.10000000000000142
2009-09-28,27.7,31.1,26.1,0.3666666666666667,95.70833333333333,5.0,-0.5
2009-09-29,27.6,31.6,26.1,0.30416666666666664,73.95833333333333,5.5,-0.09999999999999787
2009-09-30,27.9,30.7,25.6,0.3416666666666666,50.791666666666664,5.099999999999998,0.29999999999999716
2009-10-01,26.5,29.7,25.4,0.8291666666666666,94.58333333333333,4.300000000000001,-1.3999999999999986
2009-10-02,27.3,31.1,25.5,0.33749999999999997,98.125,5.600000000000001,0.8000000000000007
2009-10-03,26.5,30.4,25.2,0.7833333333333333,99.70833333333333,5.199999999999999,-0.8000000000000007
2009-10-04,26.5,28.8,25.2,0.6499999999999999,99.75,3.6000000000000014,0.0
2009-10-05,26.3,29.0,24.8,0.6125,99.41666666666667,4.199999999999999,-0.1999999999999993
2009-10-06,26.1,28.1,24.7,0.5458333333333333,99.875,3.400000000000002,-0.1999999999999993
2009-10-07,26.8,30.2,24.8,0.8541666666666666,97.70833333333333,5.399999999999999,0.6999999999999993
2009-10-08,26.6,30.0,24.4,0.5458333333333333,99.66666666666667,5.600000000000001,-0.1999999999999993
2009-10-09,26.9,30.9,23.3,0.0,87.83333333333333,7.599999999999998,0.29999999999999716
2009-10-10,27.4,32.4,22.9,0.0,29.083333333333332,9.5,0.5
2009-10-11,27.2,32.4,21.8,0.0,12.041666666666666,10.599999999999998,-0.1999999999999993
2009-10-12,27.0,32.0,21.6,0.0,10.0,10.399999999999999,-0.1999999999999993
2009-10-13,26.7,31.5,22.0,0.0,3.5833333333333335,9.5,-0.3000000000000007
2009-10-14,26.9,30.9,22.0,0.0,43.958333333333336,8.899999999999999,0.1999999999999993
2009-10-15,26.9,30.5,23.1,0.03333333333333333,73.625,7.399999999999999,0.0
2009-10-16,26.8,30.0,24.2,0.024999999999999998,32.791666666666664,5.800000000000001,-0.09999999999999787
2009-10-17,26.7,30.6,23.1,0.024999999999999998,18.625,7.5,-0.10000000000000142
2009-10-18,26.3,30.9,20.9,0.0,11.291666666666666,10.0,-0.3999999999999986
2009-10-19,25.9,31.3,20.3,0.0,2.0833333333333335,11.0,-0.40000000000000213
2009-10-20,25.6,31.4,19.5,0.0,0.0,11.899999999999999,-0.29999999999999716
2009-10-21,24.4,31.0,18.1,0.0,0.0,12.899999999999999,-1.2000000000000028
2009-10-22,24.1,29.8,17.7,0.0,1.4166666666666667,12.100000000000001,-0.29999999999999716
2009-10-23,24.5,29.8,19.2,0.0,10.083333333333334,10.600000000000001,0.3999999999999986
2009-10-24,24.7,30.1,19.5,0.0,7.541666666666667,10.600000000000001,0.1999999999999993
2009-10-25,24.2,30.0,19.5,0.0,1.75,10.5,-0.5
2009-10-26,23.6,29.6,18.4,0.0,0.8333333333333334,11.200000000000003,-0.5999999999999979
2009-10-27,23.8,29.6,18.2,0.0,0.8333333333333334,11.400000000000002,0.1999999999999993
2009-10-28,24.0,29.9,18.3,0.0,13.875,11.599999999999998,0.1999999999999993
2009-10-29,24.0,29.8,18.9,0.0,36.416666666666664,10.900000000000002,0.0
2009-10-30,24.5,30.3,19.0,0.0,27.875,11.3,0.5
2009-10-31,24.6,30.6,19.0,0.0,7.375,11.600000000000001,0.10000000000000142
2009-11-01,25.1,30.5,19.1,0.0,66.33333333333333,11.399999999999999,0.5
2009-11-02,25.3,29.9,20.9,0.0,86.95833333333333,9.0,0.1999999999999993
2009-11-03,26.7,31.8,21.5,0.0,32.25,10.3,1.3999999999999986
2009-11-04,27.1,32.5,22.6,0.008333333333333333,59.833333333333336,9.899999999999999,0.40000000000000213
2009-11-05,26.1,31.3,22.9,0.09999999999999999,86.83333333333333,8.400000000000002,-1.0
2009-11-06,26.4,31.6,22.2,0.0,25.208333333333332,9.400000000000002,0.29999999999999716
2009-11-07,27.1,31.6,22.3,0.0,36.958333333333336,9.3,0.7000000000000028
2009-11-08,26.4,31.9,21.7,0.0,14.75,10.2,-0.7000000000000028
2009-11-09,26.7,31.4,21.3,0.0,8.583333333333334,10.099999999999998,0.3000000000000007
2009-11-10,27.1,31.3,22.8,0.0,45.416666666666664,8.5,0.40000000000000213
2009-11-11,27.0,31.4,22.7,0.0,39.083333333333336,8.7,-0.10000000000000142
2009-11-12,27.0,31.7,22.9,0.0,11.916666666666666,8.8,0.0
2009-11-13,27.5,31.9,23.6,0.0,9.541666666666666,8.299999999999997,0.5
2009-11-14,28.3,32.7,23.4,0.0,20.541666666666668,9.300000000000004,0.8000000000000007
2009-11-15,28.3,32.3,25.0,0.004166666666666667,16.958333333333332,7.299999999999997,0.0
2009-11-16,27.5,32.3,23.8,0.08333333333333333,43.708333333333336,8.499999999999996,-0.8000000000000007
2009-11-17,25.0,28.9,21.3,0.2041666666666667,77.45833333333333,7.599999999999998,-2.5
2009-11-18,22.9,25.0,21.1,0.2916666666666667,83.95833333333333,3.8999999999999986,-2.1000000000000014
2009-11-19,24.2,28.3,20.2,0.0,50.5,8.100000000000001,1.3000000000000007
2009-11-20,22.4,27.7,17.3,0.0,21.291666666666668,10.399999999999999,-1.8000000000000007
2009-11-21,20.0,26.3,13.6,0.0,0.7916666666666666,12.700000000000001,-2.3999999999999986
2009-11-22,19.6,25.8,13.3,0.0,9.791666666666666,12.5,-0.3999999999999986
2009-11-23,20.3,26.5,14.3,0.0,20.458333333333332,12.2,0.6999999999999993
2009-11-24,20.6,26.8,15.1,0.0,61.25,11.700000000000001,0.3000000000000007
2009-11-25,20.5,26.9,14.8,0.0,22.333333333333332,12.099999999999998,-0.10000000000000142
2009-11-26,20.2,27.1,14.3,0.0,5.708333333333333,12.8,-0.3000000000000007
2009-11-27,20.3,27.2,14.2,0.0,1.0416666666666667,13.0,0.10000000000000142
2009-11-28,20.4,27.2,13.8,0.0,14.083333333333334,13.399999999999999,0.09999999999999787
2009-11-29,20.8,27.3,14.1,0.0,3.75,13.200000000000001,0.40000000000000213
2009-11-30,21.4,27.4,15.3,0.0,4.666666666666667,12.099999999999998,0.5999999999999979
2009-12-01,21.6,27.4,16.1,0.0,13.958333333333334,11.299999999999997,0.20000000000000284
2009-12-02,21.8,28.1,16.3,0.0,48.25,11.8,0.1999999999999993
2009-12-03,22.4,28.3,16.6,0.0,5.375,11.7,0.5999999999999979
2009-12-04,22.0,27.8,16.1,0.0,55.5,11.7,-0.3999999999999986
2009-12-05,21.8,27.3,17.2,0.0,15.583333333333334,10.100000000000001,-0.1999999999999993
2009-12-06,21.4,27.4,16.1,0.0,17.458333333333332,11.299999999999997,-0.40000000000000213
2009-12-07,21.5,27.5,15.4,0.0,3.0833333333333335,12.1,0.10000000000000142
2009-12-08,21.7,28.0,14.8,0.0,2.3333333333333335,13.2,0.1999999999999993
2009-12-09,21.6,27.3,15.3,0.0,5.583333333333333,12.0,-0.09999999999999787
2009-12-10,21.0,26.6,15.0,0.0,9.041666666666666,11.600000000000001,-0.6000000000000014
2009-12-11,20.4,26.4,14.3,0.0,31.75,12.099999999999998,-0.6000000000000014
2009-12-12,20.3,26.4,14.5,0.0,0.9583333333333334,11.899999999999999,-0.09999999999999787
2009-12-13,21.3,27.0,14.9,0.0,1.3333333333333333,12.1,1.0
2009-12-14,21.2,27.4,15.6,0.0,36.708333333333336,11.799999999999999,-0.10000000000000142
2009-12-15,21.9,28.0,15.8,0.0,19.583333333333332,12.2,0.6999999999999993
2009-12-16,22.7,28.7,15.6,0.0,39.625,13.1,0.8000000000000007
2009-12-17,22.9,28.6,18.2,0.0,15.041666666666666,10.400000000000002,0.1999999999999993
2009-12-18,23.3,28.7,17.1,0.0,27.458333333333332,11.599999999999998,0.40000000000000213
2009-12-19,22.5,27.7,18.0,0.0,6.125,9.7,-0.8000000000000007
2009-12-20,21.6,27.6,15.4,0.0,6.083333333333333,12.200000000000001,-0.8999999999999986
2009-12-21,19.7,26.0,14.2,0.0,0.125,11.8,-1.9000000000000021
2009-12-22,18.4,25.0,12.4,0.0,14.75,12.6,-1.3000000000000007
2009-12-23,18.2,24.9,12.0,0.0,20.708333333333332,12.899999999999999,-0.1999999999999993
2009-12-24,17.9,24.8,11.4,0.0,0.0,13.4,-0.3000000000000007
2009-12-25,17.7,25.0,11.0,0.0,47.5,14.0,-0.1999999999999993
2009-12-26,17.9,24.8,11.7,0.0,22.916666666666668,13.100000000000001,0.1999999999999993
2009-12-27,17.1,24.3,10.7,0.0,10.666666666666666,13.600000000000001,-0.7999999999999972
2009-12-28,17.5,23.9,10.3,0.0,3.625,13.599999999999998,0.3999999999999986
2009-12-29,17.7,25.0,11.1,0.0,0.0,13.9,0.1999999999999993
2009-12-30,18.3,24.5,10.8,0.0,17.916666666666668,13.7,0.6000000000000014
2009-12-31,18.5,24.2,13.6,0.0,14.375,10.6,0.1999999999999993
2010-01-01,17.1,23.3,12.0,0.0,16.625,11.3,-1.3999999999999986
2010-01-02,17.2,23.7,11.5,0.0,0.041666666666666664,12.2,0.09999999999999787
2010-01-03,17.4,24.4,11.7,0.0,2.3333333333333335,12.7,0.1999999999999993
2010-01-04,17.7,23.4,11.3,0.0,16.291666666666668,12.099999999999998,0.3000000000000007
2010-01-05,17.9,24.2,12.8,0.0,0.2916666666666667,11.399999999999999,0.1999999999999993
2010-01-06,17.1,23.6,11.9,0.0,0.0,11.700000000000001,-0.7999999999999972
2010-01-07,17.4,24.2,11.3,0.0,0.0,12.899999999999999,0.29999999999999716
2010-01-08,18.4,25.2,11.6,0.0,0.0,13.6,1.0
2010-01-09,18.8,25.7,12.7,0.0,0.625,13.0,0.40000000000000213
2010-01-10,19.6,25.6,13.7,0.0,15.416666666666666,11.900000000000002,0.8000000000000007
2010-01-11,18.7,24.5,13.3,0.0,0.5,11.2,-0.9000000000000021
2010-01-12,17.8,23.9,12.3,0.0,12.25,11.599999999999998,-0.8999999999999986
2010-01-13,19.3,24.5,12.7,0.0,76.41666666666667,11.8,1.5
2010-01-14,20.5,25.7,16.3,0.0625,84.625,9.399999999999999,1.1999999999999993
2010-01-15,20.2,26.3,14.5,0.0,29.208333333333332,11.8,-0.3000000000000007
2010-01-16,18.6,24.7,13.6,0.0,30.166666666666668,11.1,-1.5999999999999979
2010-01-17,18.0,24.0,12.9,0.0,23.833333333333332,11.1,-0.6000000000000014
2010-01-18,18.2,24.2,12.6,0.0,95.41666666666667,11.6,0.1999999999999993
2010-01-19,17.9,24.2,12.7,0.0,30.541666666666668,11.5,-0.3000000000000007
2010-01-20,18.4,24.8,12.3,0.0,0.16666666666666666,12.5,0.5
2010-01-21,18.9,25.8,13.0,0.0,0.0,12.8,0.5
2010-01-22,18.5,25.8,12.3,0.0,0.0,13.5,-0.3999999999999986
2010-01-23,18.6,26.0,12.2,0.0,0.0,13.8,0.10000000000000142
2010-01-24,19.2,26.5,11.3,0.0,5.583333333333333,15.2,0.5999999999999979
2010-01-25,20.2,26.8,12.6,0.0,0.0,14.200000000000001,1.0
2010-01-26,20.7,28.1,12.6,0.0,0.0,15.500000000000002,0.5
2010-01-27,20.4,27.7,13.6,0.0,10.625,14.1,-0.3000000000000007
2010-01-28,19.9,27.1,12.9,0.0,72.58333333333333,14.200000000000001,-0.5
2010-01-29,19.9,27.0,12.8,0.0,0.0,14.2,0.0
2010-01-30,20.3,27.3,12.6,0.0,1.25,14.700000000000001,0.40000000000000213
2010-01-31,20.5,28.0,13.4,0.0,0.16666666666666666,14.6,0.1999999999999993
2010-02-01,21.2,28.0,13.7,0.0,50.666666666666664,14.3,0.6999999999999993
2010-02-02,21.2,28.6,13.9,0.0,3.75,14.700000000000001,0.0
2010-02-03,21.4,28.4,14.0,0.0,0.0,14.399999999999999,0.1999999999999993
2010-02-04,21.1,27.8,14.1,0.0,8.333333333333334,13.700000000000001,-0.29999999999999716
2010-02-05,21.0,28.0,13.9,0.0,0.20833333333333334,14.1,-0.10000000000000142
2010-02-06,21.2,28.5,14.0,0.0,0.0,14.5,0.1999999999999993
2010-02-07,22.1,28.8,15.8,0.0,0.0,13.0,0.9000000000000021
2010-02-08,23.0,29.4,16.6,0.0,41.0,12.799999999999997,0.8999999999999986
2010-02-09,23.6,30.5,17.6,0.0,76.29166666666667,12.899999999999999,0.6000000000000014
2010-02-10,24.0,30.9,17.1,0.0,85.95833333333333,13.799999999999997,0.3999999999999986
2010-02-11,24.6,30.8,18.0,0.0,58.583333333333336,12.8,0.6000000000000014
2010-02-12,25.1,31.0,19.0,0.0,64.91666666666667,12.0,0.5
2010-02-13,24.6,30.9,18.1,0.0,16.083333333333332,12.799999999999997,-0.5
2010-02-14,24.7,30.4,18.2,0.0,4.791666666666667,12.2,0.09999999999999787
2010-02-15,24.6,30.0,19.5,0.0,15.541666666666666,10.5,-0.09999999999999787
2010-02-16,24.8,30.2,20.3,0.15,72.83333333333333,9.899999999999999,0.1999999999999993
2010-02-17,25.0,29.9,20.8,0.04583333333333334,77.04166666666667,9.099999999999998,0.1999999999999993
2010-02-18,23.2,29.2,17.9,0.0,70.375,11.3,-1.8000000000000007
2010-02-19,23.4,29.7,15.8,0.0,73.58333333333333,13.899999999999999,0.1999999999999993
2010-02-20,23.4,29.8,18.1,0.0,31.125,11.7,0.0
2010-02-21,23.5,30.1,17.9,0.0,41.5,12.200000000000003,0.10000000000000142
2010-02-22,23.8,30.2,18.8,0.0,84.91666666666667,11.399999999999999,0.3000000000000007
2010-02-23,24.9,31.2,18.8,0.0,39.708333333333336,12.399999999999999,1.0999999999999979
2010-02-24,25.7,32.3,21.4,0.2708333333333333,21.416666666666668,10.899999999999999,0.8000000000000007
2010-02-25,26.0,31.2,20.5,0.0,30.416666666666668,10.7,0.3000000000000007
2010-02-26,25.6,30.8,20.4,0.0,31.125,10.400000000000002,-0.3999999999999986
2010-02-27,26.1,32.4,21.2,0.0,7.291666666666667,11.2,0.5
2010-02-28,26.9,33.9,20.5,0.0,0.4166666666666667,13.399999999999999,0.7999999999999972
2010-03-01,27.2,35.1,20.2,0.0,0.6666666666666666,14.900000000000002,0.3000000000000007
2010-03-02,28.1,36.2,21.0,0.0,0.20833333333333334,15.200000000000003,0.9000000000000021
2010-03-03,28.5,35.8,22.0,0.0,29.25,13.799999999999997,0.3999999999999986
2010-03-04,28.8,35.6,23.4,0.0,12.5,12.200000000000003,0.3000000000000007
2010-03-05,28.7,35.5,23.8,0.024999999999999998,5.0,11.7,-0.10000000000000142
2010-03-06,29.3,35.1,23.4,0.0,3.5416666666666665,11.700000000000003,0.6000000000000014
2010-03-07,28.9,35.2,23.1,0.004166666666666667,19.708333333333332,12.100000000000001,-0.40000000000000213
2010-03-08,29.1,34.9,23.9,0.0,11.25,11.0,0.20000000000000284
2010-03-09,28.6,34.5,22.0,0.0,0.16666666666666666,12.5,-0.5
2010-03-10,28.1,34.1,21.3,0.0,0.5416666666666666,12.8,-0.5
2010-03-11,28.4,34.0,21.7,0.0,8.958333333333334,12.3,0.29999999999999716
2010-03-12,28.8,35.6,23.1,0.0,11.875,12.5,0.40000000000000213
2010-03-13,29.1,35.3,23.4,0.0,74.29166666666667,11.899999999999999,0.3000000000000007
2010-03-14,29.3,35.9,24.6,0.0375,29.666666666666668,11.299999999999997,0.1999999999999993
2010-03-15,29.8,37.0,24.9,0.012499999999999999,27.833333333333332,12.100000000000001,0.5
2010-03-16,28.3,34.9,22.4,0.15833333333333335,28.583333333333332,12.5,-1.5
2010-03-17,28.6,34.1,22.9,0.004166666666666667,17.833333333333332,11.200000000000003,0.3000000000000007
2010-03-18,29.5,35.5,22.9,0.004166666666666667,13.541666666666666,12.600000000000001,0.8999999999999986
2010-03-19,29.3,36.2,22.5,0.0,2.7916666666666665,13.700000000000003,-0.1999999999999993
2010-03-20,29.6,36.7,22.2,0.0,0.20833333333333334,14.500000000000004,0.3000000000000007
2010-03-21,30.2,37.4,22.2,0.0,1.2916666666666667,15.2,0.5999999999999979
2010-03-22,30.7,38.7,24.7,0.0,0.75,14.000000000000004,0.5
2010-03-23,30.6,38.5,25.0,0.0,0.20833333333333334,13.5,-0.09999999999999787
2010-03-24,30.4,37.4,25.4,0.0,8.75,12.0,-0.20000000000000284
2010-03-25,30.0,36.5,25.2,0.0,18.625,11.3,-0.3999999999999986
2010-03-26,30.0,36.3,25.4,0.0,30.5,10.899999999999999,0.0
2010-03-27,30.1,36.2,26.2,0.0,23.958333333333332,10.000000000000004,0.10000000000000142
2010-03-28,30.1,35.9,26.4,0.0,12.958333333333334,9.5,0.0
2010-03-29,30.4,36.9,26.5,0.024999999999999998,21.458333333333332,10.399999999999999,0.29999999999999716
2010-03-30,30.6,36.1,27.1,0.0,18.041666666666668,9.0,0.20000000000000284
2010-03-31,31.4,37.3,26.9,0.0,6.166666666666667,10.399999999999999,0.7999999999999972
2010-04-01,31.6,38.6,26.5,0.024999999999999998,9.041666666666666,12.100000000000001,0.20000000000000284
2010-04-02,30.8,36.8,26.8,0.0,16.75,9.999999999999996,-0.8000000000000007
2010-04-03,30.4,36.3,26.6,0.0,22.458333333333332,9.699999999999996,-0.40000000000000213
2010-04-04,30.8,36.6,26.7,0.0,20.083333333333332,9.900000000000002,0.40000000000000213
2010-04-05,31.5,38.1,26.7,0.0,39.041666666666664,11.400000000000002,0.6999999999999993
2010-04-06,31.8,39.6,26.2,0.0,19.25,13.400000000000002,0.3000000000000007
2010-04-07,31.2,38.6,25.3,0.0,16.958333333333332,13.3,-0.6000000000000014
2010-04-08,31.3,38.4,25.1,0.0,70.04166666666667,13.299999999999997,0.10000000000000142
2010-04-09,32.4,39.7,26.7,0.0,81.54166666666667,13.000000000000004,1.0999999999999979
2010-04-10,32.3,40.1,26.7,0.0,77.04166666666667,13.400000000000002,-0.10000000000000142
2010-04-11,31.5,38.5,27.2,0.0,17.666666666666668,11.3,-0.7999999999999972
2010-04-12,31.1,37.1,27.2,0.0,48.708333333333336,9.900000000000002,-0.3999999999999986
2010-04-13,31.0,36.2,27.7,0.0,57.416666666666664,8.500000000000004,-0.10000000000000142
2010-04-14,31.2,36.4,28.1,0.0,91.125,8.299999999999997,0.1999999999999993
2010-04-15,30.6,36.3,26.8,0.0,45.5,9.499999999999996,-0.5999999999999979
2010-04-16,30.7,36.1,27.2,0.0,30.458333333333332,8.900000000000002,0.09999999999999787
2010-04-17,30.7,35.8,27.3,0.0,8.583333333333334,8.499999999999996,0.0
2010-04-18,31.6,37.0,27.3,0.0,12.833333333333334,9.7,0.9000000000000021
2010-04-19,32.1,37.5,28.0,0.0,9.333333333333334,9.5,0.5
2010-04-20,33.1,40.1,28.3,0.0,2.0,11.8,1.0
2010-04-21,32.3,38.9,27.9,0.0,6.291666666666667,11.0,-0.8000000000000043
2010-04-22,32.0,38.8,27.6,0.0,9.791666666666666,11.199999999999996,-0.29999999999999716
2010-04-23,31.5,36.9,27.6,0.0,15.416666666666666,9.299999999999997,-0.5
2010-04-24,31.9,37.8,27.6,0.0,26.625,10.199999999999996,0.3999999999999986
2010-04-25,32.0,38.7,27.8,0.0,12.375,10.900000000000002,0.10000000000000142
2010-04-26,31.4,37.1,27.6,0.0,25.0,9.5,-0.6000000000000014
2010-04-27,31.2,36.5,28.0,0.16666666666666666,34.625,8.5,-0.1999999999999993
2010-04-28,30.3,35.5,26.6,0.21666666666666667,52.75,8.899999999999999,-0.8999999999999986
2010-04-29,30.0,35.9,27.6,0.275,24.875,8.299999999999997,-0.3000000000000007
2010-04-30,31.0,36.2,28.0,0.012499999999999999,44.541666666666664,8.200000000000003,1.0
2010-05-01,31.8,37.4,28.0,0.0,74.5,9.399999999999999,0.8000000000000007
2010-05-02,32.0,37.4,28.0,0.03333333333333333,64.91666666666667,9.399999999999999,0.1999999999999993
2010-05-03,31.5,37.0,28.0,0.041666666666666664,59.875,9.0,-0.5
2010-05-04,30.4,34.6,27.6,0.12916666666666668,56.25,7.0,-1.1000000000000014
2010-05-05,30.4,34.8,27.1,0.04583333333333334,35.625,7.699999999999996,0.0
2010-05-06,29.4,34.2,26.4,0.575,48.916666666666664,7.800000000000004,-1.0
2010-05-07,30.0,34.5,26.4,0.016666666666666666,43.375,8.100000000000001,0.6000000000000014
2010-05-08,30.5,34.4,27.4,0.020833333333333332,31.166666666666668,7.0,0.5
2010-05-09,32.2,37.7,28.2,0.004166666666666667,19.291666666666668,9.500000000000004,1.7000000000000028
2010-05-10,32.5,37.7,29.0,0.025000000000000005,26.875,8.700000000000003,0.29999999999999716
2010-05-11,32.4,37.9,28.9,0.0,20.833333333333332,9.0,-0.10000000000000142
2010-05-12,32.3,37.2,28.9,0.0,32.375,8.300000000000004,-0.10000000000000142
2010-05-13,32.5,37.5,28.9,0.0,29.833333333333332,8.600000000000001,0.20000000000000284
2010-05-14,32.1,37.6,28.4,0.14583333333333334,33.958333333333336,9.200000000000003,-0.3999999999999986
2010-05-15,32.3,37.9,28.4,0.0,13.916666666666666,9.5,0.19999999999999574
2010-05-16,32.4,39.3,28.3,0.10416666666666667,14.5,10.999999999999996,0.10000000000000142
2010-05-17,31.5,36.6,28.0,0.0,30.458333333333332,8.600000000000001,-0.8999999999999986
2010-05-18,31.5,36.3,28.0,0.0,79.20833333333333,8.299999999999997,0.0
2010-05-19,31.6,36.1,28.4,0.008333333333333333,72.91666666666667,7.700000000000003,0.10000000000000142
2010-05-20,31.9,36.2,28.5,0.012500000000000002,72.83333333333333,7.700000000000003,0.29999999999999716
2010-05-21,29.3,33.8,26.2,0.24166666666666667,98.45833333333333,7.599999999999998,-2.599999999999998
2010-05-22,27.8,29.9,26.5,1.2416666666666667,96.83333333333333,3.3999999999999986,-1.5
2010-05-23,27.4,32.8,26.0,0.8250000000000001,91.58333333333333,6.799999999999997,-0.40000000000000213
2010-05-24,29.2,32.4,26.1,0.012500000000000002,83.83333333333333,6.299999999999997,1.8000000000000007
2010-05-25,31.1,34.7,26.5,0.0,48.083333333333336,8.200000000000003,1.9000000000000021
2010-05-26,31.7,35.9,28.3,0.020833333333333332,36.375,7.599999999999998,0.5999999999999979
2010-05-27,31.4,34.7,28.7,0.004166666666666667,57.166666666666664,6.0000000000000036,-0.3000000000000007
2010-05-28,31.3,34.8,28.1,0.07083333333333335,48.958333333333336,6.699999999999996,-0.09999999999999787
2010-05-29,31.4,34.7,28.2,0.0,48.5,6.5000000000000036,0.09999999999999787
2010-05-30,31.9,36.1,28.5,0.0,31.458333333333332,7.600000000000001,0.5
2010-05-31,32.0,35.9,29.4,0.0,36.0,6.5,0.10000000000000142
2010-06-01,32.0,36.7,28.9,0.0,24.875,7.800000000000004,0.0
2010-06-02,32.0,36.5,29.2,0.0,23.291666666666668,7.300000000000001,0.0
2010-06-03,32.1,36.8,29.3,0.0,49.75,7.4999999999999964,0.10000000000000142
2010-06-04,32.8,37.9,29.1,0.0,54.208333333333336,8.799999999999997,0.6999999999999957
2010-06-05,32.5,37.3,29.1,0.016666666666666666,40.458333333333336,8.199999999999996,-0.29999999999999716
2010-06-06,32.6,38.1,29.1,0.0,49.041666666666664,9.0,0.10000000000000142
2010-06-07,32.8,37.3,29.4,0.0,41.333333333333336,7.899999999999999,0.19999999999999574
2010-06-08,32.5,36.9,29.2,0.0,47.375,7.699999999999999,-0.29999999999999716
2010-06-09,31.9,36.3,28.7,0.004166666666666667,72.45833333333333,7.599999999999998,-0.6000000000000014
2010-06-10,31.4,36.2,28.4,0.0375,50.25,7.800000000000004,-0.5
2010-06-11,30.3,35.2,27.8,0.45416666666666666,59.208333333333336,7.400000000000002,-1.0999999999999979
2010-06-12,29.0,31.4,26.5,0.9708333333333332,79.29166666666667,4.899999999999999,-1.3000000000000007
2010-06-13,27.3,29.2,26.3,0.8458333333333333,99.20833333333333,2.8999999999999986,-1.6999999999999993
2010-06-14,27.7,29.1,26.2,0.9125,99.45833333333333,2.900000000000002,0.3999999999999986
2010-06-15,30.5,34.1,27.1,0.3875,86.0,7.0,2.8000000000000007
2010-06-16,31.4,35.5,28.1,0.0,99.41666666666667,7.399999999999999,0.8999999999999986
2010-06-17,30.6,34.5,28.6,0.225,99.20833333333333,5.899999999999999,-0.7999999999999972
2010-06-18,29.0,31.8,27.9,0.48333333333333334,99.625,3.900000000000002,-1.6000000000000014
2010-06-19,28.8,31.7,27.6,0.43333333333333335,97.45833333333333,4.099999999999998,-0.1999999999999993
2010-06-20,29.9,33.0,27.5,0.12916666666666668,92.20833333333333,5.5,1.0999999999999979
2010-06-21,30.4,33.8,28.0,0.0,94.66666666666667,5.799999999999997,0.5
2010-06-22,30.3,34.1,27.7,0.1708333333333333,92.45833333333333,6.400000000000002,-0.09999999999999787
2010-06-23,28.9,31.6,26.6,0.3666666666666667,99.75,5.0,-1.4000000000000021
2010-06-24,28.4,31.5,26.3,0.32083333333333336,98.70833333333333,5.199999999999999,-0.5
2010-06-25,28.0,31.1,26.0,0.9041666666666667,99.0,5.100000000000001,-0.3999999999999986
2010-06-26,27.5,29.0,26.0,0.3666666666666667,97.75,3.0,-0.5
2010-06-27,28.6,31.2,26.1,0.5291666666666667,98.25,5.099999999999998,1.1000000000000014
2010-06-28,29.3,30.7,28.0,0.25833333333333336,99.75,2.6999999999999993,0.6999999999999993
2010-06-29,29.1,33.7,26.9,1.5125,98.29166666666667,6.800000000000004,-0.1999999999999993
2010-06-30,27.7,30.0,26.0,0.7916666666666666,95.5,4.0,-1.4000000000000021
2010-07-01,28.3,32.0,25.9,0.3666666666666667,92.91666666666667,6.100000000000001,0.6000000000000014
2010-07-02,28.1,30.5,26.6,0.20833333333333334,94.33333333333333,3.8999999999999986,-0.1999999999999993
2010-07-03,27.6,30.1,25.8,0.5208333333333334,94.95833333333333,4.300000000000001,-0.5
2010-07-04,27.7,30.2,25.9,0.5125000000000001,87.5,4.300000000000001,0.09999999999999787
2010-07-05,27.7,31.0,26.1,0.5875,92.58333333333333,4.899999999999999,0.0
2010-07-06,27.8,31.1,26.0,0.13333333333333333,91.54166666666667,5.100000000000001,0.10000000000000142
2010-07-07,28.5,31.0,26.1,0.041666666666666664,56.333333333333336,4.899999999999999,0.6999999999999993
2010-07-08,29.1,32.0,26.7,0.020833333333333332,59.708333333333336,5.300000000000001,0.6000000000000014
2010-07-09,29.6,32.8,27.3,0.049999999999999996,58.416666666666664,5.4999999999999964,0.5
2010-07-10,30.1,33.8,27.6,0.125,85.79166666666667,6.199999999999996,0.5
2010-07-11,28.7,31.5,27.0,0.55,99.54166666666667,4.5,-1.4000000000000021
2010-07-12,28.1,30.3,26.8,0.5166666666666667,98.125,3.5,-0.5999999999999979
2010-07-13,28.3,31.5,25.7,0.5875,99.29166666666667,5.800000000000001,0.1999999999999993
2010-07-14,27.9,30.8,25.6,0.525,97.20833333333333,5.199999999999999,-0.40000000000000213
2010-07-15,28.7,31.8,26.1,0.23750000000000002,99.20833333333333,5.699999999999999,0.8000000000000007
2010-07-16,29.2,32.5,26.6,0.03333333333333333,96.375,5.899999999999999,0.5
2010-07-17,29.6,32.4,27.0,0.020833333333333332,97.33333333333333,5.399999999999999,0.40000000000000213
2010-07-18,29.7,32.9,27.4,0.020833333333333332,99.83333333333333,5.5,0.09999999999999787
2010-07-19,29.3,32.5,27.3,0.04583333333333334,90.16666666666667,5.199999999999999,-0.3999999999999986
2010-07-20,28.7,32.6,27.1,0.23750000000000002,98.375,5.5,-0.6000000000000014
2010-07-21,28.7,31.3,26.9,0.2125,99.45833333333333,4.400000000000002,0.0
2010-07-22,28.4,32.0,25.9,0.6666666666666666,99.45833333333333,6.100000000000001,-0.3000000000000007
2010-07-23,28.2,31.1,26.0,0.5083333333333333,98.625,5.100000000000001,-0.1999999999999993
2010-07-24,27.9,31.0,26.0,0.4166666666666667,96.83333333333333,5.0,-0.3000000000000007
2010-07-25,27.1,30.0,25.8,0.22916666666666666,97.45833333333333,4.199999999999999,-0.7999999999999972
2010-07-26,27.5,30.5,25.5,0.37083333333333335,98.25,5.0,0.3999999999999986
2010-07-27,27.6,30.0,25.6,0.2791666666666666,90.04166666666667,4.399999999999999,0.10000000000000142
2010-07-28,28.9,32.1,25.7,0.0625,76.125,6.400000000000002,1.2999999999999972
2010-07-29,28.2,31.9,25.5,0.39166666666666666,99.875,6.399999999999999,-0.6999999999999993
2010-07-30,27.0,29.9,25.7,0.9416666666666668,100.0,4.199999999999999,-1.1999999999999993
2010-07-31,27.4,29.7,25.5,0.6333333333333333,99.625,4.199999999999999,0.3999999999999986
2010-08-01,26.8,30.3,25.0,0.8708333333333335,97.04166666666667,5.300000000000001,-0.5999999999999979
2010-08-02,27.2,29.3,25.0,0.21666666666666667,92.95833333333333,4.300000000000001,0.3999999999999986
2010-08-03,28.2,30.9,26.0,0.09583333333333333,97.54166666666667,4.899999999999999,1.0
2010-08-04,28.0,31.6,26.3,0.17916666666666667,91.25,5.300000000000001,-0.1999999999999993
2010-08-05,27.7,29.8,26.2,0.3041666666666667,89.875,3.6000000000000014,-0.3000000000000007
2010-08-06,27.6,30.7,26.0,0.37916666666666665,88.95833333333333,4.699999999999999,-0.09999999999999787
2010-08-07,28.1,30.9,25.9,0.041666666666666664,67.58333333333333,5.0,0.5
2010-08-08,29.2,31.9,25.9,0.04583333333333334,78.58333333333333,6.0,1.0999999999999979
2010-08-09,30.0,33.4,26.5,0.07916666666666668,66.08333333333333,6.899999999999999,0.8000000000000007
2010-08-10,30.3,33.6,27.2,0.0,76.45833333333333,6.400000000000002,0.3000000000000007
2010-08-11,28.8,33.0,26.8,0.17916666666666667,99.58333333333333,6.199999999999999,-1.5
2010-08-12,27.6,30.3,26.2,1.0083333333333333,99.08333333333333,4.100000000000001,-1.1999999999999993
2010-08-13,27.9,32.0,25.6,0.5958333333333333,93.54166666666667,6.399999999999999,0.29999999999999716
2010-08-14,27.6,29.5,25.7,0.4083333333333334,99.83333333333333,3.8000000000000007,-0.29999999999999716
2010-08-15,27.4,29.4,26.3,0.3458333333333334,93.95833333333333,3.099999999999998,-0.20000000000000284
2010-08-16,28.8,31.9,26.3,0.016666666666666666,98.70833333333333,5.599999999999998,1.4000000000000021
2010-08-17,29.0,32.0,27.3,0.03333333333333333,98.33333333333333,4.699999999999999,0.1999999999999993
2010-08-18,29.2,32.6,27.2,0.17500000000000002,99.41666666666667,5.400000000000002,0.1999999999999993
2010-08-19,28.1,31.4,25.8,0.3333333333333333,96.75,5.599999999999998,-1.0999999999999979
2010-08-20,28.0,30.7,25.7,0.25,98.875,5.0,-0.10000000000000142
2010-08-21,28.9,32.1,26.6,0.12083333333333335,99.04166666666667,5.5,0.8999999999999986
2010-08-22,29.3,32.8,27.2,0.020833333333333332,99.29166666666667,5.599999999999998,0.40000000000000213
2010-08-23,29.1,32.7,26.5,0.07083333333333333,99.625,6.200000000000003,-0.1999999999999993
2010-08-24,29.3,32.2,26.5,0.016666666666666666,97.45833333333333,5.700000000000003,0.1999999999999993
2010-08-25,28.8,31.8,26.3,0.041666666666666664,99.125,5.5,-0.5
2010-08-26,28.5,32.0,26.1,0.17500000000000002,93.25,5.899999999999999,-0.3000000000000007
2010-08-27,28.0,30.1,26.1,0.19999999999999998,99.5,4.0,-0.5
2010-08-28,27.6,30.7,25.7,0.46249999999999997,91.04166666666667,5.0,-0.3999999999999986
2010-08-29,27.8,31.3,25.6,0.15416666666666665,95.75,5.699999999999999,0.1999999999999993
2010-08-30,27.5,30.3,26.0,0.2333333333333333,92.95833333333333,4.300000000000001,-0.3000000000000007
2010-08-31,28.1,30.7,26.2,0.12083333333333333,96.08333333333333,4.5,0.6000000000000014
2010-09-01,28.8,31.7,26.7,0.08749999999999998,95.29166666666667,5.0,0.6999999999999993
2010-09-02,29.1,32.5,26.5,0.029166666666666664,81.5,6.0,0.3000000000000007
2010-09-03,28.8,32.7,26.1,0.15,96.79166666666667,6.600000000000001,-0.3000000000000007
2010-09-04,28.3,30.7,25.9,0.22916666666666666,95.91666666666667,4.800000000000001,-0.5
2010-09-05,27.8,31.2,25.9,0.19999999999999998,95.33333333333333,5.300000000000001,-0.5
2010-09-06,28.4,31.6,26.3,0.22916666666666666,78.20833333333333,5.300000000000001,0.5999999999999979
2010-09-07,28.1,31.2,26.2,0.21666666666666667,86.83333333333333,5.0,-0.29999999999999716
2010-09-08,27.4,29.2,26.1,0.48333333333333334,98.375,3.099999999999998,-0.7000000000000028
2010-09-09,27.6,29.9,25.8,0.3375000000000001,98.58333333333333,4.099999999999998,0.20000000000000284
2010-09-10,28.9,32.1,26.5,0.025000000000000005,84.58333333333333,5.600000000000001,1.2999999999999972
2010-09-11,28.1,32.5,25.1,0.5416666666666666,99.125,7.399999999999999,-0.7999999999999972
2010-09-12,27.1,31.1,25.1,0.5125000000000001,99.33333333333333,6.0,-1.0
2010-09-13,27.2,30.4,25.4,0.45416666666666666,97.75,5.0,0.09999999999999787
2010-09-14,26.9,29.5,25.1,0.32916666666666666,99.75,4.399999999999999,-0.3000000000000007
2010-09-15,26.6,29.8,25.1,0.7000000000000001,99.75,4.699999999999999,-0.29999999999999716
2010-09-16,26.6,29.2,25.1,0.41250000000000003,97.95833333333333,4.099999999999998,0.0
2010-09-17,26.6,30.0,24.9,0.6083333333333334,97.54166666666667,5.100000000000001,0.0
2010-09-18,26.1,28.8,25.0,0.5875,99.45833333333333,3.8000000000000007,-0.5
2010-09-19,26.2,28.0,25.1,0.6291666666666667,97.5,2.8999999999999986,0.09999999999999787
2010-09-20,27.0,30.1,25.1,0.44166666666666665,96.5,5.0,0.8000000000000007
2010-09-21,28.1,31.5,25.9,0.2041666666666667,72.875,5.600000000000001,1.1000000000000014
2010-09-22,26.8,30.5,25.0,0.8958333333333334,81.625,5.5,-1.3000000000000007
2010-09-23,27.5,30.9,25.2,0.2708333333333333,67.625,5.699999999999999,0.6999999999999993
2010-09-24,27.6,30.9,25.1,0.19999999999999998,90.25,5.799999999999997,0.10000000000000142
2010-09-25,28.5,32.3,25.4,0.029166666666666664,85.75,6.899999999999999,0.8999999999999986
2010-09-26,28.4,32.3,26.0,0.20833333333333334,76.79166666666667,6.299999999999997,-0.10000000000000142
2010-09-27,28.7,33.0,26.3,0.16666666666666666,36.458333333333336,6.699999999999999,0.3000000000000007
2010-09-28,29.0,32.8,25.6,0.012500000000000002,55.541666666666664,7.199999999999996,0.3000000000000007
2010-09-29,28.7,32.5,25.0,0.0,36.541666666666664,7.5,-0.3000000000000007
2010-09-30,27.9,32.0,25.1,0.004166666666666667,56.416666666666664,6.899999999999999,-0.8000000000000007
2010-10-01,28.1,31.9,25.6,0.0625,28.291666666666668,6.299999999999997,0.20000000000000284
2010-10-02,28.7,32.3,25.4,0.0,15.041666666666666,6.899999999999999,0.5999999999999979
2010-10-03,29.2,32.8,25.2,0.004166666666666667,24.875,7.599999999999998,0.5
2010-10-04,29.0,32.5,25.4,0.13749999999999998,20.791666666666668,7.100000000000001,-0.1999999999999993
2010-10-05,28.2,32.6,26.2,0.27499999999999997,76.29166666666667,6.400000000000002,-0.8000000000000007
2010-10-06,25.5,26.1,24.3,1.1375,99.95833333333333,1.8000000000000007,-2.6999999999999993
2010-10-07,24.8,25.8,24.3,1.9708333333333332,100.0,1.5,-0.6999999999999993
2010-10-08,24.6,26.2,22.8,0.6916666666666668,95.54166666666667,3.3999999999999986,-0.1999999999999993
2010-10-09,26.5,29.6,22.7,0.020833333333333332,69.66666666666667,6.900000000000002,1.8999999999999986
2010-10-10,27.3,31.3,24.1,0.004166666666666667,48.958333333333336,7.199999999999999,0.8000000000000007
2010-10-11,27.6,31.6,23.2,0.0,43.916666666666664,8.400000000000002,0.3000000000000007
2010-10-12,27.8,31.5,23.2,0.0,48.166666666666664,8.3,0.1999999999999993
2010-10-13,26.2,27.9,24.7,0.041666666666666664,95.66666666666667,3.1999999999999993,-1.6000000000000014
2010-10-14,26.3,28.6,24.6,0.42083333333333334,99.04166666666667,4.0,0.10000000000000142
2010-10-15,26.4,29.2,24.7,0.6124999999999999,98.375,4.5,0.09999999999999787
2010-10-16,26.7,29.9,24.7,0.075,77.79166666666667,5.199999999999999,0.3000000000000007
2010-10-17,27.1,30.8,23.6,0.012500000000000002,21.083333333333332,7.199999999999999,0.40000000000000213
2010-10-18,27.6,31.4,23.4,0.0,18.958333333333332,8.0,0.5
2010-10-19,28.6,32.3,24.6,0.0,35.875,7.699999999999996,1.0
2010-10-20,28.4,32.2,24.7,0.008333333333333333,67.5,7.5000000000000036,-0.20000000000000284
2010-10-21,28.1,31.9,25.1,0.012500000000000002,58.125,6.799999999999997,-0.29999999999999716
2010-10-22,26.7,30.3,24.4,0.3833333333333333,80.83333333333333,5.900000000000002,-1.4000000000000021
2010-10-23,26.7,30.3,24.4,0.07916666666666668,90.08333333333333,5.900000000000002,0.0
2010-10-24,27.2,30.9,23.3,0.0,35.166666666666664,7.599999999999998,0.5
2010-10-25,26.9,30.6,22.9,0.0,35.625,7.700000000000003,-0.3000000000000007
2010-10-26,26.1,29.2,23.4,0.0,59.958333333333336,5.800000000000001,-0.7999999999999972
2010-10-27,26.4,29.5,22.3,0.0,27.333333333333332,7.199999999999999,0.29999999999999716
2010-10-28,26.2,30.2,22.0,0.0,20.541666666666668,8.2,-0.1999999999999993
2010-10-29,25.1,29.7,21.2,0.0,9.166666666666666,8.5,-1.0999999999999979
2010-10-30,25.2,29.5,21.0,0.0,41.291666666666664,8.5,0.09999999999999787
2010-10-31,26.6,30.1,21.7,0.0,88.375,8.400000000000002,1.4000000000000021
2010-11-01,23.5,25.4,20.4,0.05416666666666667,94.125,5.0,-3.1000000000000014
2010-11-02,22.8,25.9,20.2,0.05000000000000001,81.29166666666667,5.699999999999999,-0.6999999999999993
2010-11-03,24.2,28.7,20.3,0.0,10.0,8.399999999999999,1.3999999999999986
2010-11-04,24.5,29.4,20.1,0.0,5.916666666666667,9.299999999999997,0.3000000000000007
2010-11-05,24.6,29.4,19.8,0.0,7.041666666666667,9.599999999999998,0.10000000000000142
2010-11-06,26.0,30.2,19.8,0.0,85.83333333333333,10.399999999999999,1.3999999999999986
2010-11-07,26.4,30.5,21.5,0.0,69.45833333333333,9.0,0.3999999999999986
2010-11-08,25.7,29.7,21.6,0.0,71.83333333333333,8.099999999999998,-0.6999999999999993
2010-11-09,25.8,31.2,21.2,0.0,26.75,10.0,0.10000000000000142
2010-11-10,25.9,30.4,21.6,0.0,22.833333333333332,8.799999999999997,0.09999999999999787
2010-11-11,25.8,30.4,21.5,0.0,7.375,8.899999999999999,-0.09999999999999787
2010-11-12,25.6,30.3,21.9,0.0,12.541666666666666,8.400000000000002,-0.1999999999999993
2010-11-13,25.7,29.6,22.2,0.004166666666666667,37.083333333333336,7.400000000000002,0.09999999999999787
2010-11-14,25.9,30.0,22.2,0.0,22.625,7.800000000000001,0.1999999999999993
2010-11-15,25.9,30.5,21.3,0.0,10.583333333333334,9.2,0.0
2010-11-16,25.7,30.3,21.7,0.0,41.0,8.600000000000001,-0.1999999999999993
2010-11-17,26.4,30.7,22.5,0.004166666666666667,36.541666666666664,8.2,0.6999999999999993
2010-11-18,27.1,31.1,22.5,0.0,16.75,8.600000000000001,0.7000000000000028
2010-11-19,26.0,29.3,23.3,0.10833333333333334,27.375,6.0,-1.1000000000000014
2010-11-20,26.1,30.1,22.9,0.020833333333333332,29.958333333333332,7.200000000000003,0.10000000000000142
2010-11-21,23.4,28.3,17.7,0.0,23.0,10.600000000000001,-2.700000000000003
2010-11-22,22.2,28.5,17.3,0.0,6.125,11.2,-1.1999999999999993
2010-11-23,22.7,28.2,16.9,0.0,0.0,11.3,0.5
2010-11-24,23.7,28.9,18.5,0.0,0.0,10.399999999999999,1.0
2010-11-25,24.9,30.0,19.2,0.0,1.125,10.8,1.1999999999999993
2010-11-26,25.0,29.6,20.7,0.0,41.666666666666664,8.900000000000002,0.10000000000000142
2010-11-27,25.4,30.0,22.0,0.0,39.666666666666664,8.0,0.3999999999999986
2010-11-28,26.3,30.2,22.6,0.0,30.625,7.599999999999998,0.9000000000000021
2010-11-29,25.3,30.1,20.0,0.0,16.041666666666668,10.100000000000001,-1.0
2010-11-30,22.5,27.7,16.7,0.0,13.75,11.0,-2.8000000000000007
2010-12-01,20.4,26.8,14.9,0.0,0.7083333333333334,11.9,-2.1000000000000014
2010-12-02,20.1,26.7,14.2,0.0,2.4583333333333335,12.5,-0.29999999999999716
2010-12-03,21.1,27.2,15.1,0.0,0.25,12.1,1.0
2010-12-04,21.6,27.7,15.7,0.0,27.375,12.0,0.5
2010-12-05,21.6,24.3,17.4,0.0,96.66666666666667,6.900000000000002,0.0
2010-12-06,20.4,22.9,18.9,0.016666666666666666,95.58333333333333,4.0,-1.2000000000000028
2010-12-07,23.3,28.4,19.2,0.0,75.91666666666667,9.2,2.900000000000002
2010-12-08,20.6,22.9,19.4,0.5291666666666667,99.91666666666667,3.5,-2.6999999999999993
2010-12-09,21.4,24.5,19.5,0.05416666666666667,78.875,5.0,0.7999999999999972
2010-12-10,22.1,25.3,18.3,0.008333333333333333,47.833333333333336,7.0,0.7000000000000028
2010-12-11,22.0,27.4,17.7,0.0,35.541666666666664,9.7,-0.10000000000000142
2010-12-12,21.8,26.8,17.8,0.024999999999999998,43.875,9.0,-0.1999999999999993
2010-12-13,20.9,25.8,17.5,0.0,29.75,8.3,-0.9000000000000021
2010-12-14,19.4,25.3,13.7,0.0,11.083333333333334,11.600000000000001,-1.5
2010-12-15,18.0,24.3,12.8,0.0,9.916666666666666,11.5,-1.3999999999999986
2010-12-16,18.4,24.6,12.3,0.0,5.875,12.3,0.3999999999999986
2010-12-17,18.4,25.0,13.0,0.0,19.333333333333332,12.0,0.0
2010-12-18,18.3,24.9,12.6,0.0,5.583333333333333,12.299999999999999,-0.09999999999999787
2010-12-19,18.2,25.0,12.2,0.0,0.0,12.8,-0.10000000000000142
2010-12-20,17.7,24.7,12.0,0.0,0.0,12.7,-0.5
2010-12-21,17.2,24.2,10.7,0.0,0.0,13.5,-0.5
2010-12-22,18.1,24.2,10.3,0.0,0.041666666666666664,13.899999999999999,0.9000000000000021
2010-12-23,18.8,25.4,11.6,0.0,0.0,13.799999999999999,0.6999999999999993
2010-12-24,19.2,26.2,13.3,0.0,10.791666666666666,12.899999999999999,0.3999999999999986
2010-12-25,19.1,26.3,12.2,0.0,0.0,14.100000000000001,-0.09999999999999787
2010-12-26,18.5,25.5,12.1,0.0,0.0,13.4,-0.6000000000000014
2010-12-27,17.7,25.0,11.4,0.0,0.041666666666666664,13.6,-0.8000000000000007
2010-12-28,17.6,24.8,11.0,0.0,0.0,13.8,-0.09999999999999787
2010-12-29,18.3,25.1,11.5,0.0,2.7083333333333335,13.600000000000001,0.6999999999999993
2010-12-30,19.3,26.0,11.7,0.0,0.0,14.3,1.0
2010-12-31,20.3,26.9,15.1,0.0,1.75,11.799999999999999,1.0
2011-01-01,21.9,27.9,14.6,0.0,12.416666666666666,13.299999999999999,1.5999999999999979
2011-01-02,17.8,23.8,11.7,0.0,4.125,12.100000000000001,-4.099999999999998
2011-01-03,16.4,22.5,10.8,0.0,19.791666666666668,11.7,-1.4000000000000021
2011-01-04,16.7,22.4,11.2,0.0,86.20833333333333,11.2,0.3000000000000007
2011-01-05,17.0,22.4,12.6,0.0,85.29166666666667,9.799999999999999,0.3000000000000007
2011-01-06,17.1,23.5,11.7,0.0,27.375,11.8,0.10000000000000142
2011-01-07,17.0,23.7,11.2,0.0,6.875,12.5,-0.10000000000000142
2011-01-08,18.2,24.6,11.6,0.0,0.16666666666666666,13.000000000000002,1.1999999999999993
2011-01-09,18.8,25.4,13.1,0.0,3.375,12.299999999999999,0.6000000000000014
2011-01-10,16.9,23.8,10.4,0.0,0.0,13.4,-1.9000000000000021
2011-01-11,15.8,21.8,9.7,0.0,0.0,12.100000000000001,-1.0999999999999979
2011-01-12,16.9,22.7,10.2,0.0,0.0,12.5,1.0999999999999979
2011-01-13,17.6,24.0,11.2,0.0,1.3333333333333333,12.8,0.7000000000000028
2011-01-14,18.6,25.6,12.2,0.0,5.833333333333333,13.400000000000002,1.0
2011-01-15,20.0,26.8,13.7,0.0,14.416666666666666,13.100000000000001,1.3999999999999986
2011-01-16,21.0,27.4,13.9,0.0,3.4583333333333335,13.499999999999998,1.0
2011-01-17,16.7,22.1,12.2,0.0,0.0,9.900000000000002,-4.300000000000001
2011-01-18,18.1,24.2,12.9,0.0,0.0,11.299999999999999,1.4000000000000021
2011-01-19,19.3,26.5,13.0,0.0,1.25,13.5,1.1999999999999993
2011-01-20,18.9,25.8,12.5,0.0,0.0,13.3,-0.40000000000000213
2011-01-21,17.8,24.4,11.9,0.0,0.0,12.499999999999998,-1.0999999999999979
2011-01-22,18.6,25.0,11.1,0.0,0.0,13.9,0.8000000000000007
2011-01-23,19.9,26.8,13.2,0.0,0.20833333333333334,13.600000000000001,1.2999999999999972
2011-01-24,20.7,28.2,13.1,0.0,4.5,15.1,0.8000000000000007
2011-01-25,21.9,28.4,14.6,0.0,4.625,13.799999999999999,1.1999999999999993
2011-01-26,22.1,28.6,14.8,0.0,13.75,13.8,0.20000000000000284
2011-01-27,21.5,27.6,16.3,0.0,1.6666666666666667,11.3,-0.6000000000000014
2011-01-28,20.6,26.9,14.4,0.0,0.041666666666666664,12.499999999999998,-0.8999999999999986
2011-01-29,21.2,27.4,13.6,0.0,1.4583333333333333,13.799999999999999,0.5999999999999979
2011-01-30,22.6,28.5,15.8,0.008333333333333333,14.583333333333334,12.7,1.4000000000000021
2011-01-31,22.3,28.4,16.8,0.0,13.25,11.599999999999998,-0.3000000000000007
2011-02-01,20.9,27.4,14.2,0.0,0.08333333333333333,13.2,-1.4000000000000021
2011-02-02,20.1,27.2,13.9,0.0,0.0,13.299999999999999,-0.7999999999999972
2011-02-03,20.6,27.4,13.8,0.0,0.0,13.599999999999998,0.5
2011-02-04,21.2,27.9,14.5,0.0,0.041666666666666664,13.399999999999999,0.5999999999999979
2011-02-05,22.0,28.4,14.4,0.0,0.25,13.999999999999998,0.8000000000000007
2011-02-06,22.4,29.1,15.7,0.0,0.0,13.400000000000002,0.3999999999999986
2011-02-07,22.7,30.1,15.1,0.0,0.0,15.000000000000002,0.3000000000000007
2011-02-08,24.4,32.5,17.2,0.0,0.08333333333333333,15.3,1.6999999999999993
2011-02-09,23.9,30.9,17.2,0.0,0.5833333333333334,13.7,-0.5
2011-02-10,22.5,29.6,15.5,0.0,0.0,14.100000000000001,-1.3999999999999986
2011-02-11,22.4,29.7,15.0,0.0,0.0,14.7,-0.10000000000000142
2011-02-12,22.4,30.1,15.2,0.0,6.25,14.900000000000002,0.0
2011-02-13,23.2,30.8,16.3,0.0,13.791666666666666,14.5,0.8000000000000007
2011-02-14,24.6,31.5,17.6,0.0,0.375,13.899999999999999,1.4000000000000021
2011-02-15,25.9,33.4,19.8,0.0,23.958333333333332,13.599999999999998,1.2999999999999972
2011-02-16,25.0,32.7,19.9,0.0,3.125,12.800000000000004,-0.8999999999999986
2011-02-17,23.9,29.5,18.7,0.0,32.833333333333336,10.8,-1.1000000000000014
2011-02-18,23.5,27.8,18.5,0.0,46.875,9.3,-0.3999999999999986
2011-02-19,23.4,28.8,19.2,0.10833333333333334,51.083333333333336,9.600000000000001,-0.10000000000000142
2011-02-20,22.8,27.0,19.6,0.09166666666666667,67.08333333333333,7.399999999999999,-0.5999999999999979
2011-02-21,19.6,22.5,16.1,0.02916666666666667,64.41666666666667,6.399999999999999,-3.1999999999999993
2011-02-22,21.4,28.3,15.1,0.0,0.875,13.200000000000001,1.7999999999999972
2011-02-23,21.5,28.8,14.3,0.0,0.0,14.5,0.10000000000000142
2011-02-24,22.3,29.2,14.2,0.0,6.166666666666667,15.0,0.8000000000000007
2011-02-25,22.8,30.0,14.8,0.0,0.4583333333333333,15.2,0.5
2011-02-26,24.0,30.6,15.5,0.0,3.5416666666666665,15.100000000000001,1.1999999999999993
2011-02-27,24.0,31.3,16.8,0.0,3.3333333333333335,14.5,0.0
2011-02-28,23.2,30.7,15.0,0.0,0.0,15.7,-0.8000000000000007
2011-03-01,22.2,30.3,14.4,0.0,0.0,15.9,-1.0
2011-03-02,23.9,31.5,14.0,0.0,0.0,17.5,1.6999999999999993
2011-03-03,25.8,33.4,16.5,0.0,0.0,16.9,1.9000000000000021
2011-03-04,27.1,34.8,18.0,0.0,3.25,16.799999999999997,1.3000000000000007
2011-03-05,28.5,35.7,22.0,0.0,7.208333333333333,13.700000000000003,1.3999999999999986
2011-03-06,27.9,34.9,20.0,0.0,0.041666666666666664,14.899999999999999,-0.6000000000000014
2011-03-07,25.8,33.7,17.3,0.0,0.0,16.400000000000002,-2.099999999999998
2011-03-08,25.9,33.8,16.9,0.0,0.041666666666666664,16.9,0.09999999999999787
2011-03-09,27.8,35.9,19.4,0.0,1.7916666666666667,16.5,1.9000000000000021
2011-03-10,28.1,35.4,21.2,0.0,23.291666666666668,14.2,0.3000000000000007
2011-03-11,26.6,32.6,21.0,0.075,51.916666666666664,11.600000000000001,-1.5
2011-03-12,26.4,32.5,20.6,0.008333333333333333,13.166666666666666,11.899999999999999,-0.20000000000000284
2011-03-13,26.6,33.1,21.4,0.0,18.791666666666668,11.700000000000003,0.20000000000000284
2011-03-14,26.9,32.5,21.3,0.0,17.541666666666668,11.2,0.29999999999999716
2011-03-15,25.9,33.2,18.8,0.041666666666666664,40.583333333333336,14.400000000000002,-1.0
2011-03-16,26.6,34.2,18.5,0.0,0.0,15.700000000000003,0.7000000000000028
2011-03-17,26.9,33.1,20.6,0.0,11.208333333333334,12.5,0.29999999999999716
2011-03-18,27.1,31.8,23.9,0.0,28.125,7.900000000000002,0.20000000000000284
2011-03-19,28.2,34.2,24.2,0.0,6.0,10.000000000000004,1.0999999999999979
2011-03-20,28.5,34.3,24.5,0.0,5.125,9.799999999999997,0.3000000000000007
2011-03-21,28.9,35.9,24.2,0.0,4.666666666666667,11.7,0.3999999999999986
2011-03-22,28.6,34.7,23.8,0.0,27.458333333333332,10.900000000000002,-0.29999999999999716
2011-03-23,28.6,35.3,23.5,0.0,28.25,11.799999999999997,0.0
2011-03-24,28.4,34.9,23.5,0.024999999999999998,47.833333333333336,11.399999999999999,-0.20000000000000284
2011-03-25,28.1,32.9,24.5,0.016666666666666666,54.375,8.399999999999999,-0.29999999999999716
2011-03-26,28.2,33.4,23.8,0.008333333333333333,25.125,9.599999999999998,0.09999999999999787
2011-03-27,27.8,34.0,23.6,0.03333333333333333,19.666666666666668,10.399999999999999,-0.3999999999999986
2011-03-28,27.8,33.5,24.0,0.041666666666666664,20.25,9.5,0.0
2011-03-29,28.0,32.5,24.7,0.024999999999999998,30.25,7.800000000000001,0.1999999999999993
2011-03-30,27.9,31.8,25.1,0.049999999999999996,54.458333333333336,6.699999999999999,-0.10000000000000142
2011-03-31,28.3,34.0,24.7,0.020833333333333332,27.708333333333332,9.3,0.40000000000000213
2011-04-01,28.4,34.4,24.8,0.029166666666666664,31.416666666666668,9.599999999999998,0.09999999999999787
2011-04-02,28.7,34.1,24.7,0.0,25.083333333333332,9.400000000000002,0.3000000000000007
2011-04-03,28.8,34.3,25.3,0.0,33.916666666666664,8.999999999999996,0.10000000000000142
2011-04-04,28.0,34.3,22.4,0.18333333333333332,59.916666666666664,11.899999999999999,-0.8000000000000007
2011-04-05,26.5,30.6,21.8,0.016666666666666666,50.875,8.8,-1.5
2011-04-06,27.9,33.6,21.7,0.0,5.125,11.900000000000002,1.3999999999999986
2011-04-07,29.0,35.8,22.8,0.0,2.75,12.999999999999996,1.1000000000000014
2011-04-08,29.7,36.9,24.1,0.0,28.583333333333332,12.799999999999997,0.6999999999999993
2011-04-09,28.9,36.3,23.9,0.05833333333333333,52.375,12.399999999999999,-0.8000000000000007
2011-04-10,27.9,34.9,23.1,0.09583333333333333,25.375,11.799999999999997,-1.0
2011-04-11,29.4,35.9,23.1,0.004166666666666667,20.958333333333332,12.799999999999997,1.5
2011-04-12,30.0,36.9,23.2,0.0,7.541666666666667,13.7,0.6000000000000014
2011-04-13,30.4,36.0,24.5,0.012500000000000002,59.541666666666664,11.5,0.3999999999999986
2011-04-14,29.6,35.2,25.7,0.041666666666666664,41.5,9.500000000000004,-0.7999999999999972
2011-04-15,30.0,35.6,25.6,0.0,47.416666666666664,10.0,0.3999999999999986
2011-04-16,29.3,34.5,25.5,0.075,86.83333333333333,9.0,-0.6999999999999993
2011-04-17,30.6,36.4,26.0,0.008333333333333333,67.25,10.399999999999999,1.3000000000000007
2011-04-18,30.7,36.5,25.6,0.0,56.125,10.899999999999999,0.09999999999999787
2011-04-19,30.0,34.4,25.7,0.0,45.916666666666664,8.7,-0.6999999999999993
2011-04-20,30.6,36.5,26.8,0.020833333333333332,37.25,9.7,0.6000000000000014
2011-04-21,30.1,36.1,25.3,0.13749999999999998,50.625,10.8,-0.5
2011-04-22,28.0,32.7,25.0,0.3625,70.875,7.700000000000003,-2.1000000000000014
2011-04-23,29.1,34.1,25.2,0.0375,20.416666666666668,8.900000000000002,1.1000000000000014
2011-04-24,28.8,34.8,25.4,0.0375,24.541666666666668,9.399999999999999,-0.3000000000000007
2011-04-25,28.0,34.0,25.1,0.12083333333333333,41.541666666666664,8.899999999999999,-0.8000000000000007
2011-04-26,25.9,30.3,23.7,0.8833333333333334,22.208333333333332,6.600000000000001,-2.1000000000000014
2011-04-27,26.8,30.8,23.8,0.25,26.375,7.0,0.9000000000000021
2011-04-28,28.2,32.1,23.9,0.008333333333333333,16.5,8.200000000000003,1.3999999999999986
2011-04-29,28.4,32.2,25.1,0.004166666666666667,15.708333333333334,7.100000000000001,0.1999999999999993
2011-04-30,28.9,33.1,25.4,0.020833333333333332,21.666666666666668,7.700000000000003,0.5
2011-05-01,29.5,34.2,25.2,0.004166666666666667,17.958333333333332,9.000000000000004,0.6000000000000014
2011-05-02,29.8,34.5,26.5,0.0,23.75,8.0,0.3000000000000007
2011-05-03,30.6,35.7,27.0,0.0,24.125,8.700000000000003,0.8000000000000007
2011-05-04,29.4,33.6,25.8,0.07083333333333335,55.916666666666664,7.800000000000001,-1.2000000000000028
2011-05-05,26.9,32.1,23.4,0.6541666666666667,45.875,8.700000000000003,-2.5
2011-05-06,28.3,32.9,25.5,0.24166666666666667,21.583333333333332,7.399999999999999,1.4000000000000021
2011-05-07,29.2,33.6,25.8,0.09166666666666667,49.208333333333336,7.800000000000001,0.8999999999999986
2011-05-08,29.2,33.1,26.5,0.03333333333333333,38.25,6.600000000000001,0.0
2011-05-09,31.1,36.7,26.6,0.0,7.25,10.100000000000001,1.9000000000000021
2011-05-10,31.7,37.8,27.5,0.0,5.708333333333333,10.299999999999997,0.5999999999999979
2011-05-11,31.7,37.3,27.5,0.0,21.25,9.799999999999997,0.0
2011-05-12,31.7,37.0,28.1,0.0,37.75,8.899999999999999,0.0
2011-05-13,31.7,37.0,28.3,0.0,35.958333333333336,8.7,0.0
2011-05-14,31.6,36.3,28.0,0.0,37.541666666666664,8.299999999999997,-0.09999999999999787
2011-05-15,31.9,36.6,28.4,0.0,44.5,8.200000000000003,0.29999999999999716
2011-05-16,31.5,35.8,27.9,0.0,30.375,7.899999999999999,-0.3999999999999986
2011-05-17,31.3,35.5,27.9,0.004166666666666667,36.666666666666664,7.600000000000001,-0.1999999999999993
2011-05-18,30.6,35.3,25.8,0.5208333333333334,59.666666666666664,9.499999999999996,-0.6999999999999993
2011-05-19,29.1,32.0,27.6,0.9416666666666668,93.66666666666667,4.399999999999999,-1.5
2011-05-20,30.5,34.7,27.7,0.03333333333333333,66.83333333333333,7.0000000000000036,1.3999999999999986
2011-05-21,31.1,35.4,27.8,0.0,49.5,7.599999999999998,0.6000000000000014
2011-05-22,31.7,36.4,28.2,0.0,53.083333333333336,8.2,0.5999999999999979
2011-05-23,31.3,36.2,27.9,0.10416666666666667,29.416666666666668,8.300000000000004,-0.3999999999999986
2011-05-24,31.6,36.1,28.1,0.0,60.791666666666664,8.0,0.3000000000000007
2011-05-25,31.4,36.3,28.4,0.05833333333333333,54.166666666666664,7.899999999999999,-0.20000000000000284
2011-05-26,29.7,32.4,27.0,0.15416666666666667,84.625,5.399999999999999,-1.6999999999999993
2011-05-27,29.4,33.3,26.6,0.0625,42.0,6.699999999999996,-0.3000000000000007
2011-05-28,29.2,33.2,26.3,0.18333333333333335,31.666666666666668,6.900000000000002,-0.1999999999999993
2011-05-29,29.2,33.4,26.3,0.23749999999999996,70.41666666666667,7.099999999999998,0.0
2011-05-30,29.9,33.3,27.0,0.125,82.08333333333333,6.299999999999997,0.6999999999999993
2011-05-31,30.4,34.6,27.5,0.11666666666666665,79.0,7.100000000000001,0.5
2011-06-01,30.5,34.5,27.7,0.008333333333333333,23.083333333333332,6.800000000000001,0.10000000000000142
2011-06-02,31.1,35.1,28.0,0.016666666666666666,18.083333333333332,7.100000000000001,0.6000000000000014
2011-06-03,31.0,35.3,27.9,0.020833333333333332,18.916666666666668,7.399999999999999,-0.10000000000000142
2011-06-04,31.4,35.5,28.2,0.008333333333333333,39.833333333333336,7.300000000000001,0.3999999999999986
2011-06-05,30.7,33.9,27.7,0.32916666666666666,55.0,6.199999999999999,-0.6999999999999993
2011-06-06,31.1,35.8,27.1,0.0,27.916666666666668,8.699999999999996,0.40000000000000213
2011-06-07,30.1,33.6,27.0,0.05833333333333333,68.625,6.600000000000001,-1.0
2011-06-08,29.8,33.4,27.1,0.02916666666666667,97.75,6.299999999999997,-0.3000000000000007
2011-06-09,30.4,33.8,27.1,0.41250000000000003,77.91666666666667,6.699999999999996,0.5999999999999979
2011-06-10,32.3,37.4,28.8,0.12916666666666668,75.625,8.599999999999998,1.8999999999999986
2011-06-11,31.4,37.0,28.3,0.19583333333333333,54.5,8.7,-0.8999999999999986
2011-06-12,30.1,35.3,26.5,0.4166666666666667,93.0,8.799999999999997,-1.2999999999999972
2011-06-13,29.1,33.3,26.2,0.6,76.66666666666667,7.099999999999998,-1.0
2011-06-14,28.7,32.6,25.8,0.4458333333333333,95.41666666666667,6.800000000000001,-0.40000000000000213
2011-06-15,27.4,31.1,25.8,1.0250000000000001,99.875,5.300000000000001,-1.3000000000000007
2011-06-16,26.2,28.1,25.2,4.6375,100.0,2.900000000000002,-1.1999999999999993
2011-06-17,25.9,27.1,25.0,5.25,100.0,2.1000000000000014,-0.3000000000000007
2011-06-18,26.7,27.8,26.0,1.5166666666666666,99.95833333333333,1.8000000000000007,0.8000000000000007
2011-06-19,28.3,29.9,26.5,0.24166666666666667,95.08333333333333,3.3999999999999986,1.6000000000000014
2011-06-20,27.7,29.8,26.2,1.6166666666666665,95.83333333333333,3.6000000000000014,-0.6000000000000014
2011-06-21,28.0,30.6,26.2,0.7833333333333333,92.58333333333333,4.400000000000002,0.3000000000000007
2011-06-22,28.4,31.5,26.7,0.7125,95.375,4.800000000000001,0.3999999999999986
2011-06-23,29.7,32.8,27.5,0.31666666666666665,97.08333333333333,5.299999999999997,1.3000000000000007
2011-06-24,29.0,32.1,26.6,0.8624999999999999,99.95833333333333,5.5,-0.6999999999999993
2011-06-25,27.9,31.9,26.3,1.0875000000000001,98.91666666666667,5.599999999999998,-1.1000000000000014
2011-06-26,26.9,28.1,25.9,0.2125,99.83333333333333,2.200000000000003,-1.0
2011-06-27,27.6,30.9,26.0,0.30833333333333335,100.0,4.899999999999999,0.7000000000000028
2011-06-28,27.9,30.4,26.5,0.7291666666666666,99.70833333333333,3.8999999999999986,0.29999999999999716
2011-06-29,27.8,29.5,26.9,0.525,99.70833333333333,2.6000000000000014,-0.09999999999999787
2011-06-30,28.6,32.6,26.4,1.05,99.83333333333333,6.200000000000003,0.8000000000000007
2011-07-01,28.5,31.1,26.6,0.14166666666666666,99.5,4.5,-0.10000000000000142
2011-07-02,28.9,31.8,26.9,0.28750000000000003,99.58333333333333,4.900000000000002,0.3999999999999986
2011-07-03,27.3,28.5,25.6,0.7125,99.95833333333333,2.8999999999999986,-1.5999999999999979
2011-07-04,26.3,29.4,25.2,1.0083333333333335,84.75,4.199999999999999,-1.0
2011-07-05,27.5,30.4,25.3,0.5791666666666667,53.333333333333336,5.099999999999998,1.1999999999999993
2011-07-06,27.2,30.5,25.0,0.15833333333333333,62.916666666666664,5.5,-0.3000000000000007
2011-07-07,27.5,29.9,25.3,0.16666666666666666,64.91666666666667,4.599999999999998,0.3000000000000007
2011-07-08,28.2,30.7,26.1,0.21666666666666667,41.25,4.599999999999998,0.6999999999999993
2011-07-09,28.8,32.4,26.5,0.10833333333333334,39.958333333333336,5.899999999999999,0.6000000000000014
2011-07-10,29.2,32.6,27.0,0.22916666666666666,83.41666666666667,5.600000000000001,0.3999999999999986
2011-07-11,28.7,33.0,26.8,0.3083333333333333,87.66666666666667,6.199999999999999,-0.5
2011-07-12,29.2,32.0,26.7,0.04583333333333334,98.66666666666667,5.300000000000001,0.5
2011-07-13,28.5,30.9,26.6,0.08333333333333333,96.91666666666667,4.299999999999997,-0.6999999999999993
2011-07-14,28.6,31.4,26.6,0.05833333333333333,99.45833333333333,4.799999999999997,0.10000000000000142
2011-07-15,28.2,31.2,25.9,0.19583333333333333,99.70833333333333,5.300000000000001,-0.40000000000000213
2011-07-16,28.2,31.2,26.0,0.1625,97.58333333333333,5.199999999999999,0.0
2011-07-17,27.7,30.2,25.9,0.8291666666666666,99.08333333333333,4.300000000000001,-0.5
2011-07-18,27.9,30.0,25.8,0.41250000000000003,99.75,4.199999999999999,0.1999999999999993
2011-07-19,28.3,31.8,26.7,0.7000000000000001,100.0,5.100000000000001,0.40000000000000213
2011-07-20,27.2,28.8,25.6,1.2333333333333334,99.91666666666667,3.1999999999999993,-1.1000000000000014
2011-07-21,26.0,27.3,25.3,1.3708333333333333,100.0,2.0,-1.1999999999999993
2011-07-22,27.2,29.2,25.3,0.029166666666666664,99.33333333333333,3.8999999999999986,1.1999999999999993
2011-07-23,28.2,31.6,25.3,0.0,98.33333333333333,6.300000000000001,1.0
2011-07-24,28.1,31.3,25.3,0.02916666666666667,84.75,6.0,-0.09999999999999787
2011-07-25,28.5,31.6,25.2,0.04583333333333334,88.95833333333333,6.400000000000002,0.3999999999999986
2011-07-26,28.5,30.9,26.3,0.016666666666666666,87.33333333333333,4.599999999999998,0.0
2011-07-27,28.6,31.2,26.0,0.02916666666666667,87.58333333333333,5.199999999999999,0.10000000000000142
2011-07-28,29.0,32.3,26.0,0.0375,92.83333333333333,6.299999999999997,0.3999999999999986
2011-07-29,29.0,31.8,26.1,0.03333333333333333,76.75,5.699999999999999,0.0
2011-07-30,29.5,32.6,26.1,0.020833333333333332,75.29166666666667,6.5,0.5
2011-07-31,30.0,33.0,26.8,0.020833333333333332,90.58333333333333,6.199999999999999,0.5
2011-08-01,30.5,33.9,27.0,0.016666666666666666,98.91666666666667,6.899999999999999,0.5
2011-08-02,29.0,33.1,26.2,0.8833333333333333,99.66666666666667,6.900000000000002,-1.5
2011-08-03,28.0,30.3,26.3,0.2833333333333333,99.95833333333333,4.0,-1.0
2011-08-04,28.2,30.7,26.3,0.44583333333333336,99.16666666666667,4.399999999999999,0.1999999999999993
2011-08-05,27.6,30.4,25.9,1.1958333333333333,99.91666666666667,4.5,-0.5999999999999979
2011-08-06,27.2,30.0,25.9,0.7791666666666667,99.79166666666667,4.100000000000001,-0.40000000000000213
2011-08-07,26.3,26.8,25.9,3.2624999999999997,100.0,0.9000000000000021,-0.8999999999999986
2011-08-08,26.5,27.7,25.7,0.8541666666666666,99.95833333333333,2.0,0.1999999999999993
2011-08-09,26.7,27.5,25.8,1.5666666666666667,100.0,1.6999999999999993,0.1999999999999993
2011-08-10,26.5,27.6,25.7,1.3208333333333333,100.0,1.9000000000000021,-0.1999999999999993
2011-08-11,26.4,28.1,25.6,0.44583333333333336,99.54166666666667,2.5,-0.10000000000000142
2011-08-12,26.0,27.5,25.1,0.3833333333333333,99.83333333333333,2.3999999999999986,-0.3999999999999986
2011-08-13,26.1,27.4,24.9,0.6416666666666667,99.95833333333333,2.5,0.10000000000000142
2011-08-14,27.3,29.7,25.5,0.20833333333333334,97.54166666666667,4.199999999999999,1.1999999999999993
2011-08-15,28.0,31.4,25.7,0.47916666666666674,97.08333333333333,5.699999999999999,0.6999999999999993
2011-08-16,27.2,31.2,25.1,1.3916666666666666,99.83333333333333,6.099999999999998,-0.8000000000000007
2011-08-17,26.1,29.5,24.3,1.5708333333333335,99.95833333333333,5.199999999999999,-1.0999999999999979
2011-08-18,25.6,27.0,24.4,0.5875,99.20833333333333,2.6000000000000014,-0.5
2011-08-19,26.3,29.5,24.2,0.2125,71.5,5.300000000000001,0.6999999999999993
2011-08-20,27.7,31.7,24.3,0.23333333333333336,77.0,7.399999999999999,1.3999999999999986
2011-08-21,28.0,31.2,25.6,0.012500000000000002,99.41666666666667,5.599999999999998,0.3000000000000007
2011-08-22,27.8,30.9,25.8,0.19999999999999998,97.04166666666667,5.099999999999998,-0.1999999999999993
2011-08-23,27.7,31.5,25.6,0.33749999999999997,93.75,5.899999999999999,-0.10000000000000142
2011-08-24,27.7,31.0,25.6,0.42083333333333334,97.125,5.399999999999999,0.0
2011-08-25,26.5,29.0,25.3,0.7916666666666666,99.79166666666667,3.6999999999999993,-1.1999999999999993
2011-08-26,26.7,29.6,24.7,0.48750000000000004,99.79166666666667,4.900000000000002,0.1999999999999993
2011-08-27,26.6,28.8,24.8,0.23750000000000002,99.0,4.0,-0.09999999999999787
2011-08-28,27.7,31.2,25.3,0.2041666666666667,85.58333333333333,5.899999999999999,1.0999999999999979
2011-08-29,27.8,31.3,25.8,0.42916666666666664,82.66666666666667,5.5,0.10000000000000142
2011-08-30,28.0,31.6,25.0,0.3875,68.54166666666667,6.600000000000001,0.1999999999999993
2011-08-31,26.6,29.6,25.0,0.5041666666666667,88.0,4.600000000000001,-1.3999999999999986
2011-09-01,25.7,26.5,24.7,1.0374999999999999,99.95833333333333,1.8000000000000007,-0.9000000000000021
2011-09-02,25.6,27.1,24.4,0.6458333333333334,94.79166666666667,2.700000000000003,-0.09999999999999787
2011-09-03,26.9,29.8,24.5,0.19583333333333333,96.79166666666667,5.300000000000001,1.2999999999999972
2011-09-04,26.5,27.9,25.1,0.3125,88.66666666666667,2.799999999999997,-0.3999999999999986
2011-09-05,27.5,30.3,25.2,0.07916666666666666,84.5,5.100000000000001,1.0
2011-09-06,26.9,29.1,25.6,0.3333333333333333,91.79166666666667,3.5,-0.6000000000000014
2011-09-07,27.0,30.1,25.5,0.07916666666666668,96.91666666666667,4.600000000000001,0.10000000000000142
2011-09-08,26.7,29.8,24.9,0.8958333333333334,99.04166666666667,4.900000000000002,-0.3000000000000007
2011-09-09,26.0,28.1,24.9,0.75,97.33333333333333,3.200000000000003,-0.6999999999999993
2011-09-10,26.9,30.3,25.1,0.2541666666666667,91.16666666666667,5.199999999999999,0.8999999999999986
2011-09-11,28.2,31.4,25.2,0.020833333333333332,74.79166666666667,6.199999999999999,1.3000000000000007
2011-09-12,29.2,32.4,26.0,0.0,68.29166666666667,6.399999999999999,1.0
2011-09-13,28.5,32.7,25.1,0.875,93.83333333333333,7.600000000000001,-0.6999999999999993
2011-09-14,25.6,27.8,24.8,2.5875,99.58333333333333,3.0,-2.8999999999999986
2011-09-15,26.1,28.5,25.2,1.2041666666666666,99.875,3.3000000000000007,0.5
2011-09-16,26.5,27.5,25.3,1.1166666666666667,99.70833333333333,2.1999999999999993,0.3999999999999986
2011-09-17,26.5,28.8,25.2,0.8333333333333334,99.20833333333333,3.6000000000000014,0.0
2011-09-18,26.1,28.4,25.0,0.6541666666666667,99.41666666666667,3.3999999999999986,-0.3999999999999986
2011-09-19,26.5,28.7,24.9,0.27499999999999997,96.75,3.8000000000000007,0.3999999999999986
2011-09-20,27.4,30.7,25.4,0.26666666666666666,97.20833333333333,5.300000000000001,0.8999999999999986
2011-09-21,26.5,28.7,25.2,0.6458333333333334,99.20833333333333,3.5,-0.8999999999999986
2011-09-22,27.0,29.6,25.3,0.20833333333333334,98.66666666666667,4.300000000000001,0.5
2011-09-23,26.8,28.7,25.4,0.33749999999999997,87.20833333333333,3.3000000000000007,-0.1999999999999993
2011-09-24,27.5,30.1,25.4,0.024999999999999998,52.166666666666664,4.700000000000003,0.6999999999999993
2011-09-25,27.6,30.2,25.3,0.3666666666666667,51.25,4.899999999999999,0.10000000000000142
2011-09-26,27.8,31.3,25.1,0.07083333333333333,59.5,6.199999999999999,0.1999999999999993
2011-09-27,28.0,31.4,24.6,0.004166666666666667,32.083333333333336,6.799999999999997,0.1999999999999993
2011-09-28,27.8,31.7,24.4,0.004166666666666667,19.083333333333332,7.300000000000001,-0.1999999999999993
2011-09-29,28.2,32.0,24.6,0.008333333333333333,30.041666666666668,7.399999999999999,0.3999999999999986
2011-09-30,28.7,32.0,25.0,0.029166666666666664,28.291666666666668,7.0,0.5
2011-10-01,28.2,31.9,25.0,0.0,38.125,6.899999999999999,-0.5
2011-10-02,27.6,32.2,23.0,0.0,5.708333333333333,9.200000000000003,-0.5999999999999979
2011-10-03,27.7,32.3,22.8,0.0,12.833333333333334,9.499999999999996,0.09999999999999787
2011-10-04,27.9,31.5,24.0,0.03333333333333333,19.5,7.5,0.1999999999999993
2011-10-05,28.1,31.4,24.6,0.03333333333333333,43.541666666666664,6.799999999999997,0.20000000000000284
2011-10-06,27.9,31.9,25.1,0.1125,30.541666666666668,6.799999999999997,-0.20000000000000284
2011-10-07,27.6,32.1,24.7,0.15833333333333333,54.708333333333336,7.400000000000002,-0.29999999999999716
2011-10-08,28.0,31.8,25.2,0.020833333333333332,69.83333333333333,6.600000000000001,0.3999999999999986
2011-10-09,28.4,31.8,25.3,0.012500000000000002,62.916666666666664,6.5,0.3999999999999986
2011-10-10,29.1,32.1,25.5,0.012500000000000002,18.041666666666668,6.600000000000001,0.7000000000000028
2011-10-11,29.1,32.8,25.9,0.020833333333333332,38.0,6.899999999999999,0.0
2011-10-12,29.0,32.6,25.8,0.04583333333333334,31.583333333333332,6.800000000000001,-0.10000000000000142
2011-10-13,28.4,32.4,24.7,0.04583333333333334,40.416666666666664,7.699999999999999,-0.6000000000000014
2011-10-14,28.1,31.5,24.4,0.020833333333333332,16.833333333333332,7.100000000000001,-0.29999999999999716
2011-10-15,28.4,32.0,24.6,0.0,19.958333333333332,7.399999999999999,0.29999999999999716
2011-10-16,28.3,31.8,24.8,0.004166666666666667,17.375,7.0,-0.09999999999999787
2011-10-17,28.2,32.2,24.5,0.075,52.791666666666664,7.700000000000003,-0.10000000000000142
2011-10-18,26.2,29.7,24.1,0.36250000000000004,98.625,5.599999999999998,-2.0
2011-10-19,26.0,29.9,22.8,0.049999999999999996,49.625,7.099999999999998,-0.1999999999999993
2011-10-20,27.3,31.3,22.7,0.004166666666666667,58.166666666666664,8.600000000000001,1.3000000000000007
2011-10-21,26.0,30.1,23.1,0.2833333333333334,73.33333333333333,7.0,-1.3000000000000007
2011-10-22,25.2,28.2,22.6,0.12916666666666668,48.916666666666664,5.599999999999998,-0.8000000000000007
2011-10-23,26.1,29.9,22.5,0.016666666666666666,25.75,7.399999999999999,0.9000000000000021
2011-10-24,26.4,30.9,21.9,0.0,13.458333333333334,9.0,0.29999999999999716
2011-10-25,26.4,31.4,21.6,0.0,37.708333333333336,9.799999999999997,0.0
2011-10-26,26.3,29.9,21.4,0.0,37.958333333333336,8.5,-0.09999999999999787
2011-10-27,26.2,31.5,21.2,0.0,15.791666666666666,10.3,-0.10000000000000142
2011-10-28,25.9,30.9,21.6,0.0,15.791666666666666,9.299999999999997,-0.3000000000000007
2011-10-29,25.0,30.5,19.6,0.0,6.875,10.899999999999999,-0.8999999999999986
2011-10-30,24.9,30.0,19.1,0.0,6.208333333333333,10.899999999999999,-0.10000000000000142
2011-10-31,24.4,29.9,19.8,0.0,8.25,10.099999999999998,-0.5
2011-11-01,24.8,29.9,19.4,0.0,20.041666666666668,10.5,0.40000000000000213
2011-11-02,23.8,29.7,18.5,0.0,11.25,11.2,-1.0
2011-11-03,23.8,29.2,18.3,0.0,17.875,10.899999999999999,0.0
2011-11-04,24.7,29.3,21.0,0.0,10.083333333333334,8.3,0.8999999999999986
2011-11-05,24.6,29.5,19.9,0.0,5.041666666666667,9.600000000000001,-0.09999999999999787
2011-11-06,24.7,30.3,19.7,0.0,6.125,10.600000000000001,0.09999999999999787
2011-11-07,24.4,30.1,18.6,0.0,10.666666666666666,11.5,-0.3000000000000007
2011-11-08,23.2,29.0,17.7,0.0,0.0,11.3,-1.1999999999999993
2011-11-09,23.4,29.8,17.3,0.0,34.958333333333336,12.5,0.1999999999999993
2011-11-10,24.2,29.9,17.3,0.0,58.416666666666664,12.599999999999998,0.8000000000000007
2011-11-11,24.0,29.9,17.9,0.0,0.125,12.0,-0.1999999999999993
2011-11-12,25.1,30.2,19.4,0.0,11.458333333333334,10.8,1.1000000000000014
2011-11-13,25.3,29.4,20.6,0.012500000000000002,23.458333333333332,8.799999999999997,0.1999999999999993
2011-11-14,24.9,28.9,21.7,0.05000000000000001,28.375,7.199999999999999,-0.40000000000000213
2011-11-15,24.1,28.5,20.7,0.0,27.75,7.800000000000001,-0.7999999999999972
2011-11-16,24.5,28.3,20.9,0.0,24.791666666666668,7.400000000000002,0.3999999999999986
2011-11-17,24.1,29.2,19.6,0.0,15.041666666666666,9.599999999999998,-0.3999999999999986
2011-11-18,23.9,29.5,18.7,0.0,15.791666666666666,10.8,-0.20000000000000284
2011-11-19,23.3,27.9,18.5,0.0,30.0,9.399999999999999,-0.5999999999999979
2011-11-20,23.5,27.9,19.1,0.0,32.791666666666664,8.799999999999997,0.1999999999999993
2011-11-21,23.9,28.5,18.7,0.0,36.208333333333336,9.8,0.3999999999999986
2011-11-22,23.8,28.3,18.7,0.0,39.75,9.600000000000001,-0.09999999999999787
2011-11-23,23.2,29.4,17.5,0.0,2.2083333333333335,11.899999999999999,-0.6000000000000014
2011-11-24,23.2,29.6,17.3,0.0,0.0,12.3,0.0
2011-11-25,23.1,29.4,17.4,0.0,0.0,12.0,-0.09999999999999787
2011-11-26,22.5,28.8,16.6,0.0,27.666666666666668,12.2,-0.6000000000000014
2011-11-27,22.2,28.5,16.4,0.0,0.375,12.100000000000001,-0.3000000000000007
2011-11-28,22.5,28.1,16.9,0.0,15.958333333333334,11.200000000000003,0.3000000000000007
2011-11-29,23.0,27.9,18.7,0.0,32.5,9.2,0.5
2011-11-30,22.3,27.1,17.1,0.0,47.083333333333336,10.0,-0.6999999999999993
2011-12-01,21.6,26.7,16.7,0.0,56.916666666666664,10.0,-0.6999999999999993
2011-12-02,22.4,27.3,16.3,0.0,34.0,11.0,0.7999999999999972
2011-12-03,22.9,27.5,18.9,0.0,33.291666666666664,8.600000000000001,0.5
2011-12-04,23.0,28.1,18.8,0.0,15.208333333333334,9.3,0.10000000000000142
2011-12-05,23.3,28.5,18.1,0.0,20.958333333333332,10.399999999999999,0.3000000000000007
2011-12-06,22.8,28.2,17.8,0.0,8.125,10.399999999999999,-0.5
2011-12-07,22.4,28.2,17.3,0.0,2.25,10.899999999999999,-0.40000000000000213
2011-12-08,22.0,27.7,16.7,0.0,0.7083333333333334,11.0,-0.3999999999999986
2011-12-09,22.1,28.1,16.7,0.0,3.75,11.400000000000002,0.10000000000000142
2011-12-10,22.3,27.8,16.9,0.0,10.208333333333334,10.900000000000002,0.1999999999999993
2011-12-11,22.5,27.1,18.3,0.0,30.458333333333332,8.8,0.1999999999999993
2011-12-12,22.1,26.2,18.2,0.0,27.041666666666668,8.0,-0.3999999999999986
2011-12-13,21.0,26.1,16.8,0.0,17.208333333333332,9.3,-1.1000000000000014
2011-12-14,19.4,25.1,14.3,0.0,9.25,10.8,-1.6000000000000014
2011-12-15,18.6,24.5,13.2,0.0,0.041666666666666664,11.3,-0.7999999999999972
2011-12-16,18.1,24.4,12.6,0.0,0.0,11.799999999999999,-0.5
2011-12-17,17.7,23.9,12.1,0.0,0.0,11.799999999999999,-0.40000000000000213
2011-12-18,17.6,23.9,12.4,0.0,0.5,11.499999999999998,-0.09999999999999787
2011-12-19,17.7,23.6,11.7,0.0,25.666666666666668,11.900000000000002,0.09999999999999787
2011-12-20,17.8,23.8,12.9,0.0,5.791666666666667,10.9,0.10000000000000142
2011-12-21,17.5,23.5,12.3,0.0,24.833333333333332,11.2,-0.3000000000000007
2011-12-22,17.2,23.0,12.0,0.0,38.666666666666664,11.0,-0.3000000000000007
2011-12-23,16.8,22.7,11.9,0.0,81.16666666666667,10.799999999999999,-0.3999999999999986
2011-12-24,17.0,22.9,11.8,0.0,68.5,11.099999999999998,0.1999999999999993
2011-12-25,17.5,23.9,11.6,0.0,0.6666666666666666,12.299999999999999,0.5
2011-12-26,18.0,24.3,12.5,0.0,29.541666666666668,11.8,0.5
2011-12-27,19.5,25.1,12.5,0.0,70.625,12.600000000000001,1.5
2011-12-28,21.1,25.8,17.1,0.0,65.41666666666667,8.7,1.6000000000000014
2011-12-29,21.9,26.6,17.8,0.0,47.416666666666664,8.8,0.7999999999999972
2011-12-30,22.0,27.8,17.2,0.0,8.458333333333334,10.600000000000001,0.10000000000000142
2011-12-31,21.7,27.1,16.5,0.0,43.458333333333336,10.600000000000001,-0.3000000000000007
2012-01-01,22.7,28.3,17.5,0.016666666666666666,62.75,10.8,1.0
2012-01-02,20.9,24.6,17.4,0.049999999999999996,43.916666666666664,7.200000000000003,-1.8000000000000007
2012-01-03,21.4,25.2,17.9,0.03333333333333333,75.54166666666667,7.300000000000001,0.5
2012-01-04,20.3,22.8,18.1,0.004166666666666667,84.95833333333333,4.699999999999999,-1.0999999999999979
2012-01-05,21.2,25.1,18.4,0.04583333333333334,54.708333333333336,6.700000000000003,0.8999999999999986
2012-01-06,20.1,22.6,17.8,0.17500000000000002,84.54166666666667,4.800000000000001,-1.0999999999999979
2012-01-07,20.2,23.6,18.2,0.02916666666666667,99.54166666666667,5.400000000000002,0.09999999999999787
2012-01-08,19.8,22.4,18.0,0.28750000000000003,92.41666666666667,4.399999999999999,-0.3999999999999986
2012-01-09,18.9,21.2,17.9,0.3666666666666667,99.29166666666667,3.3000000000000007,-0.9000000000000021
2012-01-10,19.0,21.2,16.2,0.6666666666666666,86.04166666666667,5.0,0.10000000000000142
2012-01-11,17.4,22.4,11.7,0.0,16.541666666666668,10.7,-1.6000000000000014
2012-01-12,15.0,20.6,10.8,0.0,0.0,9.8,-2.3999999999999986
2012-01-13,14.8,20.3,9.7,0.0,2.1666666666666665,10.600000000000001,-0.1999999999999993
2012-01-14,14.3,20.3,9.0,0.0,0.0,11.3,-0.5
2012-01-15,15.6,21.2,8.5,0.0,0.0,12.7,1.299999999999999
2012-01-16,16.9,23.0,11.9,0.0,0.125,11.1,1.299999999999999
2012-01-17,19.4,26.3,12.2,0.0,0.4583333333333333,14.100000000000001,2.5
2012-01-18,19.7,25.7,15.2,0.0,23.625,10.5,0.3000000000000007
2012-01-19,20.1,25.0,16.8,0.0,47.041666666666664,8.2,0.40000000000000213
2012-01-20,20.9,26.1,17.0,0.0,62.791666666666664,9.100000000000001,0.7999999999999972
2012-01-21,18.1,23.5,12.0,0.0,9.083333333333334,11.5,-2.799999999999997
2012-01-22,15.3,21.7,9.8,0.0,0.0,11.899999999999999,-2.8000000000000007
2012-01-23,16.2,22.7,9.9,0.0,0.08333333333333333,12.799999999999999,0.8999999999999986
2012-01-24,17.5,23.7,10.2,0.0,0.6666666666666666,13.5,1.3000000000000007
2012-01-25,18.9,25.2,13.8,0.0,12.041666666666666,11.399999999999999,1.3999999999999986
2012-01-26,20.2,26.0,13.5,0.0,24.5,12.5,1.3000000000000007
2012-01-27,19.5,24.9,15.2,0.0,13.541666666666666,9.7,-0.6999999999999993
2012-01-28,19.9,25.4,13.3,0.0,23.833333333333332,12.099999999999998,0.3999999999999986
2012-01-29,19.8,24.9,15.6,0.0,35.75,9.299999999999999,-0.09999999999999787
2012-01-30,19.3,25.9,13.9,0.0,0.3333333333333333,11.999999999999998,-0.5
2012-01-31,18.7,25.2,13.1,0.0,0.875,12.1,-0.6000000000000014
2012-02-01,18.7,25.3,12.3,0.0,5.625,13.0,0.0
2012-02-02,17.7,24.3,11.5,0.0,0.9583333333333334,12.8,-1.0
2012-02-03,17.9,25.0,10.7,0.0,0.0,14.3,0.1999999999999993
2012-02-04,19.5,25.8,11.3,0.0,0.0,14.5,1.6000000000000014
2012-02-05,20.2,27.5,12.8,0.0,0.0,14.7,0.6999999999999993
2012-02-06,21.9,29.8,13.9,0.0,0.0,15.9,1.6999999999999993
2012-02-07,22.8,29.7,15.6,0.0,19.291666666666668,14.1,0.9000000000000021
2012-02-08,23.4,30.3,17.3,0.0,91.58333333333333,13.0,0.5999999999999979
2012-02-09,21.9,27.6,15.7,0.0,4.125,11.900000000000002,-1.5
2012-02-10,19.3,24.8,13.6,0.0,0.08333333333333333,11.200000000000001,-2.599999999999998
2012-02-11,19.3,25.4,12.3,0.0,0.041666666666666664,13.099999999999998,0.0
2012-02-12,19.4,26.0,11.8,0.0,0.0,14.2,0.09999999999999787
2012-02-13,21.3,27.3,15.8,0.0,3.1666666666666665,11.5,1.9000000000000021
2012-02-14,23.4,29.5,17.3,0.0,8.125,12.2,2.099999999999998
2012-02-15,24.5,30.8,18.7,0.08333333333333333,31.833333333333332,12.100000000000001,1.1000000000000014
2012-02-16,23.3,27.7,19.5,0.11666666666666668,33.625,8.2,-1.1999999999999993
2012-02-17,23.8,29.2,18.8,0.0,18.125,10.399999999999999,0.5
2012-02-18,23.5,29.4,18.0,0.0,5.458333333333333,11.399999999999999,-0.3000000000000007
2012-02-19,22.6,28.7,15.1,0.0,2.5833333333333335,13.6,-0.8999999999999986
2012-02-20,21.9,28.5,14.4,0.0,0.041666666666666664,14.1,-0.7000000000000028
2012-02-21,23.0,30.3,15.8,0.0,6.958333333333333,14.5,1.1000000000000014
2012-02-22,24.6,32.3,17.8,0.0,1.0,14.499999999999996,1.6000000000000014
2012-02-23,25.2,32.7,17.9,0.0,0.3333333333333333,14.800000000000004,0.5999999999999979
2012-02-24,25.5,33.3,17.8,0.0,0.041666666666666664,15.499999999999996,0.3000000000000007
2012-02-25,25.9,34.0,17.8,0.0,0.0,16.2,0.3999999999999986
2012-02-26,25.8,32.5,18.0,0.0,0.0,14.5,-0.09999999999999787
2012-02-27,24.1,30.8,16.7,0.0,0.0,14.100000000000001,-1.6999999999999993
2012-02-28,24.7,31.1,15.2,0.0,8.125,15.900000000000002,0.5999999999999979
2012-02-29,25.2,31.8,18.9,0.0,7.958333333333333,12.900000000000002,0.5
2012-03-01,25.7,31.6,18.6,0.06666666666666667,11.833333333333334,13.0,0.5
2012-03-02,25.3,30.3,22.1,0.08333333333333333,31.75,8.2,-0.3999999999999986
2012-03-03,25.2,31.5,20.0,0.05833333333333334,9.041666666666666,11.5,-0.10000000000000142
2012-03-04,25.9,32.7,19.5,0.0,38.958333333333336,13.200000000000003,0.6999999999999993
2012-03-05,27.4,34.2,22.3,0.0,14.125,11.900000000000002,1.5
2012-03-06,28.4,35.4,22.7,0.0,11.875,12.7,1.0
2012-03-07,28.2,35.1,22.0,0.0,1.375,13.100000000000001,-0.1999999999999993
2012-03-08,27.2,33.2,21.2,0.0,8.416666666666666,12.000000000000004,-1.0
2012-03-09,26.8,33.3,22.3,0.0,32.833333333333336,10.999999999999996,-0.3999999999999986
2012-03-10,26.7,31.6,21.3,0.0,19.291666666666668,10.3,-0.10000000000000142
2012-03-11,26.5,33.3,20.2,0.0,4.541666666666667,13.099999999999998,-0.1999999999999993
2012-03-12,26.9,33.7,19.8,0.0,9.708333333333334,13.900000000000002,0.3999999999999986
2012-03-13,26.1,32.5,20.0,0.0,20.458333333333332,12.5,-0.7999999999999972
2012-03-14,25.6,31.2,19.6,0.0,2.0833333333333335,11.599999999999998,-0.5
2012-03-15,25.3,31.4,19.0,0.0,0.25,12.399999999999999,-0.3000000000000007
2012-03-16,25.9,32.1,18.7,0.0,8.916666666666666,13.400000000000002,0.5999999999999979
2012-03-17,26.7,32.8,21.0,0.004166666666666667,27.291666666666668,11.799999999999997,0.8000000000000007
2012-03-18,28.2,34.2,23.5,0.0,29.166666666666668,10.700000000000003,1.5
2012-03-19,27.5,32.1,22.6,0.020833333333333332,30.375,9.5,-0.6999999999999993
2012-03-20,28.4,33.9,22.4,0.0,22.625,11.5,0.8999999999999986
2012-03-21,29.4,36.2,23.9,0.0,11.916666666666666,12.300000000000004,1.0
2012-03-22,29.6,36.1,24.8,0.0,23.458333333333332,11.3,0.20000000000000284
2012-03-23,27.5,34.0,21.5,0.0,19.375,12.5,-2.1000000000000014
2012-03-24,27.8,34.8,22.3,0.0,21.625,12.499999999999996,0.3000000000000007
2012-03-25,28.4,36.0,22.1,0.0,9.375,13.899999999999999,0.5999999999999979
2012-03-26,29.1,36.4,22.7,0.0,0.375,13.7,0.7000000000000028
2012-03-27,29.5,37.3,23.6,0.0,12.791666666666666,13.699999999999996,0.3999999999999986
2012-03-28,30.2,38.1,23.9,0.0,17.75,14.200000000000003,0.6999999999999993
2012-03-29,30.2,37.6,24.4,0.0,23.916666666666668,13.200000000000003,0.0
2012-03-30,29.8,36.1,24.0,0.008333333333333333,52.875,12.100000000000001,-0.3999999999999986
2012-03-31,28.7,35.3,24.5,0.05833333333333333,61.958333333333336,10.799999999999997,-1.1000000000000014
2012-04-01,29.0,33.6,23.6,0.025000000000000005,18.75,10.0,0.3000000000000007
2012-04-02,29.3,34.9,23.4,0.020833333333333332,16.291666666666668,11.5,0.3000000000000007
2012-04-03,29.3,35.6,24.5,0.0,25.0,11.100000000000001,0.0
2012-04-04,29.6,35.8,24.9,0.0,28.458333333333332,10.899999999999999,0.3000000000000007
2012-04-05,29.3,34.7,25.6,0.049999999999999996,43.833333333333336,9.100000000000001,-0.3000000000000007
2012-04-06,28.2,33.5,24.8,0.05833333333333333,44.5,8.7,-1.1000000000000014
2012-04-07,27.3,33.9,23.6,0.15,27.875,10.299999999999997,-0.8999999999999986
2012-04-08,28.8,33.3,25.9,0.041666666666666664,44.375,7.399999999999999,1.5
2012-04-09,26.7,32.1,21.8,0.5166666666666666,45.458333333333336,10.3,-2.1000000000000014
2012-04-10,27.4,33.2,23.1,0.10833333333333334,60.375,10.100000000000001,0.6999999999999993
2012-04-11,27.6,31.2,23.5,0.3125,45.041666666666664,7.699999999999999,0.20000000000000284
2012-04-12,28.8,34.4,25.7,0.004166666666666667,53.333333333333336,8.7,1.1999999999999993
2012-04-13,28.4,34.3,23.5,0.25,49.333333333333336,10.799999999999997,-0.40000000000000213
2012-04-14,30.0,35.7,25.9,0.0,17.541666666666668,9.800000000000004,1.6000000000000014
2012-04-15,29.9,36.2,25.9,0.024999999999999998,21.583333333333332,10.300000000000004,-0.10000000000000142
2012-04-16,29.5,34.8,25.8,0.08333333333333333,16.833333333333332,8.999999999999996,-0.3999999999999986
2012-04-17,30.4,36.1,25.9,0.012499999999999999,35.5,10.200000000000003,0.8999999999999986
2012-04-18,31.0,37.0,26.5,0.0,25.833333333333332,10.5,0.6000000000000014
2012-04-19,31.1,37.3,26.5,0.008333333333333333,41.5,10.799999999999997,0.10000000000000142
2012-04-20,31.2,37.2,27.5,0.0,63.958333333333336,9.700000000000003,0.09999999999999787
2012-04-21,31.6,38.1,26.9,0.008333333333333333,16.25,11.200000000000003,0.40000000000000213
2012-04-22,32.2,38.9,26.7,0.016666666666666666,14.375,12.2,0.6000000000000014
2012-04-23,31.6,37.3,27.6,0.0375,28.5,9.699999999999996,-0.6000000000000014
2012-04-24,32.1,39.7,27.3,0.06666666666666667,19.333333333333332,12.400000000000002,0.5
2012-04-25,31.0,37.4,26.8,0.25,34.916666666666664,10.599999999999998,-1.1000000000000014
2012-04-26,31.5,36.8,27.1,0.008333333333333333,58.75,9.699999999999996,0.5
2012-04-27,32.4,37.8,28.3,0.016666666666666666,50.041666666666664,9.499999999999996,0.8999999999999986
2012-04-28,30.9,37.3,27.1,0.3916666666666666,22.041666666666668,10.199999999999996,-1.5
2012-04-29,30.3,36.8,25.6,0.5083333333333333,21.708333333333332,11.199999999999996,-0.5999999999999979
2012-04-30,30.6,35.7,27.6,0.18333333333333335,31.416666666666668,8.100000000000001,0.3000000000000007
2012-05-01,30.8,36.0,27.6,0.012499999999999999,22.416666666666668,8.399999999999999,0.1999999999999993
2012-05-02,30.7,35.7,27.5,0.04583333333333334,30.125,8.200000000000003,-0.10000000000000142
2012-05-03,29.3,35.8,24.5,0.43333333333333335,34.958333333333336,11.299999999999997,-1.3999999999999986
2012-05-04,28.5,32.9,25.1,0.16666666666666666,66.875,7.799999999999997,-0.8000000000000007
2012-05-05,27.3,31.6,23.2,0.3541666666666667,35.708333333333336,8.400000000000002,-1.1999999999999993
2012-05-06,29.2,34.5,23.1,0.0,12.416666666666666,11.399999999999999,1.8999999999999986
2012-05-07,30.0,35.2,24.1,0.0,10.708333333333334,11.100000000000001,0.8000000000000007
2012-05-08,30.3,35.9,25.7,0.0,13.208333333333334,10.2,0.3000000000000007
2012-05-09,30.2,34.5,26.8,0.008333333333333333,37.708333333333336,7.699999999999999,-0.10000000000000142
2012-05-10,29.8,34.0,26.7,0.15416666666666665,43.208333333333336,7.300000000000001,-0.3999999999999986
2012-05-11,30.8,35.6,26.6,0.0,22.5,9.0,1.0
2012-05-12,31.1,36.1,27.9,0.012499999999999999,38.291666666666664,8.200000000000003,0.3000000000000007
2012-05-13,32.5,38.0,28.3,0.0,19.125,9.7,1.3999999999999986
2012-05-14,32.9,38.7,28.8,0.049999999999999996,28.208333333333332,9.900000000000002,0.3999999999999986
2012-05-15,32.5,38.4,28.8,0.05416666666666667,38.958333333333336,9.599999999999998,-0.3999999999999986
2012-05-16,33.1,39.2,28.3,0.0,16.041666666666668,10.900000000000002,0.6000000000000014
2012-05-17,32.8,39.5,28.4,0.05416666666666667,21.416666666666668,11.100000000000001,-0.30000000000000426
2012-05-18,32.4,37.7,28.4,0.0,25.166666666666668,9.300000000000004,-0.3999999999999986
2012-05-19,31.5,38.4,28.5,0.19583333333333333,31.125,9.899999999999999,-0.8999999999999986
2012-05-20,31.7,37.8,27.4,0.09583333333333333,24.791666666666668,10.399999999999999,0.1999999999999993
2012-05-21,32.0,37.4,27.6,0.012499999999999999,39.958333333333336,9.799999999999997,0.3000000000000007
2012-05-22,32.2,38.1,28.0,0.0,22.0,10.100000000000001,0.20000000000000284
2012-05-23,32.8,39.3,28.5,0.0,17.541666666666668,10.799999999999997,0.5999999999999943
2012-05-24,32.6,39.0,28.2,0.0,23.666666666666668,10.8,-0.19999999999999574
2012-05-25,32.5,38.9,28.4,0.0,23.625,10.5,-0.10000000000000142
2012-05-26,32.4,37.9,28.6,0.0,43.375,9.299999999999997,-0.10000000000000142
2012-05-27,32.2,36.2,29.0,0.0,48.0,7.200000000000003,-0.19999999999999574
2012-05-28,31.6,35.7,29.0,0.2041666666666667,90.70833333333333,6.700000000000003,-0.6000000000000014
2012-05-29,31.8,35.6,28.7,0.0,81.0,6.900000000000002,0.1999999999999993
2012-05-30,31.7,36.8,28.6,0.008333333333333333,98.29166666666667,8.199999999999996,-0.10000000000000142
2012-05-31,31.1,35.2,28.8,0.041666666666666664,99.83333333333333,6.400000000000002,-0.5999999999999979
2012-06-01,31.4,35.1,29.0,0.0,97.04166666666667,6.100000000000001,0.29999999999999716
2012-06-02,32.6,37.2,29.3,0.0,67.70833333333333,7.900000000000002,1.2000000000000028
2012-06-03,33.3,38.5,29.6,0.0,56.375,8.899999999999999,0.6999999999999957
2012-06-04,35.0,41.4,30.6,0.0,50.5,10.799999999999997,1.7000000000000028
2012-06-05,34.1,40.0,29.6,0.0,45.333333333333336,10.399999999999999,-0.8999999999999986
2012-06-06,34.0,38.9,29.8,0.0,61.708333333333336,9.099999999999998,-0.10000000000000142
2012-06-07,33.3,37.9,29.9,0.020833333333333332,42.791666666666664,8.0,-0.7000000000000028
2012-06-08,32.4,38.1,29.9,0.375,87.0,8.200000000000003,-0.8999999999999986
2012-06-09,33.3,38.6,29.8,0.0,96.08333333333333,8.8,0.8999999999999986
2012-06-10,32.5,38.1,29.7,0.075,78.25,8.400000000000002,-0.7999999999999972
2012-06-11,32.6,37.7,28.9,0.0,39.875,8.800000000000004,0.10000000000000142
2012-06-12,31.9,37.2,28.5,0.0,60.541666666666664,8.700000000000003,-0.7000000000000028
2012-06-13,32.3,37.6,28.6,0.0,50.041666666666664,9.0,0.3999999999999986
2012-06-14,32.3,36.6,29.1,0.008333333333333333,94.66666666666667,7.5,0.0
2012-06-15,33.1,37.7,29.3,0.004166666666666667,99.33333333333333,8.400000000000002,0.8000000000000043
2012-06-16,31.1,34.6,27.0,0.3125,100.0,7.600000000000001,-2.0
2012-06-17,29.5,33.0,26.5,0.12083333333333333,98.5,6.5,-1.6000000000000014
2012-06-18,29.3,32.7,26.0,0.19166666666666665,72.29166666666667,6.700000000000003,-0.1999999999999993
2012-06-19,29.0,32.1,26.1,0.23749999999999996,92.20833333333333,6.0,-0.3000000000000007
2012-06-20,27.9,33.1,26.1,1.5333333333333332,99.83333333333333,7.0,-1.1000000000000014
2012-06-21,27.9,30.0,26.2,0.525,99.83333333333333,3.8000000000000007,0.0
2012-06-22,28.3,30.8,26.4,0.08750000000000001,99.375,4.400000000000002,0.40000000000000213
2012-06-23,26.9,27.7,25.9,0.15,100.0,1.8000000000000007,-1.4000000000000021
2012-06-24,25.9,27.6,24.8,0.7541666666666668,100.0,2.8000000000000007,-1.0
2012-06-25,29.8,33.3,27.8,0.041666666666666664,93.95833333333333,5.4999999999999964,3.900000000000002
2012-06-26,30.6,33.8,28.0,0.0,98.91666666666667,5.799999999999997,0.8000000000000007
2012-06-27,30.8,34.4,27.8,0.0,78.5,6.599999999999998,0.1999999999999993
2012-06-28,31.9,36.3,27.7,0.012500000000000002,68.08333333333333,8.599999999999998,1.0999999999999979
2012-06-29,31.2,35.1,28.2,0.0,84.95833333333333,6.900000000000002,-0.6999999999999993
2012-06-30,30.6,35.4,27.6,0.125,83.79166666666667,7.799999999999997,-0.5999999999999979
2012-07-01,29.0,32.3,27.0,0.15833333333333335,91.125,5.299999999999997,-1.6000000000000014
2012-07-02,28.6,31.0,26.1,0.2041666666666667,90.91666666666667,4.899999999999999,-0.3999999999999986
2012-07-03,27.8,29.9,26.2,0.3875,98.91666666666667,3.6999999999999993,-0.8000000000000007
2012-07-04,27.9,30.2,26.2,0.7625000000000001,98.41666666666667,4.0,0.09999999999999787
2012-07-05,28.0,30.5,25.9,0.9666666666666667,99.20833333333333,4.600000000000001,0.10000000000000142
2012-07-06,27.7,31.4,25.3,1.0958333333333334,98.83333333333333,6.099999999999998,-0.3000000000000007
2012-07-07,27.4,30.3,25.3,0.29583333333333334,98.58333333333333,5.0,-0.3000000000000007
2012-07-08,27.6,30.8,25.8,0.3958333333333333,96.625,5.0,0.20000000000000284
2012-07-09,27.9,31.0,25.7,0.33749999999999997,90.58333333333333,5.300000000000001,0.29999999999999716
2012-07-10,28.1,30.4,26.3,0.125,94.5,4.099999999999998,0.20000000000000284
2012-07-11,28.3,31.5,26.4,0.4458333333333333,94.5,5.100000000000001,0.1999999999999993
2012-07-12,28.7,32.4,26.8,0.7958333333333334,95.16666666666667,5.599999999999998,0.3999999999999986
2012-07-13,29.5,33.4,26.8,0.07916666666666666,97.29166666666667,6.599999999999998,0.8000000000000007
2012-07-14,28.7,31.0,27.3,0.19999999999999998,100.0,3.6999999999999993,-0.8000000000000007
2012-07-15,28.2,31.3,26.3,0.18333333333333335,98.5,5.0,-0.5
2012-07-16,28.4,31.5,26.3,0.07916666666666666,93.75,5.199999999999999,0.1999999999999993
2012-07-17,28.7,31.9,26.5,0.23333333333333336,97.04166666666667,5.399999999999999,0.3000000000000007
2012-07-18,28.7,32.0,26.3,1.0041666666666667,99.91666666666667,5.699999999999999,0.0
2012-07-19,27.5,30.9,25.9,0.8333333333333334,99.91666666666667,5.0,-1.1999999999999993
2012-07-20,28.1,31.7,25.9,0.17916666666666667,92.83333333333333,5.800000000000001,0.6000000000000014
2012-07-21,27.9,31.3,26.1,0.4666666666666666,95.66666666666667,5.199999999999999,-0.20000000000000284
2012-07-22,28.6,30.8,26.4,0.037500000000000006,89.375,4.400000000000002,0.7000000000000028
2012-07-23,29.2,32.4,26.8,0.0625,99.0,5.599999999999998,0.5999999999999979
2012-07-24,28.7,31.3,26.3,0.16666666666666666,94.79166666666667,5.0,-0.5
2012-07-25,28.0,30.8,26.3,0.32916666666666666,98.5,4.5,-0.6999999999999993
2012-07-26,28.1,31.6,25.6,0.5166666666666667,96.66666666666667,6.0,0.10000000000000142
2012-07-27,27.3,30.1,25.6,1.0999999999999999,99.95833333333333,4.5,-0.8000000000000007
2012-07-28,27.6,30.6,25.7,0.725,98.58333333333333,4.900000000000002,0.3000000000000007
2012-07-29,26.4,28.5,25.3,0.6166666666666667,98.45833333333333,3.1999999999999993,-1.2000000000000028
2012-07-30,26.4,29.0,25.1,0.8833333333333333,92.54166666666667,3.8999999999999986,0.0
2012-07-31,27.4,29.8,25.3,0.008333333333333333,98.125,4.5,1.0
2012-08-01,27.9,30.6,25.9,0.09583333333333333,94.66666666666667,4.700000000000003,0.5
2012-08-02,27.7,31.5,25.8,0.5583333333333333,97.0,5.699999999999999,-0.1999999999999993
2012-08-03,27.9,30.8,25.9,0.15416666666666667,87.20833333333333,4.900000000000002,0.1999999999999993
2012-08-04,27.4,29.4,25.9,0.3541666666666667,98.375,3.5,-0.5
2012-08-05,27.5,30.6,25.6,0.3833333333333333,83.625,5.0,0.10000000000000142
2012-08-06,27.8,30.9,25.6,0.2625,97.45833333333333,5.299999999999997,0.3000000000000007
2012-08-07,28.4,31.3,25.8,0.23750000000000002,99.45833333333333,5.5,0.5999999999999979
2012-08-08,28.1,31.4,26.5,0.8833333333333333,98.95833333333333,4.899999999999999,-0.29999999999999716
2012-08-09,27.4,30.2,25.2,0.3875,98.58333333333333,5.0,-0.7000000000000028
2012-08-10,27.1,31.0,25.1,0.6875,95.5,5.899999999999999,-0.29999999999999716
2012-08-11,26.4,28.9,25.2,0.5791666666666667,99.66666666666667,3.6999999999999993,-0.7000000000000028
2012-08-12,27.2,29.6,25.2,0.4166666666666667,99.91666666666667,4.400000000000002,0.8000000000000007
2012-08-13,27.0,28.2,25.8,0.1375,97.54166666666667,2.3999999999999986,-0.1999999999999993
2012-08-14,27.1,29.7,25.3,0.8416666666666667,94.375,4.399999999999999,0.10000000000000142
2012-08-15,27.8,31.3,25.5,0.35833333333333334,80.58333333333333,5.800000000000001,0.6999999999999993
2012-08-16,28.3,32.2,25.8,0.3833333333333333,91.41666666666667,6.400000000000002,0.5
2012-08-17,28.2,31.3,25.9,0.11666666666666665,51.791666666666664,5.400000000000002,-0.10000000000000142
2012-08-18,28.0,30.5,25.9,0.03333333333333333,64.58333333333333,4.600000000000001,-0.1999999999999993
2012-08-19,28.1,31.4,26.1,0.07500000000000001,97.41666666666667,5.299999999999997,0.10000000000000142
2012-08-20,27.7,30.7,25.8,0.2875,98.91666666666667,4.899999999999999,-0.40000000000000213
2012-08-21,26.7,29.0,25.5,0.6666666666666666,98.25,3.5,-1.0
2012-08-22,27.7,30.2,26.0,0.375,85.29166666666667,4.199999999999999,1.0
2012-08-23,28.6,32.0,25.9,0.2833333333333334,98.79166666666667,6.100000000000001,0.9000000000000021
2012-08-24,28.5,31.1,26.0,0.30416666666666664,99.625,5.100000000000001,-0.10000000000000142
2012-08-25,27.8,30.8,25.9,0.19999999999999998,98.875,4.900000000000002,-0.6999999999999993
2012-08-26,27.9,30.5,25.9,0.22916666666666666,93.16666666666667,4.600000000000001,0.09999999999999787
2012-08-27,28.0,30.4,26.1,0.08750000000000001,92.16666666666667,4.299999999999997,0.10000000000000142
2012-08-28,28.6,31.5,26.0,0.012500000000000002,90.125,5.5,0.6000000000000014
2012-08-29,28.5,31.6,26.1,0.14166666666666666,88.04166666666667,5.5,-0.10000000000000142
2012-08-30,28.4,31.8,26.0,0.04583333333333334,94.29166666666667,5.800000000000001,-0.10000000000000142
2012-08-31,28.0,30.2,26.1,0.12083333333333333,81.29166666666667,4.099999999999998,-0.3999999999999986
2012-09-01,28.2,31.0,26.1,0.2833333333333333,81.5,4.899999999999999,0.1999999999999993
2012-09-02,28.5,31.7,26.4,0.075,75.20833333333333,5.300000000000001,0.3000000000000007
2012-09-03,27.4,30.5,25.5,0.4583333333333333,99.5,5.0,-1.1000000000000014
2012-09-04,25.9,27.9,25.1,0.6958333333333333,100.0,2.799999999999997,-1.5
2012-09-05,25.6,28.1,24.8,1.0999999999999999,100.0,3.3000000000000007,-0.29999999999999716
2012-09-06,25.5,27.4,24.7,1.3416666666666668,99.95833333333333,2.6999999999999993,-0.10000000000000142
2012-09-07,27.6,31.3,24.7,0.35833333333333334,63.166666666666664,6.600000000000001,2.1000000000000014
2012-09-08,28.4,32.2,25.1,0.8333333333333334,98.125,7.100000000000001,0.7999999999999972
2012-09-09,26.9,29.6,25.2,0.3625,99.04166666666667,4.400000000000002,-1.5
2012-09-10,27.1,29.8,25.1,0.24583333333333335,96.25,4.699999999999999,0.20000000000000284
2012-09-11,27.6,31.0,25.5,0.1625,97.625,5.5,0.5
2012-09-12,27.9,31.1,26.0,0.125,98.08333333333333,5.100000000000001,0.29999999999999716
2012-09-13,27.3,30.8,25.4,0.5208333333333334,97.83333333333333,5.400000000000002,-0.5999999999999979
2012-09-14,26.2,28.2,24.7,0.5291666666666667,99.66666666666667,3.5,-1.1000000000000014
2012-09-15,26.4,30.9,24.7,1.1416666666666666,99.41666666666667,6.199999999999999,0.1999999999999993
2012-09-16,26.8,29.0,25.1,0.30416666666666664,98.04166666666667,3.8999999999999986,0.40000000000000213
2012-09-17,27.4,30.1,25.2,0.09999999999999999,98.75,4.900000000000002,0.5999999999999979
2012-09-18,27.6,31.3,25.5,0.06666666666666667,96.04166666666667,5.800000000000001,0.20000000000000284
2012-09-19,27.9,31.3,25.3,0.15416666666666665,89.29166666666667,6.0,0.29999999999999716
2012-09-20,28.0,31.1,25.8,0.07083333333333333,54.916666666666664,5.300000000000001,0.10000000000000142
2012-09-21,28.1,31.7,25.7,0.0625,52.833333333333336,6.0,0.10000000000000142
2012-09-22,28.3,32.2,25.7,0.05833333333333334,39.833333333333336,6.5000000000000036,0.1999999999999993
2012-09-23,27.8,32.1,25.6,0.40416666666666673,64.875,6.5,-0.5
2012-09-24,28.4,32.6,24.7,0.0,79.08333333333333,7.900000000000002,0.5999999999999979
2012-09-25,28.9,33.1,24.4,0.0,59.25,8.700000000000003,0.5
2012-09-26,28.5,32.5,25.5,0.0,84.125,7.0,-0.3999999999999986
2012-09-27,28.5,32.0,25.5,0.12916666666666668,76.375,6.5,0.0
2012-09-28,28.5,32.5,25.8,0.12083333333333333,60.583333333333336,6.699999999999999,0.0
2012-09-29,28.2,31.3,25.7,0.14166666666666666,93.375,5.600000000000001,-0.3000000000000007
2012-09-30,28.6,32.1,25.9,0.04583333333333334,82.91666666666667,6.200000000000003,0.40000000000000213
2012-10-01,28.1,31.3,25.7,0.09166666666666667,94.04166666666667,5.600000000000001,-0.5
2012-10-02,27.1,29.6,25.6,0.525,83.0,4.0,-1.0
2012-10-03,28.1,30.7,25.8,0.020833333333333332,85.41666666666667,4.899999999999999,1.0
2012-10-04,26.9,30.0,25.6,0.9625,98.04166666666667,4.399999999999999,-1.2000000000000028
2012-10-05,27.0,29.7,25.0,0.10833333333333334,96.5,4.699999999999999,0.10000000000000142
2012-10-06,27.2,30.7,24.4,0.025000000000000005,87.04166666666667,6.300000000000001,0.1999999999999993
2012-10-07,27.3,30.2,24.5,0.25833333333333336,89.5,5.699999999999999,0.10000000000000142
2012-10-08,26.9,30.9,24.4,0.22083333333333333,74.95833333333333,6.5,-0.40000000000000213
2012-10-09,26.9,30.4,24.2,0.17500000000000002,29.125,6.199999999999999,0.0
2012-10-10,25.9,27.9,24.3,0.3416666666666666,97.54166666666667,3.599999999999998,-1.0
2012-10-11,26.6,29.5,24.4,0.0625,56.625,5.100000000000001,0.7000000000000028
2012-10-12,26.5,30.3,24.2,0.25416666666666665,41.5,6.100000000000001,-0.10000000000000142
2012-10-13,26.4,30.2,24.2,0.10416666666666667,76.0,6.0,-0.10000000000000142
2012-10-14,25.9,29.4,22.7,0.17916666666666667,50.958333333333336,6.699999999999999,-0.5
2012-10-15,25.8,29.3,21.6,0.008333333333333333,18.208333333333332,7.699999999999999,-0.09999999999999787
2012-10-16,25.4,29.8,21.1,0.0,5.541666666666667,8.7,-0.40000000000000213
2012-10-17,25.2,30.4,20.9,0.0,0.9583333333333334,9.5,-0.1999999999999993
2012-10-18,25.7,30.3,20.3,0.0,3.9583333333333335,10.0,0.5
2012-10-19,25.9,30.3,20.2,0.0,3.3333333333333335,10.100000000000001,0.1999999999999993
2012-10-20,25.3,30.1,21.0,0.0,73.79166666666667,9.100000000000001,-0.5999999999999979
2012-10-21,24.8,29.8,20.6,0.0,13.875,9.2,-0.5
2012-10-22,25.0,29.7,20.4,0.0,6.875,9.3,0.1999999999999993
2012-10-23,24.6,29.8,19.5,0.0,6.458333333333333,10.3,-0.3999999999999986
2012-10-24,24.8,29.6,18.7,0.0,0.125,10.900000000000002,0.1999999999999993
2012-10-25,25.2,30.2,18.6,0.0,2.7083333333333335,11.599999999999998,0.3999999999999986
2012-10-26,24.9,30.2,19.6,0.0,11.208333333333334,10.599999999999998,-0.3000000000000007
2012-10-27,24.1,29.5,19.2,0.0,2.75,10.3,-0.7999999999999972
2012-10-28,23.7,29.4,19.1,0.0,0.041666666666666664,10.299999999999997,-0.40000000000000213
2012-10-29,23.5,29.7,18.5,0.0,0.0,11.2,-0.1999999999999993
2012-10-30,23.7,29.9,18.3,0.0,65.79166666666667,11.599999999999998,0.1999999999999993
2012-10-31,25.1,30.4,18.6,0.0,31.916666666666668,11.799999999999997,1.4000000000000021
2012-11-01,26.3,30.8,21.2,0.0,63.791666666666664,9.600000000000001,1.1999999999999993
2012-11-02,24.4,26.7,22.3,0.07916666666666666,93.91666666666667,4.399999999999999,-1.9000000000000021
2012-11-03,23.4,24.9,21.9,0.8250000000000001,99.0,3.0,-1.0
2012-11-04,23.6,27.2,21.8,1.2791666666666666,93.45833333333333,5.399999999999999,0.20000000000000284
2012-11-05,24.1,26.8,22.8,1.0541666666666667,93.95833333333333,4.0,0.5
2012-11-06,23.7,28.2,22.3,0.21666666666666667,78.66666666666667,5.899999999999999,-0.40000000000000213
2012-11-07,24.0,27.4,21.0,0.016666666666666666,47.583333333333336,6.399999999999999,0.3000000000000007
2012-11-08,24.0,27.7,20.9,0.004166666666666667,45.166666666666664,6.800000000000001,0.0
2012-11-09,22.8,27.8,17.7,0.0,4.666666666666667,10.100000000000001,-1.1999999999999993
2012-11-10,21.8,27.4,17.0,0.0,5.708333333333333,10.399999999999999,-1.0
2012-11-11,22.0,27.0,16.7,0.0,12.5,10.3,0.1999999999999993
2012-11-12,21.7,26.8,17.5,0.0,24.041666666666668,9.3,-0.3000000000000007
2012-11-13,21.6,26.9,17.0,0.0,9.625,9.899999999999999,-0.09999999999999787
2012-11-14,21.3,27.2,16.5,0.0,0.4583333333333333,10.7,-0.3000000000000007
2012-11-15,21.2,27.2,16.4,0.0,8.166666666666666,10.8,-0.10000000000000142
2012-11-16,21.3,27.3,16.5,0.0,13.5,10.8,0.10000000000000142
2012-11-17,22.2,26.0,18.1,0.24583333333333335,84.16666666666667,7.899999999999999,0.8999999999999986
2012-11-18,23.8,28.0,21.5,0.0,82.58333333333333,6.5,1.6000000000000014
2012-11-19,24.7,28.7,21.9,0.0,79.45833333333333,6.800000000000001,0.8999999999999986
2012-11-20,23.3,26.5,20.5,0.004166666666666667,61.875,6.0,-1.3999999999999986
2012-11-21,22.7,28.0,18.3,0.0,57.291666666666664,9.7,-0.6000000000000014
2012-11-22,22.2,27.5,17.4,0.0,66.0,10.100000000000001,-0.5
2012-11-23,22.0,27.3,17.1,0.0,49.333333333333336,10.2,-0.1999999999999993
2012-11-24,21.4,27.5,15.7,0.0,10.416666666666666,11.8,-0.6000000000000014
2012-11-25,20.8,26.4,14.6,0.0,1.625,11.799999999999999,-0.5999999999999979
2012-11-26,21.4,27.4,14.5,0.0,2.8333333333333335,12.899999999999999,0.5999999999999979
2012-11-27,20.4,26.9,14.3,0.0,1.625,12.599999999999998,-1.0
2012-11-28,19.8,26.3,14.3,0.0,0.0,12.0,-0.5999999999999979
2012-11-29,19.2,25.7,13.2,0.0,0.125,12.5,-0.6000000000000014
2012-11-30,19.3,25.8,12.9,0.0,5.333333333333333,12.9,0.10000000000000142
2012-12-01,19.7,27.1,13.3,0.0,53.291666666666664,13.8,0.3999999999999986
2012-12-02,19.6,26.7,13.6,0.0,46.375,13.1,-0.09999999999999787
2012-12-03,19.0,25.8,13.6,0.0,47.75,12.200000000000001,-0.6000000000000014
2012-12-04,19.5,26.2,13.6,0.0,35.958333333333336,12.6,0.5
2012-12-05,19.8,26.9,12.9,0.0,13.041666666666666,13.999999999999998,0.3000000000000007
2012-12-06,20.2,26.6,12.9,0.0,0.16666666666666666,13.700000000000001,0.3999999999999986
2012-12-07,19.9,26.3,12.8,0.0,37.25,13.5,-0.3000000000000007
2012-12-08,20.1,26.8,12.9,0.0,9.541666666666666,13.9,0.20000000000000284
2012-12-09,20.3,27.2,13.2,0.0,13.583333333333334,14.0,0.1999999999999993
2012-12-10,20.9,27.0,15.3,0.0,16.583333333333332,11.7,0.5999999999999979
2012-12-11,22.1,26.8,16.2,0.06666666666666667,62.666666666666664,10.600000000000001,1.2000000000000028
2012-12-12,21.5,24.9,18.9,0.1708333333333333,42.583333333333336,6.0,-0.6000000000000014
2012-12-13,21.5,24.9,19.0,0.17083333333333336,67.5,5.899999999999999,0.0
2012-12-14,21.5,26.3,17.4,0.004166666666666667,35.0,8.900000000000002,0.0
2012-12-15,21.4,26.5,16.9,0.0,40.166666666666664,9.600000000000001,-0.10000000000000142
2012-12-16,20.8,26.6,15.8,0.0,78.16666666666667,10.8,-0.5999999999999979
2012-12-17,20.4,25.7,14.6,0.0,55.5,11.1,-0.40000000000000213
2012-12-18,19.2,25.8,13.0,0.0,24.0,12.8,-1.1999999999999993
2012-12-19,19.2,24.4,12.2,0.0,70.29166666666667,12.2,0.0
2012-12-20,18.5,24.4,12.5,0.0,40.541666666666664,11.899999999999999,-0.6999999999999993
2012-12-21,18.0,24.0,12.4,0.0,4.5,11.6,-0.5
2012-12-22,17.1,23.1,11.8,0.0,0.625,11.3,-0.8999999999999986
2012-12-23,16.7,22.9,11.1,0.0,0.0,11.799999999999999,-0.40000000000000213
2012-12-24,16.8,22.3,10.3,0.0,4.708333333333333,12.0,0.10000000000000142
2012-12-25,16.4,22.7,10.6,0.0,12.458333333333334,12.1,-0.40000000000000213
2012-12-26,15.9,22.0,10.1,0.0,0.625,11.9,-0.4999999999999982
2012-12-27,15.6,21.6,10.2,0.0,2.5833333333333335,11.400000000000002,-0.3000000000000007
2012-12-28,16.8,22.4,9.9,0.0,7.833333333333333,12.499999999999998,1.200000000000001
2012-12-29,16.9,23.3,10.6,0.0,23.666666666666668,12.700000000000001,0.09999999999999787
2012-12-30,17.6,23.8,11.9,0.0,15.458333333333334,11.9,0.7000000000000028
2012-12-31,18.0,24.4,11.3,0.0,2.1666666666666665,13.099999999999998,0.3999999999999986
2013-01-01,19.3,25.2,13.7,0.0,27.041666666666668,11.5,1.3000000000000007
2013-01-02,20.9,25.6,14.9,0.049999999999999996,58.458333333333336,10.700000000000001,1.5999999999999979
2013-01-03,19.0,22.9,15.1,0.020833333333333332,53.958333333333336,7.799999999999999,-1.8999999999999986
2013-01-04,19.0,24.9,14.1,0.0,44.958333333333336,10.799999999999999,0.0
2013-01-05,18.2,24.0,13.1,0.0,7.125,10.9,-0.8000000000000007
2013-01-06,18.7,23.8,12.8,0.0,19.0,11.0,0.5
2013-01-07,17.6,20.4,14.0,0.020833333333333332,62.208333333333336,6.399999999999999,-1.0999999999999979
2013-01-08,15.1,21.0,8.9,0.0,16.583333333333332,12.1,-2.5000000000000018
2013-01-09,14.9,20.6,8.2,0.0,0.9166666666666666,12.400000000000002,-0.1999999999999993
2013-01-10,16.1,22.3,11.3,0.0,4.791666666666667,11.0,1.200000000000001
2013-01-11,16.6,23.0,10.7,0.0,6.541666666666667,12.3,0.5
2013-01-12,16.4,22.1,11.3,0.0,1.0416666666666667,10.8,-0.20000000000000284
2013-01-13,17.0,22.5,10.0,0.0,1.0,12.5,0.6000000000000014
2013-01-14,19.2,25.5,13.9,0.0,1.4166666666666667,11.6,2.1999999999999993
2013-01-15,20.0,26.3,13.5,0.0,10.0,12.8,0.8000000000000007
2013-01-16,20.6,26.7,13.7,0.0,50.875,13.0,0.6000000000000014
2013-01-17,20.7,27.1,15.3,0.0,73.20833333333333,11.8,0.09999999999999787
2013-01-18,21.5,28.3,15.2,0.0,5.958333333333333,13.100000000000001,0.8000000000000007
2013-01-19,21.2,27.7,15.5,0.0,19.166666666666668,12.2,-0.3000000000000007
2013-01-20,21.0,26.4,16.3,0.020833333333333332,15.583333333333334,10.099999999999998,-0.1999999999999993
2013-01-21,19.2,24.8,14.4,0.0,13.666666666666666,10.4,-1.8000000000000007
2013-01-22,18.1,24.3,13.0,0.0,0.125,11.3,-1.0999999999999979
2013-01-23,17.3,24.2,11.9,0.0,0.0,12.299999999999999,-0.8000000000000007
2013-01-24,17.0,24.0,11.1,0.0,0.0,12.9,-0.3000000000000007
2013-01-25,16.7,23.7,11.0,0.0,4.583333333333333,12.7,-0.3000000000000007
2013-01-26,16.5,23.5,10.8,0.0,1.2083333333333333,12.7,-0.1999999999999993
2013-01-27,16.5,23.6,10.0,0.0,43.208333333333336,13.600000000000001,0.0
2013-01-28,16.4,23.0,10.6,0.0,61.833333333333336,12.4,-0.10000000000000142
2013-01-29,17.4,24.4,10.1,0.0,0.0,14.299999999999999,1.0
2013-01-30,18.2,25.3,9.9,0.0,0.041666666666666664,15.4,0.8000000000000007
2013-01-31,19.3,26.2,10.8,0.0,55.333333333333336,15.399999999999999,1.1000000000000014
2013-02-01,19.3,25.4,14.3,0.0,56.875,11.099999999999998,0.0
2013-02-02,21.0,27.1,13.5,0.0,65.0,13.600000000000001,1.6999999999999993
2013-02-03,21.4,27.8,15.2,0.0,6.666666666666667,12.600000000000001,0.3999999999999986
2013-02-04,22.2,28.4,14.9,0.0,0.7916666666666666,13.499999999999998,0.8000000000000007
2013-02-05,22.1,29.1,15.4,0.0,0.0,13.700000000000001,-0.09999999999999787
2013-02-06,23.1,29.7,15.1,0.0,24.875,14.6,1.0
2013-02-07,24.2,30.6,17.3,0.0,32.75,13.3,1.0999999999999979
2013-02-08,21.6,27.2,17.3,0.008333333333333333,45.0,9.899999999999999,-2.599999999999998
2013-02-09,19.6,26.8,13.1,0.0,0.041666666666666664,13.700000000000001,-2.0
2013-02-10,19.1,27.0,12.5,0.0,0.9166666666666666,14.5,-0.5
2013-02-11,19.5,27.3,12.0,0.0,74.41666666666667,15.3,0.3999999999999986
2013-02-12,21.0,28.3,12.4,0.0,86.125,15.9,1.5
2013-02-13,21.9,28.7,15.4,0.0,21.916666666666668,13.299999999999999,0.8999999999999986
2013-02-14,22.8,30.1,15.3,0.0,0.3333333333333333,14.8,0.9000000000000021
2013-02-15,23.3,30.5,14.9,0.0,3.7916666666666665,15.6,0.5
2013-02-16,21.7,27.1,17.1,0.029166666666666664,83.45833333333333,10.0,-1.6000000000000014
2013-02-17,19.0,22.8,16.8,0.225,81.08333333333333,6.0,-2.6999999999999993
2013-02-18,19.7,25.2,14.3,0.0,30.958333333333332,10.899999999999999,0.6999999999999993
2013-02-19,19.8,26.0,14.1,0.0,2.375,11.9,0.10000000000000142
2013-02-20,20.4,26.8,13.5,0.0,0.08333333333333333,13.3,0.5999999999999979
2013-02-21,20.8,27.5,14.3,0.0,0.0,13.2,0.40000000000000213
2013-02-22,21.5,29.0,14.5,0.0,0.0,14.5,0.6999999999999993
2013-02-23,22.6,30.4,15.0,0.0,0.0,15.399999999999999,1.1000000000000014
2013-02-24,24.1,31.4,15.5,0.0,0.041666666666666664,15.899999999999999,1.5
2013-02-25,24.5,31.5,18.1,0.0,0.08333333333333333,13.399999999999999,0.3999999999999986
2013-02-26,24.0,30.9,16.7,0.0,0.0,14.2,-0.5
2013-02-27,23.9,31.4,15.5,0.0,0.0,15.899999999999999,-0.10000000000000142
2013-02-28,25.0,32.6,15.2,0.0,8.291666666666666,17.400000000000002,1.1000000000000014
2013-03-01,23.1,30.1,14.8,0.0,1.3333333333333333,15.3,-1.8999999999999986
2013-03-02,22.3,30.1,14.5,0.0,0.0,15.600000000000001,-0.8000000000000007
2013-03-03,23.8,30.7,14.8,0.0,0.0,15.899999999999999,1.5
2013-03-04,24.2,31.6,15.4,0.0,0.0,16.200000000000003,0.3999999999999986
2013-03-05,24.8,32.5,16.3,0.0,3.0,16.2,0.6000000000000014
2013-03-06,25.4,33.2,17.3,0.0,2.5833333333333335,15.900000000000002,0.5999999999999979
2013-03-07,26.2,33.5,18.3,0.0,0.625,15.2,0.8000000000000007
2013-03-08,25.9,32.9,18.4,0.0,4.083333333333333,14.5,-0.3000000000000007
2013-03-09,25.9,33.2,18.0,0.0,2.0416666666666665,15.200000000000003,0.0
2013-03-10,26.6,34.0,19.8,0.0,28.0,14.2,0.7000000000000028
2013-03-11,27.1,34.2,22.6,0.0,31.041666666666668,11.600000000000001,0.5
2013-03-12,28.0,34.5,22.7,0.0,10.625,11.8,0.8999999999999986
2013-03-13,28.1,34.7,22.6,0.0,37.416666666666664,12.100000000000001,0.10000000000000142
2013-03-14,28.1,34.4,23.0,0.0,86.04166666666667,11.399999999999999,0.0
2013-03-15,28.6,33.6,23.5,0.0,73.41666666666667,10.100000000000001,0.5
2013-03-16,28.5,34.4,23.2,0.029166666666666664,16.5,11.2,-0.10000000000000142
2013-03-17,26.2,33.7,19.1,0.13333333333333333,14.916666666666666,14.600000000000001,-2.3000000000000007
2013-03-18,26.1,32.0,18.9,0.0,0.25,13.100000000000001,-0.09999999999999787
2013-03-19,27.5,34.2,22.1,0.0,1.5,12.100000000000001,1.3999999999999986
2013-03-20,28.0,34.9,22.2,0.0,15.625,12.7,0.5
2013-03-21,28.8,35.8,23.1,0.0,8.208333333333334,12.699999999999996,0.8000000000000007
2013-03-22,28.6,34.6,23.5,0.008333333333333333,32.333333333333336,11.100000000000001,-0.1999999999999993
2013-03-23,28.6,35.2,23.9,0.03333333333333333,43.958333333333336,11.300000000000004,0.0
2013-03-24,29.3,35.5,23.9,0.0,27.25,11.600000000000001,0.6999999999999993
2013-03-25,30.1,36.8,24.2,0.0,6.458333333333333,12.599999999999998,0.8000000000000007
2013-03-26,30.2,36.5,23.5,0.0,26.458333333333332,13.0,0.09999999999999787
2013-03-27,29.7,36.2,23.1,0.0,34.041666666666664,13.100000000000001,-0.5
2013-03-28,29.9,37.1,22.7,0.0,23.625,14.400000000000002,0.1999999999999993
2013-03-29,29.8,35.3,22.4,0.0,22.75,12.899999999999999,-0.09999999999999787
2013-03-30,29.4,35.2,24.5,0.0,25.5,10.700000000000003,-0.40000000000000213
2013-03-31,28.8,34.4,24.5,0.09166666666666667,23.208333333333332,9.899999999999999,-0.5999999999999979
2013-04-01,29.1,34.4,25.0,0.012499999999999999,24.75,9.399999999999999,0.3000000000000007
2013-04-02,29.8,36.1,24.8,0.0,21.083333333333332,11.3,0.6999999999999993
2013-04-03,31.0,37.0,25.0,0.0,23.166666666666668,12.0,1.1999999999999993
2013-04-04,30.9,37.4,24.4,0.0,12.583333333333334,13.0,-0.10000000000000142
2013-04-05,29.9,36.4,23.5,0.0,0.6666666666666666,12.899999999999999,-1.0
2013-04-06,29.4,36.4,22.9,0.0,2.75,13.5,-0.5
2013-04-07,30.0,37.0,24.2,0.0,2.6666666666666665,12.8,0.6000000000000014
2013-04-08,30.9,38.4,24.8,0.0,1.2083333333333333,13.599999999999998,0.8999999999999986
2013-04-09,30.9,38.9,24.9,0.0,2.2916666666666665,14.0,0.0
2013-04-10,30.8,38.3,25.3,0.0,8.291666666666666,12.999999999999996,-0.09999999999999787
2013-04-11,30.7,37.5,25.8,0.0625,12.666666666666666,11.7,-0.10000000000000142
2013-04-12,31.4,38.0,25.6,0.0,10.958333333333334,12.399999999999999,0.6999999999999993
2013-04-13,31.9,38.5,26.6,0.0,52.5,11.899999999999999,0.5
2013-04-14,30.1,35.7,25.8,0.016666666666666666,45.833333333333336,9.900000000000002,-1.7999999999999972
2013-04-15,30.5,36.5,25.9,0.03333333333333333,17.0,10.600000000000001,0.3999999999999986
2013-04-16,30.0,36.6,25.5,0.06666666666666667,23.125,11.100000000000001,-0.5
2013-04-17,30.0,36.6,26.5,0.024999999999999998,44.166666666666664,10.100000000000001,0.0
2013-04-18,29.2,35.2,24.0,0.13749999999999998,38.666666666666664,11.200000000000003,-0.8000000000000007
2013-04-19,29.0,34.4,24.9,0.2041666666666667,61.125,9.5,-0.1999999999999993
2013-04-20,26.5,29.9,22.9,0.4791666666666667,71.04166666666667,7.0,-2.5
2013-04-21,26.7,31.1,23.2,0.05416666666666667,72.0,7.900000000000002,0.1999999999999993
2013-04-22,25.5,29.3,22.5,0.2125,33.583333333333336,6.800000000000001,-1.1999999999999993
2013-04-23,27.3,32.3,22.4,0.07916666666666666,20.5,9.899999999999999,1.8000000000000007
2013-04-24,28.0,33.0,23.4,0.09999999999999999,22.125,9.600000000000001,0.6999999999999993
2013-04-25,29.3,34.1,24.4,0.020833333333333332,15.875,9.700000000000003,1.3000000000000007
2013-04-26,30.3,35.4,25.9,0.020833333333333332,26.958333333333332,9.5,1.0
2013-04-27,31.1,36.6,27.0,0.041666666666666664,25.291666666666668,9.600000000000001,0.8000000000000007
2013-04-28,31.4,37.1,27.2,0.0,16.458333333333332,9.900000000000002,0.29999999999999716
2013-04-29,31.3,36.7,27.5,0.06666666666666667,31.833333333333332,9.200000000000003,-0.09999999999999787
2013-04-30,31.7,37.8,27.8,0.0,18.916666666666668,9.999999999999996,0.3999999999999986
2013-05-01,32.2,38.8,27.7,0.0,18.125,11.099999999999998,0.5000000000000036
2013-05-02,32.5,38.8,27.9,0.0,17.708333333333332,10.899999999999999,0.29999999999999716
2013-05-03,31.8,38.1,28.0,0.0,26.083333333333332,10.100000000000001,-0.6999999999999993
2013-05-04,30.3,36.4,28.1,0.30416666666666664,62.375,8.299999999999997,-1.5
2013-05-05,30.5,35.1,27.8,0.008333333333333333,40.791666666666664,7.300000000000001,0.1999999999999993
2013-05-06,29.6,35.5,25.5,0.7583333333333333,62.083333333333336,10.0,-0.8999999999999986
2013-05-07,30.2,34.5,27.4,0.0,48.333333333333336,7.100000000000001,0.5999999999999979
2013-05-08,30.7,35.5,27.4,0.0,35.208333333333336,8.100000000000001,0.5
2013-05-09,31.2,36.3,28.0,0.0,19.458333333333332,8.299999999999997,0.5
2013-05-10,31.3,36.1,28.2,0.0,39.666666666666664,7.900000000000002,0.10000000000000142
2013-05-11,30.9,34.9,28.1,0.0,50.541666666666664,6.799999999999997,-0.40000000000000213
2013-05-12,30.8,35.2,27.5,0.049999999999999996,74.20833333333333,7.700000000000003,-0.09999999999999787
2013-05-13,30.4,34.5,27.5,0.0,69.20833333333333,7.0,-0.40000000000000213
2013-05-14,30.0,35.0,26.3,0.03333333333333333,57.583333333333336,8.7,-0.3999999999999986
2013-05-15,28.7,31.7,26.1,0.012499999999999999,94.29166666666667,5.599999999999998,-1.3000000000000007
2013-05-16,27.2,30.9,25.4,0.0,98.95833333333333,5.5,-1.5
2013-05-17,30.9,36.0,27.0,0.0,67.0,9.0,3.6999999999999993
2013-05-18,30.6,36.1,28.1,0.0,68.33333333333333,8.0,-0.29999999999999716
2013-05-19,30.9,35.3,28.3,0.0,56.041666666666664,6.9999999999999964,0.29999999999999716
2013-05-20,31.4,36.1,28.4,0.016666666666666666,74.33333333333333,7.700000000000003,0.5
2013-05-21,30.5,36.1,28.2,0.0,72.29166666666667,7.900000000000002,-0.8999999999999986
2013-05-22,30.4,35.2,26.4,0.012500000000000002,77.33333333333333,8.800000000000004,-0.10000000000000142
2013-05-23,29.5,32.6,27.0,0.004166666666666667,99.95833333333333,5.600000000000001,-0.8999999999999986
2013-05-24,29.8,35.6,26.8,0.09166666666666667,95.41666666666667,8.8,0.3000000000000007
2013-05-25,29.5,33.1,25.8,0.05416666666666667,94.41666666666667,7.300000000000001,-0.3000000000000007
2013-05-26,29.5,33.5,27.0,0.0625,84.70833333333333,6.5,0.0
2013-05-27,28.6,32.7,25.6,0.075,94.66666666666667,7.100000000000001,-0.8999999999999986
2013-05-28,26.4,28.4,25.4,0.26666666666666666,99.04166666666667,3.0,-2.200000000000003
2013-05-29,27.2,30.5,25.6,0.25833333333333336,99.91666666666667,4.899999999999999,0.8000000000000007
2013-05-30,26.8,28.5,25.7,0.5583333333333333,100.0,2.8000000000000007,-0.3999999999999986
2013-05-31,28.8,31.7,26.5,0.0,99.75,5.199999999999999,2.0
2013-06-01,28.9,32.2,26.2,0.02916666666666667,62.25,6.0000000000000036,0.09999999999999787
2013-06-02,29.3,33.0,25.9,0.024999999999999998,21.625,7.100000000000001,0.40000000000000213
2013-06-03,29.8,34.3,26.0,0.0,50.291666666666664,8.299999999999997,0.5
2013-06-04,30.0,33.9,26.1,0.0,81.83333333333333,7.799999999999997,0.1999999999999993
2013-06-05,30.7,34.7,26.7,0.0,84.20833333333333,8.000000000000004,0.6999999999999993
2013-06-06,29.8,34.4,26.8,0.22916666666666666,91.25,7.599999999999998,-0.8999999999999986
2013-06-07,28.2,32.3,26.3,0.3541666666666667,94.58333333333333,5.9999999999999964,-1.6000000000000014
2013-06-08,29.4,33.3,26.6,0.14166666666666666,94.125,6.699999999999996,1.1999999999999993
2013-06-09,29.4,33.8,26.1,0.9541666666666666,92.75,7.699999999999996,0.0
2013-06-10,27.4,29.9,25.8,0.9666666666666667,99.08333333333333,4.099999999999998,-2.0
2013-06-11,28.4,32.1,26.1,0.1625,77.625,6.0,1.0
2013-06-12,27.3,30.6,25.7,0.7291666666666666,82.95833333333333,4.900000000000002,-1.0999999999999979
2013-06-13,26.6,28.7,25.2,0.4791666666666667,99.0,3.5,-0.6999999999999993
2013-06-14,26.5,28.5,25.3,0.4458333333333333,99.75,3.1999999999999993,-0.10000000000000142
2013-06-15,27.6,30.7,25.1,0.125,93.08333333333333,5.599999999999998,1.1000000000000014
2013-06-16,28.8,32.3,26.1,0.012500000000000002,27.75,6.199999999999996,1.1999999999999993
2013-06-17,29.4,32.9,26.5,0.0375,72.33333333333333,6.399999999999999,0.5999999999999979
2013-06-18,29.9,33.3,26.9,0.02916666666666667,69.25,6.399999999999999,0.5
2013-06-19,30.0,34.0,27.5,0.19166666666666665,96.08333333333333,6.5,0.10000000000000142
2013-06-20,28.7,32.4,26.7,0.5583333333333333,98.45833333333333,5.699999999999999,-1.3000000000000007
2013-06-21,28.7,32.7,26.7,0.6125,88.79166666666667,6.0000000000000036,0.0
2013-06-22,28.4,32.0,26.4,0.4166666666666667,86.20833333333333,5.600000000000001,-0.3000000000000007
2013-06-23,29.1,31.9,26.6,0.029166666666666664,98.70833333333333,5.299999999999997,0.7000000000000028
2013-06-24,28.1,31.2,26.2,0.5166666666666667,98.54166666666667,5.0,-1.0
2013-06-25,28.1,30.7,26.4,0.23750000000000002,98.91666666666667,4.300000000000001,0.0
2013-06-26,29.1,31.3,26.9,0.04583333333333334,96.08333333333333,4.400000000000002,1.0
2013-06-27,29.0,31.4,26.6,0.03333333333333333,99.20833333333333,4.799999999999997,-0.10000000000000142
2013-06-28,28.6,31.1,26.0,0.10833333333333334,99.79166666666667,5.100000000000001,-0.3999999999999986
2013-06-29,27.6,30.7,25.9,1.0541666666666667,99.79166666666667,4.800000000000001,-1.0
2013-06-30,26.5,27.4,25.9,0.5458333333333333,99.66666666666667,1.5,-1.1000000000000014
2013-07-01,28.4,31.4,26.4,0.08750000000000001,99.625,5.0,1.8999999999999986
2013-07-02,28.6,32.5,26.3,0.225,98.375,6.199999999999999,0.20000000000000284
2013-07-03,28.2,30.9,26.0,0.3333333333333333,99.375,4.899999999999999,-0.40000000000000213
2013-07-04,28.4,31.7,25.8,0.12916666666666668,99.04166666666667,5.899999999999999,0.1999999999999993
2013-07-05,28.3,31.1,26.1,0.07916666666666666,95.83333333333333,5.0,-0.09999999999999787
2013-07-06,28.7,32.1,26.1,0.05000000000000001,96.5,6.0,0.3999999999999986
2013-07-07,28.9,32.2,26.5,0.020833333333333332,81.70833333333333,5.700000000000003,0.1999999999999993
2013-07-08,28.9,32.4,26.4,0.075,89.0,6.0,0.0
2013-07-09,28.7,31.9,26.7,0.0375,97.875,5.199999999999999,-0.1999999999999993
2013-07-10,28.6,31.3,26.3,0.24583333333333335,84.41666666666667,5.0,-0.09999999999999787
2013-07-11,28.0,30.5,26.2,0.1708333333333333,97.33333333333333,4.300000000000001,-0.6000000000000014
2013-07-12,27.9,31.0,26.2,0.1708333333333333,99.54166666666667,4.800000000000001,-0.10000000000000142
2013-07-13,27.2,29.5,25.7,0.37916666666666665,76.29166666666667,3.8000000000000007,-0.6999999999999993
2013-07-14,28.5,31.4,25.7,0.05833333333333333,58.583333333333336,5.699999999999999,1.3000000000000007
2013-07-15,28.7,32.2,26.1,0.0625,69.20833333333333,6.100000000000001,0.1999999999999993
2013-07-16,28.7,31.6,26.5,0.125,95.04166666666667,5.100000000000001,0.0
2013-07-17,28.4,31.5,26.4,0.09166666666666667,96.125,5.100000000000001,-0.3000000000000007
2013-07-18,28.6,31.6,26.4,0.06666666666666667,94.16666666666667,5.200000000000003,0.20000000000000284
2013-07-19,28.7,31.5,26.5,0.049999999999999996,92.08333333333333,5.0,0.09999999999999787
2013-07-20,28.7,31.2,26.5,0.09166666666666667,90.25,4.699999999999999,0.0
2013-07-21,28.8,32.2,26.4,0.08750000000000001,91.95833333333333,5.800000000000004,0.10000000000000142
2013-07-22,28.5,31.3,26.6,0.10833333333333334,97.0,4.699999999999999,-0.3000000000000007
2013-07-23,28.3,30.8,25.9,0.19583333333333333,97.5,4.900000000000002,-0.1999999999999993
2013-07-24,27.9,31.5,26.0,0.25416666666666665,98.5,5.5,-0.40000000000000213
2013-07-25,27.3,29.8,25.4,0.7625000000000001,99.41666666666667,4.400000000000002,-0.5999999999999979
2013-07-26,26.4,27.8,25.4,0.6208333333333333,99.95833333333333,2.400000000000002,-0.9000000000000021
2013-07-27,27.0,28.9,25.9,0.3,100.0,3.0,0.6000000000000014
2013-07-28,26.8,28.6,25.6,1.7291666666666667,99.83333333333333,3.0,-0.1999999999999993
2013-07-29,25.6,27.0,24.7,1.55,99.375,2.3000000000000007,-1.1999999999999993
2013-07-30,27.0,29.9,24.9,0.05000000000000001,98.0,5.0,1.3999999999999986
2013-07-31,27.0,29.7,25.0,0.1708333333333333,99.79166666666667,4.699999999999999,0.0
2013-08-01,27.4,30.2,25.2,0.15416666666666667,91.04166666666667,5.0,0.3999999999999986
2013-08-02,28.0,31.5,25.4,0.1625,83.70833333333333,6.100000000000001,0.6000000000000014
2013-08-03,28.5,31.5,25.9,0.04583333333333334,82.375,5.600000000000001,0.5
2013-08-04,28.6,31.8,25.9,0.0,80.91666666666667,5.900000000000002,0.10000000000000142
2013-08-05,28.0,30.9,25.8,0.14166666666666666,95.83333333333333,5.099999999999998,-0.6000000000000014
2013-08-06,27.4,29.9,25.9,0.42083333333333334,98.29166666666667,4.0,-0.6000000000000014
2013-08-07,27.7,30.2,25.6,0.6208333333333332,99.41666666666667,4.599999999999998,0.3000000000000007
2013-08-08,27.2,30.5,25.4,0.5041666666666667,99.125,5.100000000000001,-0.5
2013-08-09,27.7,30.8,25.5,0.39166666666666666,96.125,5.300000000000001,0.5
2013-08-10,26.6,29.6,25.0,0.725,99.54166666666667,4.600000000000001,-1.0999999999999979
2013-08-11,26.4,29.0,24.9,0.7875,99.58333333333333,4.100000000000001,-0.20000000000000284
2013-08-12,26.9,30.1,25.0,0.3625,97.875,5.100000000000001,0.5
2013-08-13,28.0,31.7,25.6,0.2625,85.375,6.099999999999998,1.1000000000000014
2013-08-14,28.4,32.2,25.9,0.09999999999999999,81.95833333333333,6.300000000000004,0.3999999999999986
2013-08-15,28.0,31.8,25.6,0.14583333333333334,94.83333333333333,6.199999999999999,-0.3999999999999986
2013-08-16,27.3,29.9,25.4,0.3333333333333333,99.58333333333333,4.5,-0.6999999999999993
2013-08-17,27.5,30.9,25.3,0.28750000000000003,96.0,5.599999999999998,0.1999999999999993
2013-08-18,26.9,29.0,25.1,1.3583333333333334,99.25,3.8999999999999986,-0.6000000000000014
2013-08-19,25.6,28.0,24.5,1.2249999999999999,99.95833333333333,3.5,-1.2999999999999972
2013-08-20,26.2,28.8,24.6,1.6041666666666667,99.83333333333333,4.199999999999999,0.5999999999999979
2013-08-21,26.7,30.2,25.2,0.3541666666666667,98.79166666666667,5.0,0.5
2013-08-22,27.8,31.2,25.2,0.06666666666666667,49.25,6.0,1.1000000000000014
2013-08-23,28.4,31.2,25.6,0.008333333333333333,75.20833333333333,5.599999999999998,0.5999999999999979
2013-08-24,28.4,31.5,26.2,0.31666666666666665,58.666666666666664,5.300000000000001,0.0
2013-08-25,28.9,32.5,26.3,0.10416666666666667,91.04166666666667,6.199999999999999,0.5
2013-08-26,28.2,30.9,26.2,0.30833333333333335,99.54166666666667,4.699999999999999,-0.6999999999999993
2013-08-27,26.1,27.5,25.5,2.5083333333333333,99.875,2.0,-2.099999999999998
2013-08-28,26.9,30.2,25.6,0.4875,97.66666666666667,4.599999999999998,0.7999999999999972
2013-08-29,28.2,30.9,25.6,0.025000000000000005,85.08333333333333,5.299999999999997,1.3000000000000007
2013-08-30,28.8,31.6,26.3,0.008333333333333333,78.29166666666667,5.300000000000001,0.6000000000000014
2013-08-31,29.3,32.7,27.1,0.09583333333333333,98.66666666666667,5.600000000000001,0.5
2013-09-01,28.8,32.7,25.6,1.1125,98.75,7.100000000000001,-0.5
2013-09-02,26.4,28.8,25.1,0.7125,98.625,3.6999999999999993,-2.400000000000002
2013-09-03,26.5,29.2,25.2,0.8916666666666667,98.95833333333333,4.0,0.10000000000000142
2013-09-04,28.4,32.1,25.8,0.10416666666666667,99.0,6.300000000000001,1.8999999999999986
2013-09-05,29.0,32.9,26.3,0.0625,98.5,6.599999999999998,0.6000000000000014
2013-09-06,29.2,32.4,26.1,0.04583333333333334,91.0,6.299999999999997,0.1999999999999993
2013-09-07,27.4,31.4,25.4,0.42500000000000004,77.20833333333333,6.0,-1.8000000000000007
2013-09-08,26.6,29.1,24.8,0.5291666666666667,99.04166666666667,4.300000000000001,-0.7999999999999972
2013-09-09,26.3,29.1,24.8,1.0291666666666666,97.70833333333333,4.300000000000001,-0.3000000000000007
2013-09-10,26.6,30.6,25.0,0.5625,95.5,5.600000000000001,0.3000000000000007
2013-09-11,27.5,30.7,25.2,0.016666666666666666,85.125,5.5,0.8999999999999986
2013-09-12,28.5,31.6,25.6,0.06666666666666667,36.416666666666664,6.0,1.0
2013-09-13,29.1,31.9,25.8,0.02916666666666667,58.5,6.099999999999998,0.6000000000000014
2013-09-14,27.7,32.4,25.0,0.3833333333333333,91.83333333333333,7.399999999999999,-1.4000000000000021
2013-09-15,26.6,29.8,24.8,0.5833333333333334,83.75,5.0,-1.0999999999999979
2013-09-16,28.0,31.2,24.7,0.05833333333333333,82.08333333333333,6.5,1.3999999999999986
2013-09-17,27.1,30.5,25.3,0.7291666666666666,99.29166666666667,5.199999999999999,-0.8999999999999986
2013-09-18,26.9,30.0,25.4,0.6125,99.91666666666667,4.600000000000001,-0.20000000000000284
2013-09-19,27.2,29.5,25.3,0.3625,96.75,4.199999999999999,0.3000000000000007
2013-09-20,27.0,30.5,25.2,0.17916666666666667,66.54166666666667,5.300000000000001,-0.1999999999999993
2013-09-21,27.3,30.7,24.9,0.15,36.25,5.800000000000001,0.3000000000000007
2013-09-22,27.9,31.1,24.8,0.029166666666666664,28.541666666666668,6.300000000000001,0.5999999999999979
2013-09-23,28.1,31.2,25.0,0.020833333333333332,21.458333333333332,6.199999999999999,0.20000000000000284
2013-09-24,28.9,32.1,25.7,0.012500000000000002,26.166666666666668,6.400000000000002,0.7999999999999972
2013-09-25,28.2,32.0,25.5,0.5666666666666667,72.91666666666667,6.5,-0.6999999999999993
2013-09-26,27.5,31.1,25.2,0.8291666666666666,96.83333333333333,5.900000000000002,-0.6999999999999993
2013-09-27,27.7,31.7,24.9,0.4166666666666667,91.0,6.800000000000001,0.1999999999999993
2013-09-28,25.9,28.0,24.6,0.5499999999999999,96.375,3.3999999999999986,-1.8000000000000007
2013-09-29,25.6,27.6,24.5,0.6,99.79166666666667,3.1000000000000014,-0.29999999999999716
2013-09-30,25.8,29.6,24.3,0.7374999999999999,99.875,5.300000000000001,0.1999999999999993
2013-10-01,25.9,28.2,24.5,1.05,99.91666666666667,3.6999999999999993,0.09999999999999787
2013-10-02,26.5,29.3,24.0,0.49583333333333335,80.875,5.300000000000001,0.6000000000000014
2013-10-03,26.3,30.2,23.8,0.575,81.91666666666667,6.399999999999999,-0.1999999999999993
2013-10-04,26.2,29.8,24.3,0.23750000000000002,98.54166666666667,5.5,-0.10000000000000142
2013-10-05,26.9,30.4,25.0,0.6458333333333334,96.25,5.399999999999999,0.6999999999999993
2013-10-06,25.9,28.9,24.0,1.1916666666666667,99.95833333333333,4.899999999999999,-1.0
2013-10-07,25.5,27.6,23.9,0.45416666666666666,91.29166666666667,3.700000000000003,-0.3999999999999986
2013-10-08,25.8,29.3,23.9,0.4000000000000001,84.70833333333333,5.400000000000002,0.3000000000000007
2013-10-09,24.7,27.3,23.3,0.9416666666666665,86.33333333333333,4.0,-1.1000000000000014
2013-10-10,27.1,31.0,23.6,0.0,54.625,7.399999999999999,2.400000000000002
2013-10-11,27.9,31.8,24.5,0.06666666666666667,73.45833333333333,7.300000000000001,0.7999999999999972
2013-10-12,25.6,27.0,24.9,0.7708333333333334,99.875,2.1000000000000014,-2.299999999999997
2013-10-13,26.2,29.0,24.8,0.375,89.5,4.199999999999999,0.5999999999999979
2013-10-14,26.7,28.9,25.0,0.24583333333333335,84.70833333333333,3.8999999999999986,0.5
2013-10-15,26.3,29.4,24.0,0.39999999999999997,61.083333333333336,5.399999999999999,-0.3999999999999986
2013-10-16,26.4,29.7,23.6,0.016666666666666666,44.75,6.099999999999998,0.09999999999999787
2013-10-17,26.7,29.7,23.9,0.008333333333333333,27.833333333333332,5.800000000000001,0.3000000000000007
2013-10-18,26.8,30.3,23.7,0.016666666666666666,35.875,6.600000000000001,0.10000000000000142
2013-10-19,27.3,31.3,23.6,0.0375,24.875,7.699999999999999,0.5
2013-10-20,26.7,30.9,23.8,0.21250000000000002,27.916666666666668,7.099999999999998,-0.6000000000000014
2013-10-21,25.8,29.5,23.6,0.5958333333333333,74.75,5.899999999999999,-0.8999999999999986
2013-10-22,24.2,26.2,23.0,0.35833333333333334,98.875,3.1999999999999993,-1.6000000000000014
2013-10-23,23.9,25.5,22.8,0.5625,98.75,2.6999999999999993,-0.3000000000000007
2013-10-24,24.9,27.5,22.7,0.19583333333333333,99.45833333333333,4.800000000000001,1.0
2013-10-25,23.5,25.1,22.4,1.7416666666666665,97.83333333333333,2.700000000000003,-1.3999999999999986
2013-10-26,22.7,24.2,21.1,5.158333333333334,97.20833333333333,3.099999999999998,-0.8000000000000007
2013-10-27,23.5,26.6,20.6,0.012499999999999999,95.66666666666667,6.0,0.8000000000000007
2013-10-28,24.3,28.6,20.3,0.0,12.291666666666666,8.3,0.8000000000000007
2013-10-29,24.7,28.7,19.6,0.012500000000000002,20.708333333333332,9.099999999999998,0.3999999999999986
2013-10-30,24.6,29.6,19.2,0.0,13.25,10.400000000000002,-0.09999999999999787
2013-10-31,24.9,29.4,19.3,0.0,4.916666666666667,10.099999999999998,0.29999999999999716
2013-11-01,24.2,29.1,18.7,0.0,6.875,10.400000000000002,-0.6999999999999993
2013-11-02,24.2,29.5,18.7,0.0,0.0,10.8,0.0
2013-11-03,24.9,29.9,19.0,0.0,0.2916666666666667,10.899999999999999,0.6999999999999993
2013-11-04,24.7,29.3,20.4,0.0,11.083333333333334,8.900000000000002,-0.1999999999999993
2013-11-05,23.3,28.4,19.0,0.0,1.125,9.399999999999999,-1.3999999999999986
2013-11-06,22.4,27.1,18.5,0.0,15.375,8.600000000000001,-0.9000000000000021
2013-11-07,22.8,27.3,18.4,0.0,28.375,8.900000000000002,0.40000000000000213
2013-11-08,22.6,27.1,19.1,0.0,20.333333333333332,8.0,-0.1999999999999993
2013-11-09,22.7,27.6,19.0,0.0,5.041666666666667,8.600000000000001,0.09999999999999787
2013-11-10,22.6,28.0,18.1,0.0,0.125,9.899999999999999,-0.09999999999999787
2013-11-11,21.9,28.1,16.8,0.0,0.0,11.3,-0.7000000000000028
2013-11-12,20.6,27.2,16.0,0.0,9.375,11.2,-1.2999999999999972
2013-11-13,20.4,26.9,15.5,0.0,59.416666666666664,11.399999999999999,-0.20000000000000284
2013-11-14,20.3,26.5,15.1,0.0,28.25,11.4,-0.09999999999999787
2013-11-15,21.5,27.7,15.0,0.0,0.5416666666666666,12.7,1.1999999999999993
2013-11-16,22.9,29.1,17.4,0.0,17.25,11.700000000000003,1.3999999999999986
2013-11-17,22.2,28.4,16.8,0.0,7.25,11.599999999999998,-0.6999999999999993
2013-11-18,20.9,27.7,15.6,0.0,0.08333333333333333,12.1,-1.3000000000000007
2013-11-19,20.7,27.5,14.7,0.0,23.75,12.8,-0.1999999999999993
2013-11-20,20.6,27.5,14.5,0.0,63.125,13.0,-0.09999999999999787
2013-11-21,21.1,27.4,14.4,0.0,52.125,12.999999999999998,0.5
2013-11-22,22.1,27.6,18.2,0.0,60.583333333333336,9.400000000000002,1.0
2013-11-23,22.3,28.2,17.5,0.0,12.125,10.7,0.1999999999999993
2013-11-24,22.1,28.3,16.6,0.0,40.208333333333336,11.7,-0.1999999999999993
2013-11-25,21.4,27.3,16.3,0.0,20.083333333333332,11.0,-0.7000000000000028
2013-11-26,21.5,27.4,16.0,0.0,51.291666666666664,11.399999999999999,0.10000000000000142
2013-11-27,22.1,28.2,16.2,0.0,89.20833333333333,12.0,0.6000000000000014
2013-11-28,23.8,28.6,17.0,0.0,91.79166666666667,11.600000000000001,1.6999999999999993
2013-11-29,24.4,29.2,19.4,0.0,21.25,9.8,0.5999999999999979
2013-11-30,22.9,28.2,18.4,0.0,11.625,9.8,-1.5
2013-12-01,21.6,28.2,15.6,0.0,0.7916666666666666,12.6,-1.2999999999999972
2013-12-02,20.5,27.3,14.4,0.0,0.0,12.9,-1.1000000000000014
2013-12-03,20.9,27.0,14.2,0.0,5.166666666666667,12.8,0.3999999999999986
2013-12-04,21.4,27.0,16.9,0.0,20.875,10.100000000000001,0.5
2013-12-05,21.0,26.9,15.7,0.0,24.375,11.2,-0.3999999999999986
2013-12-06,20.6,26.5,14.9,0.0,94.45833333333333,11.6,-0.3999999999999986
2013-12-07,20.6,26.3,15.9,0.0,96.29166666666667,10.4,0.0
2013-12-08,20.8,26.5,15.7,0.0,99.875,10.8,0.1999999999999993
2013-12-09,20.6,26.7,15.3,0.0,78.41666666666667,11.399999999999999,-0.1999999999999993
2013-12-10,21.0,26.8,15.7,0.0,72.08333333333333,11.100000000000001,0.3999999999999986
2013-12-11,20.3,26.8,14.1,0.0,1.0,12.700000000000001,-0.6999999999999993
2013-12-12,20.3,25.9,13.7,0.0,0.2916666666666667,12.2,0.0
2013-12-13,20.2,26.4,13.6,0.0,0.041666666666666664,12.799999999999999,-0.10000000000000142
2013-12-14,19.6,25.8,13.4,0.0,4.083333333333333,12.4,-0.5999999999999979
2013-12-15,18.5,25.1,12.7,0.0,0.0,12.400000000000002,-1.1000000000000014
2013-12-16,18.8,25.7,12.5,0.0,1.3333333333333333,13.2,0.3000000000000007
2013-12-17,19.3,25.7,12.3,0.0,6.291666666666667,13.399999999999999,0.5
2013-12-18,20.0,26.1,14.2,0.0,10.875,11.900000000000002,0.6999999999999993
2013-12-19,20.6,25.9,13.4,0.0,16.75,12.499999999999998,0.6000000000000014
2013-12-20,20.9,25.9,16.6,0.0,30.166666666666668,9.299999999999997,0.29999999999999716
2013-12-21,21.0,25.6,16.1,0.0,27.166666666666668,9.5,0.10000000000000142
2013-12-22,21.1,26.7,15.5,0.0,22.541666666666668,11.2,0.10000000000000142
2013-12-23,21.9,28.2,15.6,0.0,14.541666666666666,12.6,0.7999999999999972
2013-12-24,21.0,26.6,15.3,0.0,9.125,11.3,-0.8999999999999986
2013-12-25,18.1,24.0,12.0,0.0,0.0,12.0,-2.8999999999999986
2013-12-26,17.3,23.5,11.4,0.0,0.0,12.1,-0.8000000000000007
2013-12-27,18.0,24.0,11.1,0.0,0.0,12.9,0.6999999999999993
2013-12-28,19.0,25.6,13.1,0.0,5.625,12.500000000000002,1.0
2013-12-29,18.7,25.3,11.5,0.0,5.333333333333333,13.8,-0.3000000000000007
2013-12-30,18.7,25.0,13.3,0.0,4.083333333333333,11.7,0.0
2013-12-31,17.7,23.9,12.2,0.0,0.0,11.7,-1.0
2014-01-01,18.2,25.0,11.4,0.0,0.0,13.6,0.5
2014-01-02,19.3,25.6,13.2,0.0,0.3333333333333333,12.400000000000002,1.1000000000000014
2014-01-03,17.9,23.6,12.1,0.0,0.16666666666666666,11.500000000000002,-1.4000000000000021
2014-01-04,16.2,22.9,10.3,0.0,14.375,12.599999999999998,-1.6999999999999993
2014-01-05,17.9,23.8,9.8,0.0,54.291666666666664,14.0,1.6999999999999993
2014-01-06,18.1,23.2,13.8,0.008333333333333333,18.416666666666668,9.399999999999999,0.20000000000000284
2014-01-07,17.7,23.2,11.6,0.0,19.291666666666668,11.6,-0.40000000000000213
2014-01-08,16.3,22.8,9.8,0.0,0.0,13.0,-1.3999999999999986
2014-01-09,16.0,23.2,9.0,0.0,0.0,14.2,-0.3000000000000007
2014-01-10,17.6,24.5,10.6,0.0,0.0,13.9,1.6000000000000014
2014-01-11,19.2,25.4,11.6,0.0,11.375,13.799999999999999,1.5999999999999979
2014-01-12,19.0,23.4,14.8,0.0,27.625,8.599999999999998,-0.1999999999999993
2014-01-13,18.6,24.0,13.2,0.0,33.75,10.8,-0.3999999999999986
2014-01-14,17.5,23.3,12.4,0.0,1.75,10.9,-1.1000000000000014
2014-01-15,17.1,22.8,11.7,0.0,9.833333333333334,11.100000000000001,-0.3999999999999986
2014-01-16,17.7,23.4,11.3,0.0,0.9166666666666666,12.099999999999998,0.5999999999999979
2014-01-17,18.6,24.6,13.2,0.0,0.3333333333333333,11.400000000000002,0.9000000000000021
2014-01-18,19.8,25.6,13.0,0.0,1.4166666666666667,12.600000000000001,1.1999999999999993
2014-01-19,20.8,26.8,13.5,0.0,23.5,13.3,1.0
2014-01-20,19.3,25.0,13.2,0.0,10.625,11.8,-1.5
2014-01-21,18.0,24.0,12.5,0.0,4.5,11.5,-1.3000000000000007
2014-01-22,18.8,25.0,12.1,0.0,4.041666666666667,12.9,0.8000000000000007
2014-01-23,19.5,26.1,12.8,0.0,0.125,13.3,0.6999999999999993
2014-01-24,19.6,25.5,13.0,0.0,2.3333333333333335,12.5,0.10000000000000142
2014-01-25,20.5,26.4,15.0,0.0,28.25,11.399999999999999,0.8999999999999986
2014-01-26,19.0,25.3,13.4,0.0,1.1666666666666667,11.9,-1.5
2014-01-27,17.5,24.0,12.7,0.0,73.08333333333333,11.3,-1.5
2014-01-28,17.5,23.6,12.0,0.0,57.875,11.600000000000001,0.0
2014-01-29,18.4,24.8,12.2,0.0,54.958333333333336,12.600000000000001,0.8999999999999986
2014-01-30,18.9,25.6,12.7,0.0,42.041666666666664,12.900000000000002,0.5
2014-01-31,18.7,25.4,13.0,0.0,0.041666666666666664,12.399999999999999,-0.1999999999999993
2014-02-01,18.5,25.5,12.6,0.0,0.0,12.9,-0.1999999999999993
2014-02-02,17.9,24.9,12.0,0.0,0.0,12.899999999999999,-0.6000000000000014
2014-02-03,18.4,25.4,11.9,0.0,15.166666666666666,13.499999999999998,0.5
2014-02-04,19.5,26.7,11.9,0.0,0.041666666666666664,14.799999999999999,1.1000000000000014
2014-02-05,21.1,28.1,13.1,0.0,11.708333333333334,15.000000000000002,1.6000000000000014
2014-02-06,21.8,28.9,15.0,0.0,0.0,13.899999999999999,0.6999999999999993
2014-02-07,22.8,29.6,16.3,0.0,11.25,13.3,1.0
2014-02-08,23.7,29.3,18.0,0.0,30.208333333333332,11.3,0.8999999999999986
2014-02-09,23.8,30.1,17.2,0.0,6.625,12.900000000000002,0.10000000000000142
2014-02-10,22.8,28.1,17.8,0.004166666666666667,12.833333333333334,10.3,-1.0
2014-02-11,22.4,27.7,17.7,0.008333333333333333,31.958333333333332,10.0,-0.40000000000000213
2014-02-12,21.3,27.2,15.1,0.0,0.9583333333333334,12.1,-1.0999999999999979
2014-02-13,21.0,27.3,14.8,0.0,3.0833333333333335,12.5,-0.3000000000000007
2014-02-14,22.4,28.6,15.2,0.0,28.125,13.400000000000002,1.3999999999999986
2014-02-15,22.8,27.5,18.3,0.008333333333333333,47.791666666666664,9.2,0.40000000000000213
2014-02-16,19.6,21.8,18.1,1.6125,95.625,3.6999999999999993,-3.1999999999999993
2014-02-17,18.0,23.3,11.9,0.004166666666666667,30.166666666666668,11.4,-1.6000000000000014
2014-02-18,17.0,22.7,11.1,0.0,0.375,11.6,-1.0
2014-02-19,17.8,24.1,11.9,0.0,0.0,12.200000000000001,0.8000000000000007
2014-02-20,19.6,25.2,12.0,0.0,0.0,13.2,1.8000000000000007
2014-02-21,20.7,26.8,13.8,0.0,0.0,13.0,1.0999999999999979
2014-02-22,22.1,27.9,16.4,0.0,7.166666666666667,11.5,1.4000000000000021
2014-02-23,22.3,27.2,16.2,0.0,36.25,11.0,0.1999999999999993
2014-02-24,23.0,28.1,17.6,0.0,18.041666666666668,10.5,0.6999999999999993
2014-02-25,23.1,28.5,17.5,0.0,19.541666666666668,11.0,0.10000000000000142
2014-02-26,22.8,28.3,17.1,0.0,5.458333333333333,11.2,-0.3000000000000007
2014-02-27,23.3,28.4,18.4,0.0,60.833333333333336,10.0,0.5
2014-02-28,22.4,27.1,18.2,0.004166666666666667,51.333333333333336,8.900000000000002,-0.9000000000000021
2014-03-01,22.8,28.0,17.9,0.004166666666666667,35.416666666666664,10.100000000000001,0.40000000000000213
2014-03-02,22.2,27.9,17.8,0.0,29.416666666666668,10.099999999999998,-0.6000000000000014
2014-03-03,23.1,28.6,17.7,0.0,64.5,10.900000000000002,0.9000000000000021
2014-03-04,23.2,28.8,18.4,0.05000000000000001,67.91666666666667,10.400000000000002,0.09999999999999787
2014-03-05,22.7,28.3,16.8,0.0,4.0,11.5,-0.5
2014-03-06,23.6,29.3,16.4,0.0,14.875,12.900000000000002,0.9000000000000021
2014-03-07,23.5,29.7,15.9,0.0,0.3333333333333333,13.799999999999999,-0.10000000000000142
2014-03-08,23.5,30.0,15.8,0.0,20.291666666666668,14.2,0.0
2014-03-09,23.8,30.3,17.0,0.0,52.666666666666664,13.3,0.3000000000000007
2014-03-10,24.6,30.1,17.5,0.0,62.5,12.600000000000001,0.8000000000000007
2014-03-11,25.2,31.5,18.4,0.0,9.541666666666666,13.100000000000001,0.5999999999999979
2014-03-12,27.1,32.9,19.1,0.0,97.125,13.799999999999997,1.9000000000000021
2014-03-13,27.2,32.2,22.1,0.0,82.91666666666667,10.100000000000001,0.09999999999999787
2014-03-14,27.0,32.9,20.5,0.0,19.833333333333332,12.399999999999999,-0.1999999999999993
2014-03-15,26.5,33.1,19.0,0.0,1.375,14.100000000000001,-0.5
2014-03-16,27.0,33.4,18.7,0.0,0.2916666666666667,14.7,0.5
2014-03-17,27.4,34.2,21.0,0.0,11.458333333333334,13.200000000000003,0.3999999999999986
2014-03-18,28.3,35.6,21.3,0.0,13.708333333333334,14.3,0.9000000000000021
2014-03-19,29.2,35.8,22.5,0.0,21.833333333333332,13.299999999999997,0.8999999999999986
2014-03-20,28.0,33.6,20.7,0.0,6.791666666666667,12.900000000000002,-1.1999999999999993
2014-03-21,27.4,33.6,20.3,0.0,10.25,13.3,-0.6000000000000014
2014-03-22,25.8,32.3,21.4,0.6458333333333334,49.791666666666664,10.899999999999999,-1.5999999999999979
2014-03-23,25.2,30.5,21.1,0.25416666666666665,26.875,9.399999999999999,-0.6000000000000014
2014-03-24,27.2,33.0,22.6,0.020833333333333332,31.708333333333332,10.399999999999999,2.0
2014-03-25,27.6,32.2,22.4,0.0,33.291666666666664,9.800000000000004,0.40000000000000213
2014-03-26,28.8,34.9,23.4,0.0,29.0,11.5,1.1999999999999993
2014-03-27,30.1,35.8,24.4,0.0,17.416666666666668,11.399999999999999,1.3000000000000007
2014-03-28,30.4,36.8,23.7,0.0,1.0416666666666667,13.099999999999998,0.29999999999999716
2014-03-29,30.7,37.9,23.2,0.0,0.0,14.7,0.3000000000000007
2014-03-30,31.1,38.2,23.2,0.0,0.041666666666666664,15.000000000000004,0.40000000000000213
2014-03-31,31.0,37.5,23.8,0.0,3.5,13.7,-0.10000000000000142
2014-04-01,30.4,35.7,23.9,0.0,14.666666666666666,11.800000000000004,-0.6000000000000014
2014-04-02,30.3,36.7,23.5,0.0,12.625,13.200000000000003,-0.09999999999999787
2014-04-03,30.0,37.3,24.6,0.10416666666666667,30.166666666666668,12.699999999999996,-0.3000000000000007
2014-04-04,29.9,35.3,24.7,0.0,22.625,10.599999999999998,-0.10000000000000142
2014-04-05,29.9,36.1,24.5,0.0,13.208333333333334,11.600000000000001,0.0
2014-04-06,30.8,37.5,25.1,0.0,12.166666666666666,12.399999999999999,0.9000000000000021
2014-04-07,30.9,37.8,26.1,0.0,16.5,11.699999999999996,0.09999999999999787
2014-04-08,30.9,37.3,26.1,0.029166666666666664,14.458333333333334,11.199999999999996,0.0
2014-04-09,30.2,35.6,26.2,0.041666666666666664,38.125,9.400000000000002,-0.6999999999999993
2014-04-10,30.4,36.6,24.4,0.0,22.208333333333332,12.200000000000003,0.1999999999999993
2014-04-11,30.3,37.0,24.1,0.0,22.375,12.899999999999999,-0.09999999999999787
2014-04-12,29.8,37.3,24.4,0.0625,23.541666666666668,12.899999999999999,-0.5
2014-04-13,29.4,36.1,24.3,0.04583333333333334,31.333333333333332,11.8,-0.40000000000000213
2014-04-14,30.6,36.8,24.7,0.008333333333333333,12.75,12.099999999999998,1.2000000000000028
2014-04-15,30.8,37.4,24.7,0.004166666666666667,22.708333333333332,12.7,0.1999999999999993
2014-04-16,31.3,38.2,24.4,0.016666666666666666,41.375,13.800000000000004,0.5
2014-04-17,32.0,39.0,25.9,0.07083333333333335,55.5,13.100000000000001,0.6999999999999993
2014-04-18,31.9,37.3,26.0,0.0,53.208333333333336,11.299999999999997,-0.10000000000000142
2014-04-19,32.1,37.5,25.7,0.0,56.75,11.8,0.20000000000000284
2014-04-20,32.3,37.8,26.6,0.016666666666666666,38.916666666666664,11.199999999999996,0.19999999999999574
2014-04-21,32.2,37.5,26.4,0.0,6.583333333333333,11.100000000000001,-0.09999999999999432
2014-04-22,32.7,38.1,26.2,0.0,11.291666666666666,11.900000000000002,0.5
2014-04-23,33.0,39.5,27.0,0.0,3.9583333333333335,12.5,0.29999999999999716
2014-04-24,33.0,39.2,26.8,0.0,11.833333333333334,12.400000000000002,0.0
2014-04-25,33.3,39.9,28.2,0.0,14.416666666666666,11.7,0.29999999999999716
2014-04-26,32.8,39.5,27.8,0.03333333333333333,12.875,11.7,-0.5
2014-04-27,32.8,40.4,27.7,0.012500000000000002,12.166666666666666,12.7,0.0
2014-04-28,32.2,38.5,27.6,0.016666666666666666,25.958333333333332,10.899999999999999,-0.5999999999999943
2014-04-29,32.3,38.3,27.5,0.049999999999999996,17.5,10.799999999999997,0.09999999999999432
2014-04-30,32.1,38.4,27.0,0.0,25.0,11.399999999999999,-0.19999999999999574
2014-05-01,31.8,38.1,26.9,0.0,35.291666666666664,11.200000000000003,-0.3000000000000007
2014-05-02,31.4,36.6,27.7,0.0,67.41666666666667,8.900000000000002,-0.40000000000000213
2014-05-03,30.9,36.3,27.3,0.008333333333333333,37.291666666666664,8.999999999999996,-0.5
2014-05-04,31.1,36.0,27.5,0.024999999999999998,57.166666666666664,8.5,0.20000000000000284
2014-05-05,29.6,34.3,26.1,0.025000000000000005,57.041666666666664,8.199999999999996,-1.5
2014-05-06,31.3,36.5,26.1,0.0,17.541666666666668,10.399999999999999,1.6999999999999993
2014-05-07,31.6,36.9,27.8,0.016666666666666666,20.625,9.099999999999998,0.3000000000000007
2014-05-08,32.0,38.4,28.2,0.1625,18.041666666666668,10.2,0.3999999999999986
2014-05-09,33.7,39.8,28.8,0.05000000000000001,53.25,10.999999999999996,1.7000000000000028
2014-05-10,31.2,37.1,26.3,0.029166666666666664,83.91666666666667,10.8,-2.5000000000000036
2014-05-11,30.3,35.2,26.3,0.008333333333333333,25.75,8.900000000000002,-0.8999999999999986
2014-05-12,32.8,40.0,27.5,0.0,20.166666666666668,12.5,2.4999999999999964
2014-05-13,32.9,39.2,28.4,0.05000000000000001,16.458333333333332,10.800000000000004,0.10000000000000142
2014-05-14,33.3,39.2,28.5,0.04583333333333334,24.666666666666668,10.700000000000003,0.3999999999999986
2014-05-15,33.5,39.8,27.8,0.0,21.583333333333332,11.999999999999996,0.20000000000000284
2014-05-16,33.2,40.1,27.8,0.0,20.916666666666668,12.3,-0.29999999999999716
2014-05-17,32.6,39.5,27.9,0.020833333333333332,25.125,11.600000000000001,-0.6000000000000014
2014-05-18,33.0,39.9,27.9,0.020833333333333332,21.833333333333332,12.0,0.3999999999999986
2014-05-19,33.1,39.4,28.1,0.0,35.5,11.299999999999997,0.10000000000000142
2014-05-20,33.0,40.2,28.0,0.0,20.208333333333332,12.200000000000003,-0.10000000000000142
2014-05-21,32.9,40.3,27.8,0.0,63.833333333333336,12.499999999999996,-0.10000000000000142
2014-05-22,32.6,38.5,28.1,0.0,58.125,10.399999999999999,-0.29999999999999716
2014-05-23,32.8,38.2,28.1,0.0,61.166666666666664,10.100000000000001,0.19999999999999574
2014-05-24,30.6,34.8,27.1,0.029166666666666664,94.375,7.699999999999996,-2.1999999999999957
2014-05-25,27.5,32.1,26.4,1.0625,98.0,5.700000000000003,-3.1000000000000014
2014-05-26,27.7,32.0,25.7,0.325,85.16666666666667,6.300000000000001,0.1999999999999993
2014-05-27,27.2,30.1,25.6,0.65,92.95833333333333,4.5,-0.5
2014-05-28,28.5,32.3,25.6,0.10416666666666667,52.875,6.699999999999996,1.3000000000000007
2014-05-29,30.2,34.1,25.8,0.020833333333333332,29.375,8.3,1.6999999999999993
2014-05-30,30.8,34.7,28.2,0.0375,24.125,6.5000000000000036,0.6000000000000014
2014-05-31,29.1,32.9,24.7,0.7125,88.0,8.2,-1.6999999999999993
2014-06-01,26.7,31.0,24.7,2.4499999999999997,75.125,6.300000000000001,-2.400000000000002
2014-06-02,28.5,31.7,26.1,0.18333333333333335,59.875,5.599999999999998,1.8000000000000007
2014-06-03,28.4,31.3,25.9,0.1625,68.20833333333333,5.400000000000002,-0.10000000000000142
2014-06-04,30.3,33.7,27.4,0.03333333333333333,29.125,6.300000000000004,1.9000000000000021
2014-06-05,30.6,34.2,28.1,0.012500000000000002,20.583333333333332,6.100000000000001,0.3000000000000007
2014-06-06,30.5,34.0,28.0,0.0,46.833333333333336,6.0,-0.10000000000000142
2014-06-07,30.4,33.6,28.1,0.0,63.416666666666664,5.5,-0.10000000000000142
2014-06-08,30.1,32.8,28.5,0.06666666666666667,67.95833333333333,4.299999999999997,-0.29999999999999716
2014-06-09,30.7,34.3,28.4,0.0,78.54166666666667,5.899999999999999,0.5999999999999979
2014-06-10,31.1,34.5,28.5,0.0,62.791666666666664,6.0,0.40000000000000213
2014-06-11,31.6,35.7,28.7,0.0,36.958333333333336,7.0000000000000036,0.5
2014-06-12,32.3,37.0,28.7,0.0,19.208333333333332,8.3,0.6999999999999957
2014-06-13,32.7,37.5,28.5,0.0,54.041666666666664,9.0,0.4000000000000057
2014-06-14,32.2,37.0,28.6,0.04583333333333334,85.375,8.399999999999999,-0.5
2014-06-15,31.8,37.0,28.6,0.05833333333333333,74.08333333333333,8.399999999999999,-0.40000000000000213
2014-06-16,31.3,36.2,27.2,0.5,59.375,9.000000000000004,-0.5
2014-06-17,30.3,34.3,27.3,0.18333333333333335,78.625,6.9999999999999964,-1.0
2014-06-18,28.5,32.5,26.4,0.8166666666666665,98.58333333333333,6.100000000000001,-1.8000000000000007
2014-06-19,27.3,29.4,26.1,0.6666666666666666,99.66666666666667,3.299999999999997,-1.1999999999999993
2014-06-20,27.7,31.4,25.6,1.4791666666666667,98.70833333333333,5.799999999999997,0.3999999999999986
2014-06-21,26.5,27.0,25.5,2.0124999999999997,100.0,1.5,-1.1999999999999993
2014-06-22,28.4,30.4,26.8,0.8333333333333334,98.91666666666667,3.599999999999998,1.8999999999999986
2014-06-23,29.7,32.5,26.8,0.016666666666666666,99.75,5.699999999999999,1.3000000000000007
2014-06-24,30.7,35.1,28.2,0.1125,82.08333333333333,6.900000000000002,1.0
2014-06-25,29.1,31.6,27.4,0.5,90.45833333333333,4.200000000000003,-1.5999999999999979
2014-06-26,28.4,30.2,26.9,0.6791666666666667,92.5,3.3000000000000007,-0.7000000000000028
2014-06-27,28.4,31.0,26.6,0.7791666666666667,89.54166666666667,4.399999999999999,0.0
2014-06-28,28.9,31.6,26.7,0.1875,81.16666666666667,4.900000000000002,0.5
2014-06-29,28.1,31.4,26.4,1.6375,99.625,5.0,-0.7999999999999972
2014-06-30,27.3,29.3,25.7,1.4833333333333334,99.79166666666667,3.6000000000000014,-0.8000000000000007
2014-07-01,26.5,27.7,25.6,0.6416666666666667,99.54166666666667,2.099999999999998,-0.8000000000000007
2014-07-02,26.8,28.9,25.7,1.2,99.75,3.1999999999999993,0.3000000000000007
2014-07-03,26.6,28.3,25.7,0.2833333333333333,100.0,2.6000000000000014,-0.1999999999999993
2014-07-04,26.6,27.5,25.8,0.5041666666666667,99.95833333333333,1.6999999999999993,0.0
2014-07-05,28.5,31.5,26.6,0.3166666666666667,97.91666666666667,4.899999999999999,1.8999999999999986
2014-07-06,29.1,31.7,26.5,0.35000000000000003,66.875,5.199999999999999,0.6000000000000014
2014-07-07,29.6,32.9,27.3,0.049999999999999996,89.41666666666667,5.599999999999998,0.5
2014-07-08,29.9,33.3,27.6,0.14166666666666666,88.58333333333333,5.699999999999996,0.29999999999999716
2014-07-09,29.2,32.0,26.9,0.7083333333333334,78.33333333333333,5.100000000000001,-0.6999999999999993
2014-07-10,28.4,32.9,26.6,0.7625000000000001,35.875,6.299999999999997,-0.8000000000000007
2014-07-11,29.3,32.5,26.5,0.05833333333333333,68.83333333333333,6.0,0.9000000000000021
2014-07-12,29.0,31.9,27.1,0.16666666666666666,88.29166666666667,4.799999999999997,-0.3000000000000007
2014-07-13,28.5,31.6,26.4,0.44166666666666665,99.375,5.200000000000003,-0.5
2014-07-14,28.1,31.4,26.4,0.15833333333333335,99.79166666666667,5.0,-0.3999999999999986
2014-07-15,27.9,31.5,25.8,0.36250000000000004,99.91666666666667,5.699999999999999,-0.20000000000000284
2014-07-16,27.0,29.2,25.9,0.4875,100.0,3.3000000000000007,-0.8999999999999986
2014-07-17,27.7,30.7,26.3,1.1041666666666667,99.83333333333333,4.399999999999999,0.6999999999999993
2014-07-18,28.4,31.3,26.4,0.325,98.58333333333333,4.900000000000002,0.6999999999999993
2014-07-19,28.6,31.4,26.2,0.12083333333333333,99.375,5.199999999999999,0.20000000000000284
2014-07-20,27.7,29.6,26.0,0.29583333333333334,99.125,3.6000000000000014,-0.9000000000000021
2014-07-21,27.8,29.9,26.1,0.125,95.41666666666667,3.799999999999997,0.10000000000000142
2014-07-22,28.1,30.9,26.1,0.016666666666666666,98.45833333333333,4.799999999999997,0.3000000000000007
2014-07-23,28.5,31.9,26.4,0.2041666666666667,98.5,5.5,0.3999999999999986
2014-07-24,27.4,30.8,25.3,0.9916666666666667,99.16666666666667,5.5,-1.1000000000000014
2014-07-25,27.6,31.4,25.2,0.4166666666666667,78.5,6.199999999999999,0.20000000000000284
2014-07-26,28.3,30.9,25.8,0.24166666666666667,93.75,5.099999999999998,0.6999999999999993
2014-07-27,28.0,30.9,25.9,0.09999999999999999,98.5,5.0,-0.3000000000000007
2014-07-28,28.2,31.7,25.9,0.2333333333333333,95.45833333333333,5.800000000000001,0.1999999999999993
2014-07-29,28.1,31.0,26.0,0.375,92.79166666666667,5.0,-0.09999999999999787
2014-07-30,28.0,31.3,25.9,0.3666666666666667,89.45833333333333,5.400000000000002,-0.10000000000000142
2014-07-31,27.9,30.2,26.1,0.3,96.04166666666667,4.099999999999998,-0.10000000000000142
2014-08-01,27.8,30.5,25.8,0.8125,96.41666666666667,4.699999999999999,-0.09999999999999787
2014-08-02,28.2,32.3,25.6,0.7291666666666666,85.5,6.699999999999996,0.3999999999999986
2014-08-03,27.9,30.7,26.0,0.17916666666666667,96.125,4.699999999999999,-0.3000000000000007
2014-08-04,27.7,29.9,26.0,0.25833333333333336,97.75,3.8999999999999986,-0.1999999999999993
2014-08-05,28.1,30.5,25.7,0.09166666666666667,94.79166666666667,4.800000000000001,0.40000000000000213
2014-08-06,28.9,32.4,26.4,0.07916666666666666,98.41666666666667,6.0,0.7999999999999972
2014-08-07,28.3,31.1,25.9,0.9708333333333333,97.625,5.200000000000003,-0.5999999999999979
2014-08-08,27.2,30.3,25.8,0.9583333333333334,92.875,4.5,-1.1000000000000014
2014-08-09,27.3,29.9,25.5,0.7166666666666667,85.54166666666667,4.399999999999999,0.10000000000000142
2014-08-10,28.2,31.3,25.7,0.17916666666666667,71.54166666666667,5.600000000000001,0.8999999999999986
2014-08-11,29.5,32.9,26.8,0.04583333333333334,61.083333333333336,6.099999999999998,1.3000000000000007
2014-08-12,29.2,32.7,27.2,0.46249999999999997,83.41666666666667,5.5000000000000036,-0.3000000000000007
2014-08-13,28.8,31.7,27.3,0.3,99.70833333333333,4.399999999999999,-0.3999999999999986
2014-08-14,27.9,31.0,26.2,1.0041666666666667,99.95833333333333,4.800000000000001,-0.9000000000000021
2014-08-15,26.5,27.9,25.8,2.9333333333333336,99.95833333333333,2.099999999999998,-1.3999999999999986
2014-08-16,26.9,29.3,25.3,0.875,100.0,4.0,0.3999999999999986
2014-08-17,27.2,30.3,25.4,0.22083333333333333,97.95833333333333,4.900000000000002,0.3000000000000007
2014-08-18,28.6,31.5,26.1,0.25,90.70833333333333,5.399999999999999,1.4000000000000021
2014-08-19,29.1,32.0,26.9,0.3333333333333333,98.20833333333333,5.100000000000001,0.5
2014-08-20,28.5,31.0,26.8,0.26666666666666666,99.79166666666667,4.199999999999999,-0.6000000000000014
2014-08-21,28.2,31.7,26.6,0.3083333333333333,98.875,5.099999999999998,-0.3000000000000007
2014-08-22,27.8,30.3,26.3,0.42500000000000004,98.04166666666667,4.0,-0.3999999999999986
2014-08-23,28.5,31.8,26.5,0.25833333333333336,96.875,5.300000000000001,0.6999999999999993
2014-08-24,28.7,31.9,26.7,0.07083333333333333,86.625,5.199999999999999,0.1999999999999993
2014-08-25,28.4,32.1,26.4,0.18333333333333335,96.66666666666667,5.700000000000003,-0.3000000000000007
2014-08-26,28.4,32.5,26.1,0.35833333333333334,97.375,6.399999999999999,0.0
2014-08-27,28.3,31.6,26.0,0.08750000000000001,98.58333333333333,5.600000000000001,-0.09999999999999787
2014-08-28,27.7,29.6,26.0,0.2916666666666667,99.25,3.6000000000000014,-0.6000000000000014
2014-08-29,27.6,30.3,25.8,0.3666666666666667,86.79166666666667,4.5,-0.09999999999999787
2014-08-30,27.8,30.8,25.2,0.14166666666666666,97.45833333333333,5.600000000000001,0.1999999999999993
2014-08-31,26.4,29.8,24.9,0.6458333333333334,94.54166666666667,4.900000000000002,-1.4000000000000021
2014-09-01,25.6,27.6,24.5,1.3666666666666665,99.54166666666667,3.1000000000000014,-0.7999999999999972
2014-09-02,25.5,28.4,24.3,0.8958333333333334,98.41666666666667,4.099999999999998,-0.10000000000000142
2014-09-03,26.5,29.7,24.3,0.22916666666666666,98.0,5.399999999999999,1.0
2014-09-04,27.1,30.5,24.2,0.17083333333333336,86.875,6.300000000000001,0.6000000000000014
2014-09-05,27.6,30.8,25.1,0.05833333333333334,94.375,5.699999999999999,0.5
2014-09-06,27.5,31.1,25.6,0.1875,84.29166666666667,5.5,-0.10000000000000142
2014-09-07,27.3,30.6,25.2,0.1875,98.04166666666667,5.400000000000002,-0.1999999999999993
2014-09-08,27.7,30.9,25.0,0.0375,46.541666666666664,5.899999999999999,0.3999999999999986
2014-09-09,27.8,30.5,25.4,0.325,54.833333333333336,5.100000000000001,0.10000000000000142
2014-09-10,27.6,31.2,25.5,0.375,70.41666666666667,5.699999999999999,-0.1999999999999993
2014-09-11,27.7,31.5,25.4,0.041666666666666664,53.0,6.100000000000001,0.09999999999999787
2014-09-12,27.9,31.8,25.3,0.10416666666666667,60.041666666666664,6.5,0.1999999999999993
2014-09-13,28.2,31.5,25.7,0.020833333333333332,47.75,5.800000000000001,0.3000000000000007
2014-09-14,28.2,31.2,25.7,0.09999999999999999,29.916666666666668,5.5,0.0
2014-09-15,28.0,31.7,25.5,0.041666666666666664,50.958333333333336,6.199999999999999,-0.1999999999999993
2014-09-16,28.1,31.6,25.7,0.10833333333333332,35.166666666666664,5.900000000000002,0.10000000000000142
2014-09-17,29.1,32.3,25.6,0.0,20.083333333333332,6.699999999999996,1.0
2014-09-18,29.1,33.0,26.1,0.21666666666666665,80.58333333333333,6.899999999999999,0.0
2014-09-19,27.4,30.3,25.5,0.43333333333333335,92.66666666666667,4.800000000000001,-1.7000000000000028
2014-09-20,26.3,27.6,25.5,0.7416666666666667,100.0,2.1000000000000014,-1.0999999999999979
2014-09-21,26.9,29.8,25.5,0.8250000000000001,99.66666666666667,4.300000000000001,0.5999999999999979
2014-09-22,26.8,29.1,25.4,0.33749999999999997,100.0,3.700000000000003,-0.09999999999999787
2014-09-23,28.1,31.0,25.1,0.004166666666666667,96.75,5.899999999999999,1.3000000000000007
2014-09-24,28.7,32.9,25.1,0.016666666666666666,76.91666666666667,7.799999999999997,0.5999999999999979
2014-09-25,28.6,32.3,26.0,0.125,38.791666666666664,6.299999999999997,-0.09999999999999787
2014-09-26,28.2,32.3,24.8,0.008333333333333333,13.916666666666666,7.4999999999999964,-0.40000000000000213
2014-09-27,28.4,33.1,24.1,0.0,5.375,9.0,0.1999999999999993
2014-09-28,28.4,33.1,23.8,0.0,13.166666666666666,9.3,0.0
2014-09-29,28.7,33.0,24.5,0.016666666666666666,11.583333333333334,8.5,0.3000000000000007
2014-09-30,28.4,32.7,24.7,0.008333333333333333,18.166666666666668,8.000000000000004,-0.3000000000000007
2014-10-01,28.5,32.0,24.6,0.016666666666666666,22.666666666666668,7.399999999999999,0.10000000000000142
2014-10-02,27.9,31.9,25.0,0.0375,28.75,6.899999999999999,-0.6000000000000014
2014-10-03,27.6,31.5,25.2,0.12916666666666668,28.791666666666668,6.300000000000001,-0.29999999999999716
2014-10-04,27.5,31.6,24.9,0.17500000000000002,22.958333333333332,6.700000000000003,-0.10000000000000142
2014-10-05,28.4,32.0,24.5,0.05833333333333333,23.958333333333332,7.5,0.8999999999999986
2014-10-06,28.1,32.1,24.5,0.029166666666666664,21.75,7.600000000000001,-0.29999999999999716
2014-10-07,27.9,32.4,24.6,0.025000000000000005,23.625,7.799999999999997,-0.20000000000000284
2014-10-08,28.0,32.0,24.6,0.0,14.958333333333334,7.399999999999999,0.10000000000000142
2014-10-09,28.5,32.3,24.7,0.012499999999999999,33.458333333333336,7.599999999999998,0.5
2014-10-10,28.1,32.5,24.6,0.0,97.75,7.899999999999999,-0.3999999999999986
2014-10-11,26.2,28.4,25.2,0.48333333333333334,100.0,3.1999999999999993,-1.9000000000000021
2014-10-12,26.5,28.8,25.3,0.32916666666666666,94.83333333333333,3.5,0.3000000000000007
2014-10-13,26.7,30.3,24.8,0.4375,70.45833333333333,5.5,0.1999999999999993
2014-10-14,26.5,30.4,24.4,0.27499999999999997,60.791666666666664,6.0,-0.1999999999999993
2014-10-15,27.1,30.7,24.3,0.075,38.541666666666664,6.399999999999999,0.6000000000000014
2014-10-16,27.3,30.4,24.6,0.016666666666666666,30.0,5.799999999999997,0.1999999999999993
2014-10-17,26.5,30.4,22.4,0.0,31.625,8.0,-0.8000000000000007
2014-10-18,26.1,29.8,22.1,0.0,16.416666666666668,7.699999999999999,-0.3999999999999986
2014-10-19,26.3,30.2,21.4,0.0,9.958333333333334,8.8,0.1999999999999993
2014-10-20,24.8,29.6,19.0,0.0,3.6666666666666665,10.600000000000001,-1.5
2014-10-21,24.6,29.4,18.8,0.0,5.125,10.599999999999998,-0.1999999999999993
2014-10-22,25.2,29.7,21.0,0.0,21.25,8.7,0.5999999999999979
2014-10-23,25.6,30.1,22.0,0.0,15.958333333333334,8.100000000000001,0.40000000000000213
2014-10-24,25.2,29.5,21.5,0.004166666666666667,16.166666666666668,8.0,-0.40000000000000213
2014-10-25,25.9,30.2,22.0,0.0,62.291666666666664,8.2,0.6999999999999993
2014-10-26,25.0,29.1,21.8,0.10833333333333334,98.58333333333333,7.300000000000001,-0.8999999999999986
2014-10-27,22.8,24.7,21.2,0.0,99.16666666666667,3.5,-2.1999999999999993
2014-10-28,23.6,27.1,20.8,0.0,40.75,6.300000000000001,0.8000000000000007
2014-10-29,24.0,28.5,19.7,0.0,25.833333333333332,8.8,0.3999999999999986
2014-10-30,24.3,29.4,19.4,0.0,90.70833333333333,10.0,0.3000000000000007
2014-10-31,24.6,29.4,19.9,0.0,14.958333333333334,9.5,0.3000000000000007
2014-11-01,24.9,29.9,20.2,0.0,34.791666666666664,9.7,0.29999999999999716
2014-11-02,24.9,29.6,20.5,0.0,56.583333333333336,9.100000000000001,0.0
2014-11-03,25.0,30.1,20.4,0.0,9.041666666666666,9.700000000000003,0.10000000000000142
2014-11-04,24.9,29.8,20.5,0.0,58.75,9.3,-0.10000000000000142
2014-11-05,24.9,30.0,20.7,0.0,74.45833333333333,9.3,0.0
2014-11-06,24.8,30.3,20.3,0.0,77.5,10.0,-0.09999999999999787
2014-11-07,25.7,30.9,20.1,0.0,80.125,10.799999999999997,0.8999999999999986
2014-11-08,26.4,31.6,22.4,0.0,55.083333333333336,9.200000000000003,0.6999999999999993
2014-11-09,26.6,31.2,22.6,0.0,63.791666666666664,8.599999999999998,0.20000000000000284
2014-11-10,26.3,30.6,20.9,0.0,62.333333333333336,9.700000000000003,-0.3000000000000007
2014-11-11,26.2,31.1,20.7,0.0,56.5,10.400000000000002,-0.10000000000000142
2014-11-12,26.2,31.2,21.8,0.0,39.916666666666664,9.399999999999999,0.0
2014-11-13,25.7,31.3,19.5,0.0,78.33333333333333,11.8,-0.5
2014-11-14,23.9,30.0,17.8,0.0,9.5,12.2,-1.8000000000000007
2014-11-15,22.8,29.3,17.1,0.0,18.5,12.2,-1.0999999999999979
2014-11-16,22.4,28.9,16.5,0.0,6.666666666666667,12.399999999999999,-0.40000000000000213
2014-11-17,22.2,28.7,15.8,0.0,0.041666666666666664,12.899999999999999,-0.1999999999999993
2014-11-18,22.3,28.2,16.6,0.0,0.9583333333333334,11.599999999999998,0.10000000000000142
2014-11-19,21.9,28.3,16.1,0.0,0.08333333333333333,12.2,-0.40000000000000213
2014-11-20,22.6,28.1,15.8,0.0,1.5416666666666667,12.3,0.7000000000000028
2014-11-21,22.7,28.3,17.0,0.0,17.916666666666668,11.3,0.09999999999999787
2014-11-22,22.6,28.4,15.6,0.0,3.9583333333333335,12.799999999999999,-0.09999999999999787
2014-11-23,22.7,28.3,17.5,0.0,10.833333333333334,10.8,0.09999999999999787
2014-11-24,21.6,28.4,15.7,0.0,61.083333333333336,12.7,-1.0999999999999979
2014-11-25,20.2,27.3,13.7,0.0,4.333333333333333,13.600000000000001,-1.4000000000000021
2014-11-26,20.8,26.7,13.3,0.0,0.0,13.399999999999999,0.6000000000000014
2014-11-27,21.4,27.4,15.2,0.0,0.08333333333333333,12.2,0.5999999999999979
2014-11-28,22.2,28.0,15.3,0.0,0.875,12.7,0.8000000000000007
2014-11-29,22.2,28.5,16.8,0.0,18.625,11.7,0.0
2014-11-30,22.6,28.9,17.3,0.0,53.625,11.599999999999998,0.40000000000000213
2014-12-01,22.5,28.3,17.4,0.0,7.916666666666667,10.900000000000002,-0.10000000000000142
2014-12-02,22.3,28.1,18.2,0.0,31.291666666666668,9.900000000000002,-0.1999999999999993
2014-12-03,21.2,27.4,15.8,0.0,9.625,11.599999999999998,-1.1000000000000014
2014-12-04,21.7,26.9,16.9,0.0,28.833333333333332,10.0,0.5
2014-12-05,23.0,26.2,18.3,0.0,81.75,7.899999999999999,1.3000000000000007
2014-12-06,22.6,26.7,17.8,0.0,53.0,8.899999999999999,-0.3999999999999986
2014-12-07,20.7,25.8,16.0,0.0,8.833333333333334,9.8,-1.9000000000000021
2014-12-08,20.6,25.9,15.4,0.0,5.0,10.499999999999998,-0.09999999999999787
2014-12-09,21.7,27.2,16.6,0.0,72.91666666666667,10.599999999999998,1.0999999999999979
2014-12-10,20.5,27.1,15.1,0.0,58.708333333333336,12.000000000000002,-1.1999999999999993
2014-12-11,20.4,26.1,15.0,0.0,79.875,11.100000000000001,-0.10000000000000142
2014-12-12,19.8,24.7,15.4,0.0,80.29166666666667,9.299999999999999,-0.5999999999999979
2014-12-13,19.8,23.5,15.9,0.0,86.125,7.6,0.0
2014-12-14,20.4,24.7,17.0,0.0,86.20833333333333,7.699999999999999,0.5999999999999979
2014-12-15,20.1,25.3,15.4,0.0,30.958333333333332,9.9,-0.29999999999999716
2014-12-16,20.8,26.2,15.9,0.0,22.666666666666668,10.299999999999999,0.6999999999999993
2014-12-17,18.2,24.1,12.6,0.0,8.125,11.500000000000002,-2.6000000000000014
2014-12-18,17.6,23.6,12.3,0.0,0.041666666666666664,11.3,-0.5999999999999979
2014-12-19,18.6,24.9,13.0,0.0,28.833333333333332,11.899999999999999,1.0
2014-12-20,18.6,24.7,13.4,0.0,47.25,11.299999999999999,0.0
2014-12-21,18.8,24.7,13.6,0.0,57.666666666666664,11.1,0.1999999999999993
2014-12-22,18.3,24.3,13.1,0.0,6.0,11.200000000000001,-0.5
2014-12-23,18.1,24.5,12.4,0.0,0.0,12.1,-0.1999999999999993
2014-12-24,18.3,25.0,12.0,0.0,0.0,13.0,0.1999999999999993
2014-12-25,17.7,24.3,12.3,0.0,0.0,12.0,-0.6000000000000014
2014-12-26,16.6,22.8,11.5,0.0,11.291666666666666,11.3,-1.0999999999999979
2014-12-27,16.4,22.3,10.8,0.0,12.041666666666666,11.5,-0.20000000000000284
2014-12-28,16.7,22.7,11.2,0.0,16.875,11.5,0.3000000000000007
2014-12-29,18.0,23.8,12.5,0.0,83.125,11.3,1.3000000000000007
2014-12-30,18.9,22.8,14.2,0.14583333333333334,98.25,8.600000000000001,0.8999999999999986
2014-12-31,20.1,23.6,17.5,0.0,96.125,6.100000000000001,1.2000000000000028
2015-01-01,19.7,21.3,18.7,0.9291666666666667,92.33333333333333,2.6000000000000014,-0.40000000000000213
2015-01-02,22.6,25.6,19.2,0.075,75.625,6.400000000000002,2.900000000000002
2015-01-03,22.8,27.5,19.9,0.30416666666666664,63.291666666666664,7.600000000000001,0.1999999999999993
2015-01-04,21.0,24.2,17.4,0.0,59.875,6.800000000000001,-1.8000000000000007
2015-01-05,18.8,23.7,14.5,0.0,12.666666666666666,9.2,-2.1999999999999993
2015-01-06,17.7,23.3,12.4,0.0,8.458333333333334,10.9,-1.1000000000000014
2015-01-07,17.4,23.2,12.0,0.0,8.708333333333334,11.2,-0.3000000000000007
2015-01-08,17.8,23.3,12.6,0.0,24.541666666666668,10.700000000000001,0.40000000000000213
2015-01-09,17.2,23.0,12.0,0.0,7.875,11.0,-0.6000000000000014
2015-01-10,17.2,23.6,12.0,0.0,0.0,11.600000000000001,0.0
2015-01-11,16.7,22.5,11.8,0.0,0.375,10.7,-0.5
2015-01-12,16.5,23.0,11.0,0.0,6.583333333333333,12.0,-0.1999999999999993
2015-01-13,17.0,23.3,10.7,0.0,65.20833333333333,12.600000000000001,0.5
2015-01-14,18.1,24.3,12.2,0.0,0.125,12.100000000000001,1.1000000000000014
2015-01-15,18.7,24.8,12.8,0.0,1.0,12.0,0.5999999999999979
2015-01-16,19.6,24.8,14.0,0.0,18.625,10.8,0.9000000000000021
2015-01-17,18.5,24.6,12.9,0.0,1.0,11.700000000000001,-1.1000000000000014
2015-01-18,17.1,23.0,12.1,0.0,0.75,10.9,-1.3999999999999986
2015-01-19,17.5,22.6,12.1,0.0,43.458333333333336,10.500000000000002,0.3999999999999986
2015-01-20,17.9,23.5,12.7,0.0,38.75,10.8,0.3999999999999986
2015-01-21,17.8,24.1,12.0,0.0,0.4583333333333333,12.100000000000001,-0.09999999999999787
2015-01-22,18.3,24.8,11.7,0.0,0.5833333333333334,13.100000000000001,0.5
2015-01-23,19.0,25.7,11.6,0.0,22.291666666666668,14.1,0.6999999999999993
2015-01-24,20.0,26.4,13.5,0.0,3.7083333333333335,12.899999999999999,1.0
2015-01-25,20.2,26.3,14.7,0.0,15.666666666666666,11.600000000000001,0.1999999999999993
2015-01-26,20.4,26.4,14.6,0.0,47.166666666666664,11.799999999999999,0.1999999999999993
2015-01-27,21.0,27.0,14.9,0.0,2.7083333333333335,12.1,0.6000000000000014
2015-01-28,21.6,27.6,15.9,0.0,14.541666666666666,11.700000000000001,0.6000000000000014
2015-01-29,21.4,26.2,16.2,0.0,45.458333333333336,10.0,-0.20000000000000284
2015-01-30,18.6,22.6,13.4,0.0,42.416666666666664,9.200000000000001,-2.799999999999997
2015-01-31,17.3,23.6,11.5,0.0,0.041666666666666664,12.100000000000001,-1.3000000000000007
2015-02-01,17.6,24.2,10.8,0.0,0.0,13.399999999999999,0.3000000000000007
2015-02-02,18.8,25.5,11.5,0.0,1.9583333333333333,14.0,1.1999999999999993
2015-02-03,20.5,27.7,13.2,0.0,52.125,14.5,1.6999999999999993
2015-02-04,21.8,29.1,15.6,0.0,44.083333333333336,13.500000000000002,1.3000000000000007
2015-02-05,22.3,28.4,15.2,0.0,55.0,13.2,0.5
2015-02-06,20.4,26.2,14.3,0.0,87.91666666666667,11.899999999999999,-1.9000000000000021
2015-02-07,20.0,26.2,13.4,0.0,84.20833333333333,12.799999999999999,-0.3999999999999986
2015-02-08,21.5,27.9,14.0,0.0,85.125,13.899999999999999,1.5
2015-02-09,22.2,28.4,15.1,0.0,57.125,13.299999999999999,0.6999999999999993
2015-02-10,22.9,28.1,16.8,0.0,97.875,11.3,0.6999999999999993
2015-02-11,22.3,27.7,16.5,0.0,32.166666666666664,11.2,-0.5999999999999979
2015-02-12,21.9,27.6,15.1,0.0,23.375,12.500000000000002,-0.40000000000000213
2015-02-13,21.7,27.0,16.5,0.0,28.833333333333332,10.5,-0.1999999999999993
2015-02-14,22.2,27.1,17.4,0.012500000000000002,30.375,9.700000000000003,0.5
2015-02-15,22.3,28.9,18.8,0.1125,45.291666666666664,10.099999999999998,0.10000000000000142
2015-02-16,22.0,27.7,18.4,0.15,43.458333333333336,9.3,-0.3000000000000007
2015-02-17,23.0,28.7,18.7,0.016666666666666666,35.208333333333336,10.0,1.0
2015-02-18,23.3,29.1,18.7,0.225,37.5,10.400000000000002,0.3000000000000007
2015-02-19,22.9,28.1,19.1,0.12083333333333335,36.375,9.0,-0.40000000000000213
2015-02-20,23.7,29.7,18.5,0.0,35.583333333333336,11.2,0.8000000000000007
2015-02-21,24.4,30.4,18.9,0.0,27.416666666666668,11.5,0.6999999999999993
2015-02-22,24.6,30.8,20.4,0.004166666666666667,23.541666666666668,10.400000000000002,0.20000000000000284
2015-02-23,25.2,31.4,20.2,0.0,22.791666666666668,11.2,0.5999999999999979
2015-02-24,25.7,31.7,20.4,0.0,17.708333333333332,11.3,0.5
2015-02-25,26.3,32.2,21.0,0.0,16.916666666666668,11.200000000000003,0.6000000000000014
2015-02-26,26.4,33.2,20.9,0.0,5.166666666666667,12.300000000000004,0.09999999999999787
2015-02-27,26.4,32.9,21.4,0.0,17.75,11.5,0.0
2015-02-28,25.3,32.2,19.3,0.0,22.625,12.900000000000002,-1.0999999999999979
2015-03-01,25.4,32.4,18.9,0.0,59.916666666666664,13.5,0.09999999999999787
2015-03-02,25.6,32.0,18.9,0.0,17.583333333333332,13.100000000000001,0.20000000000000284
2015-03-03,25.4,30.3,19.7,0.09583333333333333,28.708333333333332,10.600000000000001,-0.20000000000000284
2015-03-04,23.9,27.7,20.5,0.15833333333333333,47.541666666666664,7.199999999999999,-1.5
2015-03-05,22.7,28.7,16.0,0.0,0.9166666666666666,12.7,-1.1999999999999993
2015-03-06,22.5,28.5,15.7,0.0,0.0,12.8,-0.1999999999999993
2015-03-07,22.9,29.3,15.8,0.0,0.0,13.5,0.3999999999999986
2015-03-08,24.3,30.8,16.2,0.0,0.0,14.600000000000001,1.4000000000000021
2015-03-09,25.4,32.1,17.1,0.0,5.208333333333333,15.0,1.0999999999999979
2015-03-10,26.6,33.4,18.8,0.0,6.416666666666667,14.599999999999998,1.2000000000000028
2015-03-11,25.8,32.5,18.0,0.0,0.20833333333333334,14.5,-0.8000000000000007
2015-03-12,25.3,32.6,17.5,0.0,1.9166666666666667,15.100000000000001,-0.5
2015-03-13,26.0,33.2,17.9,0.0,1.0,15.300000000000004,0.6999999999999993
2015-03-14,27.7,34.3,20.2,0.008333333333333333,26.083333333333332,14.099999999999998,1.6999999999999993
2015-03-15,28.4,34.1,22.1,0.0,65.79166666666667,12.0,0.6999999999999993
2015-03-16,26.8,31.8,21.7,0.0,37.291666666666664,10.100000000000001,-1.5999999999999979
2015-03-17,28.8,34.8,21.6,0.0,21.708333333333332,13.199999999999996,2.0
2015-03-18,27.5,32.1,23.2,0.0,16.958333333333332,8.900000000000002,-1.3000000000000007
2015-03-19,27.2,32.5,21.0,0.0,3.2083333333333335,11.5,-0.3000000000000007
2015-03-20,27.1,32.8,20.4,0.0,9.041666666666666,12.399999999999999,-0.09999999999999787
2015-03-21,27.3,33.6,20.1,0.0,0.6666666666666666,13.5,0.1999999999999993
2015-03-22,27.7,34.3,20.8,0.0,0.75,13.499999999999996,0.3999999999999986
2015-03-23,29.0,35.6,22.0,0.0,20.458333333333332,13.600000000000001,1.3000000000000007
2015-03-24,27.5,35.1,23.5,0.13749999999999998,31.666666666666668,11.600000000000001,-1.5
2015-03-25,27.8,33.6,23.8,0.05000000000000001,38.333333333333336,9.8,0.3000000000000007
2015-03-26,27.6,33.0,23.6,0.04583333333333334,39.5,9.399999999999999,-0.1999999999999993
2015-03-27,27.8,32.5,23.4,0.0,67.41666666666667,9.100000000000001,0.1999999999999993
2015-03-28,26.5,31.3,22.5,0.8583333333333334,48.708333333333336,8.8,-1.3000000000000007
2015-03-29,26.2,31.8,21.6,0.35000000000000003,16.0,10.2,-0.3000000000000007
2015-03-30,27.2,31.6,23.4,0.05833333333333334,90.66666666666667,8.200000000000003,1.0
2015-03-31,26.6,30.5,23.4,0.012499999999999999,35.458333333333336,7.100000000000001,-0.5999999999999979
2015-04-01,27.9,32.8,23.9,0.07083333333333335,34.291666666666664,8.899999999999999,1.2999999999999972
2015-04-02,29.3,33.7,25.9,0.012500000000000002,20.916666666666668,7.800000000000004,1.4000000000000021
2015-04-03,30.1,35.7,26.0,0.0,15.833333333333334,9.700000000000003,0.8000000000000007
2015-04-04,29.7,35.3,25.8,0.029166666666666664,56.208333333333336,9.499999999999996,-0.40000000000000213
2015-04-05,26.7,31.8,22.9,1.0208333333333333,65.66666666666667,8.900000000000002,-3.0
2015-04-06,25.6,30.8,23.3,0.19166666666666665,66.45833333333333,7.5,-1.0999999999999979
2015-04-07,26.1,28.7,24.0,0.75,60.958333333333336,4.699999999999999,0.5
2015-04-08,27.2,30.0,24.3,0.14583333333333334,46.208333333333336,5.699999999999999,1.0999999999999979
2015-04-09,28.2,33.1,24.6,0.016666666666666666,13.583333333333334,8.5,1.0
2015-04-10,28.8,33.8,24.7,0.008333333333333333,8.041666666666666,9.099999999999998,0.6000000000000014
2015-04-11,29.0,33.7,25.3,0.016666666666666666,59.541666666666664,8.400000000000002,0.1999999999999993
2015-04-12,26.5,31.3,24.2,0.7833333333333333,94.04166666666667,7.100000000000001,-2.5
2015-04-13,27.1,30.0,24.0,0.016666666666666666,85.66666666666667,6.0,0.6000000000000014
2015-04-14,27.6,31.3,24.1,0.0,80.45833333333333,7.199999999999999,0.5
2015-04-15,28.1,32.4,23.9,0.008333333333333333,77.66666666666667,8.5,0.5
2015-04-16,28.4,31.9,24.2,0.004166666666666667,83.75,7.699999999999999,0.29999999999999716
2015-04-17,28.2,32.3,24.8,0.020833333333333332,25.541666666666668,7.4999999999999964,-0.1999999999999993
2015-04-18,28.9,33.0,25.3,0.004166666666666667,16.0,7.699999999999999,0.6999999999999993
2015-04-19,29.6,34.6,26.1,0.008333333333333333,18.958333333333332,8.5,0.7000000000000028
2015-04-20,29.7,34.6,26.6,0.0,34.375,8.0,0.09999999999999787
2015-04-21,30.6,36.2,26.6,0.024999999999999998,19.875,9.600000000000001,0.9000000000000021
2015-04-22,30.6,37.1,26.6,0.06666666666666667,33.0,10.5,0.0
2015-04-23,30.2,35.6,26.6,0.10833333333333334,57.416666666666664,9.0,-0.40000000000000213
2015-04-24,27.1,30.4,23.9,0.6749999999999999,60.125,6.5,-3.099999999999998
2015-04-25,24.9,28.4,21.9,1.2416666666666667,66.875,6.5,-2.200000000000003
2015-04-26,24.1,28.5,21.7,0.4875,53.0,6.800000000000001,-0.7999999999999972
2015-04-27,26.4,30.8,22.0,0.03333333333333333,24.291666666666668,8.8,2.299999999999997
2015-04-28,26.4,30.7,23.7,0.625,63.416666666666664,7.0,0.0
2015-04-29,26.4,31.2,24.7,0.48333333333333334,30.125,6.5,0.0
2015-04-30,28.1,32.1,24.8,0.225,31.0,7.300000000000001,1.7000000000000028
2015-05-01,29.7,34.0,26.4,0.008333333333333333,39.5,7.600000000000001,1.5999999999999979
2015-05-02,29.2,33.2,26.3,0.0,58.083333333333336,6.900000000000002,-0.5
2015-05-03,29.2,33.4,25.7,0.020833333333333332,53.333333333333336,7.699999999999999,0.0
2015-05-04,29.0,33.1,25.6,0.0,41.75,7.5,-0.1999999999999993
2015-05-05,29.8,34.7,26.2,0.0,46.208333333333336,8.500000000000004,0.8000000000000007
2015-05-06,30.2,34.7,26.5,0.0,55.791666666666664,8.200000000000003,0.3999999999999986
2015-05-07,30.5,35.6,26.2,0.0,32.541666666666664,9.400000000000002,0.3000000000000007
2015-05-08,30.0,34.3,26.1,0.0,34.166666666666664,8.199999999999996,-0.5
2015-05-09,30.1,33.9,27.4,0.0,64.375,6.5,0.10000000000000142
2015-05-10,30.6,35.2,27.9,0.0,81.58333333333333,7.300000000000004,0.5
2015-05-11,30.7,35.2,27.7,0.012499999999999999,96.0,7.5000000000000036,0.09999999999999787
2015-05-12,30.8,35.3,27.2,0.024999999999999998,41.041666666666664,8.099999999999998,0.10000000000000142
2015-05-13,31.1,35.6,27.3,0.004166666666666667,55.416666666666664,8.3,0.3000000000000007
2015-05-14,31.7,36.1,28.2,0.004166666666666667,45.333333333333336,7.900000000000002,0.5999999999999979
2015-05-15,30.9,35.4,26.9,0.06666666666666667,78.75,8.5,-0.8000000000000007
2015-05-16,29.7,33.6,26.6,0.43333333333333335,81.54166666666667,7.0,-1.1999999999999993
2015-05-17,29.3,33.4,26.1,0.020833333333333332,59.458333333333336,7.299999999999997,-0.3999999999999986
2015-05-18,29.8,34.4,26.1,0.016666666666666666,51.5,8.299999999999997,0.5
2015-05-19,29.9,32.9,27.0,0.004166666666666667,61.791666666666664,5.899999999999999,0.09999999999999787
2015-05-20,29.7,34.3,27.0,0.09583333333333334,53.0,7.299999999999997,-0.1999999999999993
2015-05-21,32.2,37.3,28.0,0.016666666666666666,59.75,9.299999999999997,2.5000000000000036
2015-05-22,33.0,39.4,28.9,0.0,61.416666666666664,10.5,0.7999999999999972
2015-05-23,32.8,38.0,29.2,0.0,42.041666666666664,8.8,-0.20000000000000284
2015-05-24,32.8,38.8,29.2,0.0,33.333333333333336,9.599999999999998,0.0
2015-05-25,32.3,37.4,28.9,0.0,42.958333333333336,8.5,-0.5
2015-05-26,32.1,36.9,28.8,0.0,40.583333333333336,8.099999999999998,-0.19999999999999574
2015-05-27,31.8,36.3,28.7,0.0,36.5,7.599999999999998,-0.3000000000000007
2015-05-28,32.0,36.8,28.9,0.0,32.958333333333336,7.899999999999999,0.1999999999999993
2015-05-29,31.7,36.0,28.8,0.0,40.875,7.199999999999999,-0.3000000000000007
2015-05-30,31.8,36.4,28.8,0.012499999999999999,41.875,7.599999999999998,0.10000000000000142
2015-05-31,31.9,36.5,28.8,0.0,37.416666666666664,7.699999999999999,0.09999999999999787
2015-06-01,31.7,36.5,28.9,0.0,44.0,7.600000000000001,-0.1999999999999993
2015-06-02,31.9,36.4,28.3,0.012500000000000002,18.583333333333332,8.099999999999998,0.1999999999999993
2015-06-03,31.8,36.4,28.4,0.016666666666666666,28.291666666666668,8.0,-0.09999999999999787
2015-06-04,31.2,35.1,28.5,0.05416666666666667,65.45833333333333,6.600000000000001,-0.6000000000000014
2015-06-05,31.5,36.3,28.4,0.024999999999999998,81.83333333333333,7.899999999999999,0.3000000000000007
2015-06-06,31.9,36.8,28.4,0.004166666666666667,67.25,8.399999999999999,0.3999999999999986
2015-06-07,32.2,37.4,28.8,0.016666666666666666,81.20833333333333,8.599999999999998,0.30000000000000426
2015-06-08,32.8,38.1,29.0,0.0,59.208333333333336,9.100000000000001,0.5999999999999943
2015-06-09,32.9,38.1,29.4,0.0,74.25,8.700000000000003,0.10000000000000142
2015-06-10,32.9,38.4,29.8,0.0,97.20833333333333,8.599999999999998,0.0
2015-06-11,31.5,37.1,27.2,0.7666666666666666,99.41666666666667,9.900000000000002,-1.3999999999999986
2015-06-12,29.0,31.7,27.5,0.18333333333333335,99.29166666666667,4.199999999999999,-2.5
2015-06-13,28.2,31.1,26.3,0.5125000000000001,99.70833333333333,4.800000000000001,-0.8000000000000007
2015-06-14,28.6,32.9,26.4,0.4083333333333334,96.58333333333333,6.5,0.40000000000000213
2015-06-15,28.0,31.5,26.3,0.2791666666666667,98.0,5.199999999999999,-0.6000000000000014
2015-06-16,27.7,29.8,26.3,0.45416666666666666,97.29166666666667,3.5,-0.3000000000000007
2015-06-17,28.4,32.1,26.3,0.5208333333333334,78.91666666666667,5.800000000000001,0.6999999999999993
2015-06-18,29.2,32.3,26.7,0.04583333333333334,38.416666666666664,5.599999999999998,0.8000000000000007
2015-06-19,28.5,32.3,26.8,0.5041666666666667,57.416666666666664,5.4999999999999964,-0.6999999999999993
2015-06-20,28.0,29.8,26.3,0.2791666666666667,92.25,3.5,-0.5
2015-06-21,27.5,30.0,26.1,0.48333333333333334,95.0,3.8999999999999986,-0.5
2015-06-22,27.9,30.8,26.5,0.09583333333333334,94.91666666666667,4.300000000000001,0.3999999999999986
2015-06-23,27.5,30.6,25.5,0.15,100.0,5.100000000000001,-0.3999999999999986
2015-06-24,26.9,28.7,25.5,0.7333333333333334,99.70833333333333,3.1999999999999993,-0.6000000000000014
2015-06-25,26.6,27.4,25.9,1.1666666666666667,100.0,1.5,-0.29999999999999716
2015-06-26,27.0,28.5,26.3,0.7041666666666666,99.95833333333333,2.1999999999999993,0.3999999999999986
2015-06-27,26.4,27.9,25.0,0.8166666666666668,99.79166666666667,2.8999999999999986,-0.6000000000000014
2015-06-28,27.7,30.5,26.0,0.8875000000000001,87.08333333333333,4.5,1.3000000000000007
2015-06-29,27.9,30.5,26.0,0.1875,55.666666666666664,4.5,0.1999999999999993
2015-06-30,27.9,31.3,25.7,0.8083333333333332,56.625,5.600000000000001,0.0
2015-07-01,27.3,30.7,25.5,0.7083333333333334,94.5,5.199999999999999,-0.5999999999999979
2015-07-02,28.4,31.8,25.7,0.48750000000000004,82.625,6.100000000000001,1.0999999999999979
2015-07-03,29.2,32.7,26.6,0.225,73.79166666666667,6.100000000000001,0.8000000000000007
2015-07-04,29.3,33.5,27.0,0.36666666666666664,93.29166666666667,6.5,0.10000000000000142
2015-07-05,28.8,31.0,27.0,0.20833333333333334,99.75,4.0,-0.5
2015-07-06,28.5,31.5,26.4,0.09583333333333333,99.5,5.100000000000001,-0.3000000000000007
2015-07-07,27.8,31.4,25.9,1.925,99.58333333333333,5.5,-0.6999999999999993
2015-07-08,27.3,29.3,26.0,1.05,100.0,3.3000000000000007,-0.5
2015-07-09,27.1,29.1,26.3,1.7874999999999999,99.875,2.8000000000000007,-0.1999999999999993
2015-07-10,26.7,28.1,25.3,0.9375,99.875,2.8000000000000007,-0.40000000000000213
2015-07-11,28.2,31.9,25.6,0.2916666666666667,75.91666666666667,6.299999999999997,1.5
2015-07-12,29.2,31.7,26.3,0.0,54.083333333333336,5.399999999999999,1.0
2015-07-13,29.3,33.0,27.1,0.6791666666666667,58.875,5.899999999999999,0.10000000000000142
2015-07-14,29.3,32.3,27.0,0.9291666666666667,99.79166666666667,5.299999999999997,0.0
2015-07-15,28.2,32.1,26.1,1.3625,100.0,6.0,-1.1000000000000014
2015-07-16,27.6,30.8,25.8,1.6708333333333334,99.95833333333333,5.0,-0.5999999999999979
2015-07-17,26.7,28.5,25.9,1.3916666666666666,99.95833333333333,2.6000000000000014,-0.9000000000000021
2015-07-18,27.2,30.4,26.1,2.158333333333333,99.29166666666667,4.299999999999997,0.5
2015-07-19,27.5,30.1,25.8,1.1416666666666668,99.45833333333333,4.300000000000001,0.3000000000000007
2015-07-20,26.8,28.6,25.4,0.5916666666666667,99.16666666666667,3.200000000000003,-0.6999999999999993
2015-07-21,27.6,31.0,25.3,0.5875,94.125,5.699999999999999,0.8000000000000007
2015-07-22,26.9,30.2,25.2,0.6749999999999999,98.91666666666667,5.0,-0.7000000000000028
2015-07-23,27.3,30.5,25.4,0.7041666666666666,99.04166666666667,5.100000000000001,0.40000000000000213
2015-07-24,27.1,30.1,25.9,1.3416666666666668,99.95833333333333,4.200000000000003,-0.1999999999999993
2015-07-25,25.9,27.5,24.7,1.0208333333333333,99.66666666666667,2.8000000000000007,-1.2000000000000028
2015-07-26,26.0,29.8,24.1,1.0083333333333333,99.16666666666667,5.699999999999999,0.10000000000000142
2015-07-27,25.0,26.1,24.2,0.8041666666666667,99.66666666666667,1.9000000000000021,-1.0
2015-07-28,26.7,29.3,24.7,0.9458333333333333,96.25,4.600000000000001,1.6999999999999993
2015-07-29,26.3,28.6,25.3,4.1875,99.04166666666667,3.3000000000000007,-0.3999999999999986
2015-07-30,27.2,31.3,25.1,3.3208333333333333,99.5,6.199999999999999,0.8999999999999986
2015-07-31,25.4,28.8,24.3,1.375,99.66666666666667,4.5,-1.8000000000000007
2015-08-01,25.3,26.8,24.4,1.2625,100.0,2.400000000000002,-0.09999999999999787
2015-08-02,26.2,27.5,25.0,0.6708333333333334,99.20833333333333,2.5,0.8999999999999986
2015-08-03,28.2,31.5,25.7,0.25416666666666665,73.54166666666667,5.800000000000001,2.0
2015-08-04,28.6,32.2,25.6,0.024999999999999998,87.54166666666667,6.600000000000001,0.40000000000000213
2015-08-05,28.7,32.9,26.3,0.24583333333333335,99.25,6.599999999999998,0.09999999999999787
2015-08-06,29.1,31.9,26.1,0.03333333333333333,98.16666666666667,5.799999999999997,0.40000000000000213
2015-08-07,28.5,31.7,25.9,0.075,99.33333333333333,5.800000000000001,-0.6000000000000014
2015-08-08,28.9,32.0,25.9,0.004166666666666667,97.95833333333333,6.100000000000001,0.3999999999999986
2015-08-09,29.0,32.3,26.1,0.041666666666666664,72.41666666666667,6.199999999999996,0.10000000000000142
2015-08-10,28.8,31.7,26.8,0.25416666666666665,81.66666666666667,4.899999999999999,-0.1999999999999993
2015-08-11,28.4,31.6,26.7,0.19583333333333333,88.75,4.900000000000002,-0.40000000000000213
2015-08-12,28.2,31.1,26.9,0.21666666666666667,84.875,4.200000000000003,-0.1999999999999993
2015-08-13,28.4,31.0,26.0,0.2833333333333334,88.54166666666667,5.0,0.1999999999999993
2015-08-14,28.7,31.8,26.1,0.14583333333333334,91.66666666666667,5.699999999999999,0.3000000000000007
2015-08-15,27.8,30.2,26.3,0.2041666666666667,99.33333333333333,3.8999999999999986,-0.8999999999999986
2015-08-16,27.6,29.3,26.1,0.42083333333333334,96.79166666666667,3.1999999999999993,-0.1999999999999993
2015-08-17,28.1,31.7,26.0,0.5333333333333333,98.16666666666667,5.699999999999999,0.5
2015-08-18,28.3,30.5,26.7,0.0625,99.625,3.8000000000000007,0.1999999999999993
2015-08-19,28.0,31.6,27.0,0.6708333333333334,99.91666666666667,4.600000000000001,-0.3000000000000007
2015-08-20,28.6,32.1,26.7,0.07083333333333333,99.95833333333333,5.400000000000002,0.6000000000000014
2015-08-21,28.2,32.8,26.1,0.32083333333333336,98.75,6.699999999999996,-0.40000000000000213
2015-08-22,29.1,32.6,26.2,0.029166666666666664,88.20833333333333,6.400000000000002,0.9000000000000021
2015-08-23,28.3,31.9,26.3,0.6125,98.29166666666667,5.599999999999998,-0.8000000000000007
2015-08-24,28.4,32.2,26.3,0.4583333333333333,97.04166666666667,5.900000000000002,0.09999999999999787
2015-08-25,27.6,31.2,25.8,1.0291666666666666,97.33333333333333,5.399999999999999,-0.7999999999999972
2015-08-26,28.6,31.6,25.8,0.025000000000000005,90.5,5.800000000000001,1.0
2015-08-27,28.1,31.2,26.4,0.15833333333333333,96.08333333333333,4.800000000000001,-0.5
2015-08-28,28.1,31.0,26.2,0.48333333333333334,97.625,4.800000000000001,0.0
2015-08-29,28.0,31.3,26.1,0.3875,99.25,5.199999999999999,-0.10000000000000142
2015-08-30,27.7,31.4,25.6,0.975,99.33333333333333,5.799999999999997,-0.3000000000000007
2015-08-31,27.4,31.1,25.6,0.9208333333333334,100.0,5.5,-0.3000000000000007
2015-09-01,26.8,27.9,26.2,0.7583333333333333,99.875,1.6999999999999993,-0.5999999999999979
2015-09-02,28.4,31.9,26.2,0.1875,97.25,5.699999999999999,1.5999999999999979
2015-09-03,28.4,31.1,26.5,0.004166666666666667,96.83333333333333,4.600000000000001,0.0
2015-09-04,28.8,32.3,26.6,0.03333333333333333,99.0,5.699999999999996,0.40000000000000213
2015-09-05,28.9,32.8,26.4,0.225,76.66666666666667,6.399999999999999,0.09999999999999787
2015-09-06,29.5,33.2,26.3,0.0,81.58333333333333,6.900000000000002,0.6000000000000014
2015-09-07,29.8,33.3,26.5,0.0,90.95833333333333,6.799999999999997,0.3000000000000007
2015-09-08,30.1,33.8,26.5,0.0,81.875,7.299999999999997,0.3000000000000007
2015-09-09,30.3,34.0,26.4,0.0,62.708333333333336,7.600000000000001,0.1999999999999993
2015-09-10,28.7,31.7,25.7,0.1625,96.41666666666667,6.0,-1.6000000000000014
2015-09-11,27.9,31.2,25.8,0.125,78.91666666666667,5.399999999999999,-0.8000000000000007
2015-09-12,28.3,32.0,26.0,0.15,61.916666666666664,6.0,0.40000000000000213
2015-09-13,28.2,31.3,26.0,0.5,92.375,5.300000000000001,-0.10000000000000142
2015-09-14,27.8,30.8,26.1,0.25,89.5,4.699999999999999,-0.3999999999999986
2015-09-15,27.3,29.6,25.8,0.4375,95.41666666666667,3.8000000000000007,-0.5
2015-09-16,27.5,30.9,26.0,0.46249999999999997,96.08333333333333,4.899999999999999,0.1999999999999993
2015-09-17,28.7,31.9,26.0,0.07083333333333335,56.875,5.899999999999999,1.1999999999999993
2015-09-18,28.9,32.4,25.9,0.8791666666666665,96.83333333333333,6.5,0.1999999999999993
2015-09-19,27.0,29.9,25.3,0.2916666666666667,98.75,4.599999999999998,-1.8999999999999986
2015-09-20,26.6,28.9,25.4,0.5750000000000001,99.75,3.5,-0.3999999999999986
2015-09-21,27.7,29.9,25.6,0.16666666666666666,98.66666666666667,4.299999999999997,1.0999999999999979
2015-09-22,27.9,30.6,25.7,1.1333333333333333,97.25,4.900000000000002,0.1999999999999993
2015-09-23,27.3,29.1,26.0,0.7875,99.625,3.1000000000000014,-0.5999999999999979
2015-09-24,28.0,30.9,26.4,0.04583333333333334,86.375,4.5,0.6999999999999993
2015-09-25,29.0,33.0,25.8,0.004166666666666667,27.75,7.199999999999999,1.0
2015-09-26,28.2,32.3,25.6,0.08333333333333333,29.958333333333332,6.699999999999996,-0.8000000000000007
2015-09-27,28.2,32.0,25.4,0.016666666666666666,17.833333333333332,6.600000000000001,0.0
2015-09-28,28.3,31.7,25.3,0.0,17.0,6.399999999999999,0.10000000000000142
2015-09-29,28.6,31.9,24.7,0.0,37.333333333333336,7.199999999999999,0.3000000000000007
2015-09-30,29.2,32.6,26.1,0.0,37.5,6.5,0.5999999999999979
2015-10-01,29.4,32.8,26.2,0.020833333333333332,68.16666666666667,6.599999999999998,0.1999999999999993
2015-10-02,28.9,33.0,26.1,0.09166666666666667,51.166666666666664,6.899999999999999,-0.5
2015-10-03,28.9,33.1,25.8,0.024999999999999998,46.416666666666664,7.300000000000001,0.0
2015-10-04,28.9,32.8,25.6,0.016666666666666666,69.25,7.199999999999996,0.0
2015-10-05,28.8,32.1,25.4,0.004166666666666667,32.875,6.700000000000003,-0.09999999999999787
2015-10-06,28.0,32.3,25.7,0.21250000000000002,74.41666666666667,6.599999999999998,-0.8000000000000007
2015-10-07,27.0,29.4,25.2,0.1875,100.0,4.199999999999999,-1.0
2015-10-08,26.4,29.3,24.3,0.13333333333333333,99.91666666666667,5.0,-0.6000000000000014
2015-10-09,27.7,31.5,24.2,0.03333333333333333,98.29166666666667,7.300000000000001,1.3000000000000007
2015-10-10,28.0,32.9,24.0,0.0,43.708333333333336,8.899999999999999,0.3000000000000007
2015-10-11,27.7,31.9,23.8,0.0,24.708333333333332,8.099999999999998,-0.3000000000000007
2015-10-12,26.6,31.0,23.3,0.008333333333333333,14.041666666666666,7.699999999999999,-1.0999999999999979
2015-10-13,25.8,28.9,23.0,0.14166666666666666,31.708333333333332,5.899999999999999,-0.8000000000000007
2015-10-14,25.2,29.4,22.9,0.29583333333333334,34.666666666666664,6.5,-0.6000000000000014
2015-10-15,25.0,28.0,23.1,0.0625,30.666666666666668,4.899999999999999,-0.1999999999999993
2015-10-16,26.5,29.8,23.2,0.05416666666666667,35.875,6.600000000000001,1.5
2015-10-17,27.2,30.3,24.2,0.020833333333333332,26.25,6.100000000000001,0.6999999999999993
2015-10-18,27.7,31.2,24.0,0.008333333333333333,25.0,7.199999999999999,0.5
2015-10-19,27.3,30.6,23.4,0.004166666666666667,20.458333333333332,7.200000000000003,-0.3999999999999986
2015-10-20,27.1,30.7,23.6,0.016666666666666666,28.875,7.099999999999998,-0.1999999999999993
2015-10-21,27.2,31.1,23.8,0.02916666666666667,23.75,7.300000000000001,0.09999999999999787
2015-10-22,27.4,31.7,23.8,0.004166666666666667,12.333333333333334,7.899999999999999,0.1999999999999993
2015-10-23,27.7,32.4,23.5,0.0,10.875,8.899999999999999,0.3000000000000007
2015-10-24,26.3,32.0,20.7,0.0,3.4583333333333335,11.3,-1.3999999999999986
2015-10-25,25.5,31.0,20.4,0.0,1.5833333333333333,10.600000000000001,-0.8000000000000007
2015-10-26,25.5,30.3,19.9,0.0,9.5,10.400000000000002,0.0
2015-10-27,25.7,30.4,20.7,0.0,44.041666666666664,9.7,0.1999999999999993
2015-10-28,25.8,30.0,22.5,0.0,62.541666666666664,7.5,0.10000000000000142
2015-10-29,25.6,30.0,21.5,0.0,45.875,8.5,-0.1999999999999993
2015-10-30,25.2,28.7,21.5,0.05416666666666667,83.41666666666667,7.199999999999999,-0.40000000000000213
2015-10-31,23.7,27.1,21.5,0.19166666666666668,77.875,5.600000000000001,-1.5
2015-11-01,24.4,27.9,21.4,0.004166666666666667,64.79166666666667,6.5,0.6999999999999993
2015-11-02,24.4,28.0,20.8,0.0,53.5,7.199999999999999,0.0
2015-11-03,24.9,29.0,20.8,0.0,23.25,8.2,0.5
2015-11-04,25.2,30.0,21.4,0.0,15.625,8.600000000000001,0.3000000000000007
2015-11-05,26.0,30.4,21.2,0.004166666666666667,28.458333333333332,9.2,0.8000000000000007
2015-11-06,25.8,31.1,20.9,0.0,10.541666666666666,10.200000000000003,-0.1999999999999993
2015-11-07,25.6,30.5,20.8,0.008333333333333333,15.875,9.7,-0.1999999999999993
2015-11-08,25.0,30.6,19.5,0.0,12.083333333333334,11.100000000000001,-0.6000000000000014
2015-11-09,24.4,29.8,19.1,0.0,83.41666666666667,10.7,-0.6000000000000014
2015-11-10,24.3,28.7,19.6,0.0,59.666666666666664,9.099999999999998,-0.09999999999999787
2015-11-11,24.8,29.8,19.2,0.0,11.666666666666666,10.600000000000001,0.5
2015-11-12,25.0,30.4,19.9,0.0,30.625,10.5,0.1999999999999993
2015-11-13,25.5,30.6,20.0,0.0,11.625,10.600000000000001,0.5
2015-11-14,25.0,30.6,20.4,0.0,12.875,10.200000000000003,-0.5
2015-11-15,25.4,30.7,20.0,0.0,21.416666666666668,10.7,0.3999999999999986
2015-11-16,25.4,30.5,19.8,0.0,85.33333333333333,10.7,0.0
2015-11-17,24.8,28.6,21.5,0.004166666666666667,99.08333333333333,7.100000000000001,-0.5999999999999979
2015-11-18,24.0,28.9,19.1,0.0,61.166666666666664,9.799999999999997,-0.8000000000000007
2015-11-19,23.8,29.2,18.6,0.0,36.291666666666664,10.599999999999998,-0.1999999999999993
2015-11-20,23.7,29.6,18.4,0.0,10.0,11.200000000000003,-0.10000000000000142
2015-11-21,23.4,29.4,17.9,0.0,1.4583333333333333,11.5,-0.3000000000000007
2015-11-22,23.2,29.1,17.7,0.0,1.5,11.400000000000002,-0.1999999999999993
2015-11-23,23.5,28.9,18.7,0.0,0.125,10.2,0.3000000000000007
2015-11-24,23.8,29.0,19.4,0.0,6.291666666666667,9.600000000000001,0.3000000000000007
2015-11-25,23.7,29.1,19.0,0.0,12.5,10.100000000000001,-0.10000000000000142
2015-11-26,23.8,28.9,19.4,0.0,17.291666666666668,9.5,0.10000000000000142
2015-11-27,23.7,28.7,19.6,0.0,41.583333333333336,9.099999999999998,-0.10000000000000142
2015-11-28,23.9,28.8,19.1,0.0,89.33333333333333,9.7,0.1999999999999993
2015-11-29,24.5,29.6,20.6,0.0,48.541666666666664,9.0,0.6000000000000014
2015-11-30,25.5,29.9,21.2,0.0,74.70833333333333,8.7,1.0
2015-12-01,26.0,30.1,22.3,0.0,74.125,7.800000000000001,0.5
2015-12-02,25.0,28.8,21.4,0.0625,75.29166666666667,7.400000000000002,-1.0
2015-12-03,22.9,28.8,20.0,0.30416666666666664,39.25,8.8,-2.1000000000000014
2015-12-04,22.9,27.8,18.6,0.0,24.458333333333332,9.2,0.0
2015-12-05,23.3,27.6,18.4,0.004166666666666667,50.291666666666664,9.200000000000003,0.40000000000000213
2015-12-06,22.5,25.9,18.4,0.008333333333333333,45.875,7.5,-0.8000000000000007
2015-12-07,22.4,26.9,17.9,0.008333333333333333,33.208333333333336,9.0,-0.10000000000000142
2015-12-08,22.4,27.0,17.7,0.0,26.708333333333332,9.3,0.0
2015-12-09,21.9,27.5,16.7,0.0,27.25,10.8,-0.5
2015-12-10,22.4,27.6,18.1,0.0,14.5,9.5,0.5
2015-12-11,23.4,27.6,19.7,0.004166666666666667,48.125,7.900000000000002,1.0
2015-12-12,24.3,29.3,19.1,0.0,37.25,10.2,0.9000000000000021
2015-12-13,23.4,27.4,20.1,0.07083333333333333,50.0,7.299999999999997,-0.9000000000000021
2015-12-14,22.6,25.9,19.5,0.008333333333333333,55.083333333333336,6.399999999999999,-0.7999999999999972
2015-12-15,21.4,25.8,15.9,0.0,33.875,9.9,-1.2000000000000028
2015-12-16,18.9,24.7,13.2,0.0,2.875,11.5,-2.5
2015-12-17,20.3,24.6,12.9,0.16666666666666666,35.916666666666664,11.700000000000001,1.4000000000000021
2015-12-18,18.0,20.4,14.8,0.27499999999999997,73.375,5.599999999999998,-2.3000000000000007
2015-12-19,17.5,23.5,11.6,0.0,31.333333333333332,11.9,-0.5
2015-12-20,17.4,23.5,11.2,0.0,0.0,12.3,-0.10000000000000142
2015-12-21,19.4,24.0,13.5,0.0,25.166666666666668,10.5,2.0
2015-12-22,19.5,23.8,15.7,0.0,80.75,8.100000000000001,0.10000000000000142
2015-12-23,21.5,25.4,17.1,0.0,57.625,8.299999999999997,2.0
2015-12-24,21.2,24.5,18.1,0.0,73.5,6.399999999999999,-0.3000000000000007
2015-12-25,17.9,22.4,13.3,0.0,33.166666666666664,9.099999999999998,-3.3000000000000007
2015-12-26,17.0,23.2,12.1,0.0,0.0,11.1,-0.8999999999999986
2015-12-27,17.0,23.5,11.5,0.0,0.0,12.0,0.0
2015-12-28,18.5,24.2,11.3,0.0,41.75,12.899999999999999,1.5
2015-12-29,19.2,25.1,14.3,0.0,86.41666666666667,10.8,0.6999999999999993
2015-12-30,19.8,25.6,14.8,0.0,76.08333333333333,10.8,0.6000000000000014
2015-12-31,19.7,25.9,14.1,0.0,10.958333333333334,11.799999999999999,-0.10000000000000142
2016-01-01,19.9,26.3,14.0,0.0,1.9583333333333333,12.3,0.1999999999999993
2016-01-02,20.3,26.2,15.1,0.0,10.208333333333334,11.1,0.40000000000000213
2016-01-03,20.0,25.8,14.4,0.0,31.875,11.4,-0.3000000000000007
2016-01-04,19.2,25.5,13.9,0.0,4.791666666666667,11.6,-0.8000000000000007
2016-01-05,19.5,25.0,15.3,0.0,2.4166666666666665,9.7,0.3000000000000007
2016-01-06,20.0,25.8,15.5,0.0,28.041666666666668,10.3,0.5
2016-01-07,20.4,26.0,15.6,0.0,74.0,10.4,0.3999999999999986
2016-01-08,21.8,27.9,17.0,0.0,67.875,10.899999999999999,1.4000000000000021
2016-01-09,21.8,27.8,17.7,0.0,59.0,10.100000000000001,0.0
2016-01-10,20.6,26.6,14.1,0.0,30.125,12.500000000000002,-1.1999999999999993
2016-01-11,19.1,25.2,13.0,0.0,69.54166666666667,12.2,-1.5
2016-01-12,19.2,25.1,13.1,0.0,33.916666666666664,12.000000000000002,0.09999999999999787
2016-01-13,19.3,24.9,13.7,0.0,90.75,11.2,0.10000000000000142
2016-01-14,20.1,25.8,15.5,0.0,57.875,10.3,0.8000000000000007
2016-01-15,20.8,27.1,15.7,0.0,30.625,11.400000000000002,0.6999999999999993
2016-01-16,21.4,27.1,16.5,0.0,22.208333333333332,10.600000000000001,0.5999999999999979
2016-01-17,21.5,26.5,17.3,0.0,19.833333333333332,9.2,0.10000000000000142
2016-01-18,21.5,26.4,16.3,0.0,35.583333333333336,10.099999999999998,0.0
2016-01-19,22.1,26.9,17.9,0.008333333333333333,39.666666666666664,9.0,0.6000000000000014
2016-01-20,20.2,26.3,17.5,0.47500000000000003,82.58333333333333,8.8,-1.9000000000000021
2016-01-21,18.2,23.0,12.9,0.029166666666666664,37.875,10.1,-2.0
2016-01-22,16.7,22.2,12.1,0.0,2.0,10.1,-1.5
2016-01-23,15.7,21.8,10.3,0.0,0.0,11.5,-1.0
2016-01-24,15.7,22.0,9.6,0.0,1.5,12.4,0.0
2016-01-25,16.7,22.9,10.0,0.0,2.5416666666666665,12.899999999999999,1.0
2016-01-26,17.9,23.9,12.0,0.0,10.958333333333334,11.899999999999999,1.1999999999999993
2016-01-27,18.8,23.0,13.2,0.10833333333333334,52.583333333333336,9.8,0.9000000000000021
2016-01-28,19.7,24.9,14.4,0.075,32.125,10.499999999999998,0.8999999999999986
2016-01-29,19.3,25.4,13.6,0.0,0.625,11.799999999999999,-0.3999999999999986
2016-01-30,20.3,26.5,14.2,0.0,8.25,12.3,1.0
2016-01-31,22.2,28.2,16.0,0.0,27.916666666666668,12.2,1.8999999999999986
2016-02-01,22.6,28.9,17.4,0.0,17.208333333333332,11.5,0.40000000000000213
2016-02-02,22.9,27.7,17.7,0.0,52.333333333333336,10.0,0.29999999999999716
2016-02-03,22.2,26.6,18.7,0.016666666666666666,43.416666666666664,7.900000000000002,-0.6999999999999993
2016-02-04,21.3,26.0,16.4,0.0,29.791666666666668,9.600000000000001,-0.8999999999999986
2016-02-05,20.6,26.5,14.8,0.0,10.916666666666666,11.7,-0.6999999999999993
2016-02-06,20.7,26.9,14.1,0.0,9.25,12.799999999999999,0.09999999999999787
2016-02-07,22.4,27.7,15.8,0.0,37.125,11.899999999999999,1.6999999999999993
2016-02-08,23.1,28.2,16.6,0.041666666666666664,58.5,11.599999999999998,0.7000000000000028
2016-02-09,23.0,27.5,17.0,0.025000000000000005,27.583333333333332,10.5,-0.10000000000000142
2016-02-10,22.7,28.2,16.8,0.0,12.958333333333334,11.399999999999999,-0.3000000000000007
2016-02-11,24.7,29.8,18.7,0.020833333333333332,43.583333333333336,11.100000000000001,2.0
2016-02-12,25.0,29.9,20.8,0.016666666666666666,28.833333333333332,9.099999999999998,0.3000000000000007
2016-02-13,24.7,29.5,21.1,0.02916666666666667,45.875,8.399999999999999,-0.3000000000000007
2016-02-14,25.0,29.0,21.4,0.004166666666666667,52.125,7.600000000000001,0.3000000000000007
2016-02-15,25.5,29.7,20.6,0.004166666666666667,54.416666666666664,9.099999999999998,0.5
2016-02-16,26.3,31.1,21.9,0.016666666666666666,41.208333333333336,9.200000000000003,0.8000000000000007
2016-02-17,26.4,32.0,21.4,0.0,37.208333333333336,10.600000000000001,0.09999999999999787
2016-02-18,27.3,33.3,21.4,0.0,4.916666666666667,11.899999999999999,0.9000000000000021
2016-02-19,27.9,33.9,22.6,0.0,11.875,11.299999999999997,0.5999999999999979
2016-02-20,28.5,35.0,22.3,0.0,89.66666666666667,12.7,0.6000000000000014
2016-02-21,28.8,35.4,23.0,0.0,32.125,12.399999999999999,0.3000000000000007
2016-02-22,27.7,32.5,23.2,0.0,35.666666666666664,9.3,-1.1000000000000014
2016-02-23,26.8,31.6,23.2,0.14166666666666666,44.0,8.400000000000002,-0.8999999999999986
2016-02-24,22.4,24.9,21.1,3.3166666666666664,92.08333333333333,3.799999999999997,-4.400000000000002
2016-02-25,23.6,26.6,20.9,0.525,58.083333333333336,5.700000000000003,1.2000000000000028
2016-02-26,23.5,27.7,21.2,0.39166666666666666,84.95833333333333,6.5,-0.10000000000000142
2016-02-27,23.9,27.8,21.3,0.12916666666666668,34.791666666666664,6.5,0.3999999999999986
2016-02-28,24.5,28.6,20.6,0.0,25.166666666666668,8.0,0.6000000000000014
2016-02-29,25.1,28.8,21.6,0.0375,42.916666666666664,7.199999999999999,0.6000000000000014
2016-03-01,25.3,30.0,20.6,0.012499999999999999,60.125,9.399999999999999,0.1999999999999993
2016-03-02,25.5,30.0,21.1,0.03333333333333333,23.833333333333332,8.899999999999999,0.1999999999999993
2016-03-03,25.6,30.5,21.1,0.0,84.45833333333333,9.399999999999999,0.10000000000000142
2016-03-04,26.2,32.1,21.7,0.0,45.541666666666664,10.400000000000002,0.5999999999999979
2016-03-05,27.0,32.4,21.5,0.0,49.125,10.899999999999999,0.8000000000000007
2016-03-06,26.6,32.1,21.8,0.041666666666666664,34.75,10.3,-0.3999999999999986
2016-03-07,26.9,31.7,21.6,0.0,9.541666666666666,10.099999999999998,0.29999999999999716
2016-03-08,27.1,31.7,22.7,0.0,7.041666666666667,9.0,0.20000000000000284
2016-03-09,27.7,32.7,22.5,0.0,76.33333333333333,10.200000000000003,0.5999999999999979
2016-03-10,28.0,32.5,23.7,0.0,97.29166666666667,8.8,0.3000000000000007
2016-03-11,28.1,32.9,23.9,0.008333333333333333,93.625,9.0,0.10000000000000142
2016-03-12,27.8,33.4,23.1,0.0,55.958333333333336,10.299999999999997,-0.3000000000000007
2016-03-13,27.3,32.5,21.3,0.0,32.5,11.2,-0.5
2016-03-14,26.2,30.9,21.2,0.0,81.29166666666667,9.7,-1.1000000000000014
2016-03-15,27.2,31.9,21.2,0.0,36.125,10.7,1.0
2016-03-16,27.1,31.8,23.0,0.03333333333333333,32.208333333333336,8.8,-0.09999999999999787
2016-03-17,26.9,32.2,22.5,0.0,17.083333333333332,9.700000000000003,-0.20000000000000284
2016-03-18,27.9,33.0,22.8,0.008333333333333333,26.375,10.2,1.0
2016-03-19,27.5,32.3,24.9,0.5541666666666667,42.25,7.399999999999999,-0.3999999999999986
2016-03-20,28.0,32.6,25.3,0.03333333333333333,36.083333333333336,7.300000000000001,0.5
2016-03-21,28.9,34.5,24.4,0.008333333333333333,31.541666666666668,10.100000000000001,0.8999999999999986
2016-03-22,28.5,34.0,23.6,0.0,15.708333333333334,10.399999999999999,-0.3999999999999986
2016-03-23,27.2,33.4,20.3,0.0,13.375,13.099999999999998,-1.3000000000000007
2016-03-24,28.0,33.6,20.3,0.0,16.041666666666668,13.3,0.8000000000000007
2016-03-25,28.4,34.1,23.3,0.0,52.333333333333336,10.8,0.3999999999999986
2016-03-26,28.9,34.4,24.1,0.0,66.33333333333333,10.299999999999997,0.5
2016-03-27,28.8,33.8,25.0,0.025000000000000005,52.541666666666664,8.799999999999997,-0.09999999999999787
2016-03-28,29.1,34.4,25.0,0.024999999999999998,58.458333333333336,9.399999999999999,0.3000000000000007
2016-03-29,29.4,34.3,25.0,0.0,23.541666666666668,9.299999999999997,0.29999999999999716
2016-03-30,28.6,33.3,24.5,0.025000000000000005,57.083333333333336,8.799999999999997,-0.7999999999999972
2016-03-31,28.5,33.2,21.8,0.06666666666666667,51.875,11.400000000000002,-0.10000000000000142
2016-04-01,27.2,32.4,24.5,0.14583333333333334,55.291666666666664,7.899999999999999,-1.3000000000000007
2016-04-02,27.8,33.5,24.1,0.13333333333333333,38.708333333333336,9.399999999999999,0.6000000000000014
2016-04-03,29.3,33.9,26.5,0.004166666666666667,58.958333333333336,7.399999999999999,1.5
2016-04-04,29.9,35.4,26.5,0.21250000000000002,78.125,8.899999999999999,0.5999999999999979
2016-04-05,30.5,35.4,26.2,0.0,36.791666666666664,9.2,0.6000000000000014
2016-04-06,31.5,37.8,25.5,0.08750000000000001,17.625,12.299999999999997,1.0
2016-04-07,31.6,37.9,25.2,0.0,33.666666666666664,12.7,0.10000000000000142
2016-04-08,31.1,36.4,26.7,0.03333333333333333,13.291666666666666,9.7,-0.5
2016-04-09,31.7,37.9,26.5,0.029166666666666664,6.125,11.399999999999999,0.5999999999999979
2016-04-10,32.3,38.8,26.5,0.0,7.333333333333333,12.299999999999997,0.5999999999999979
2016-04-11,33.1,40.2,26.8,0.016666666666666666,9.166666666666666,13.400000000000002,0.8000000000000043
2016-04-12,33.1,39.7,26.4,0.0,13.833333333333334,13.300000000000004,0.0
2016-04-13,32.3,38.8,25.7,0.0,9.125,13.099999999999998,-0.8000000000000043
2016-04-14,31.7,39.5,26.5,0.0,15.333333333333334,13.0,-0.5999999999999979
2016-04-15,32.2,40.3,26.9,0.0,10.583333333333334,13.399999999999999,0.5000000000000036
2016-04-16,31.2,36.9,27.5,0.0,11.625,9.399999999999999,-1.0000000000000036
2016-04-17,32.0,38.2,27.3,0.0,33.75,10.900000000000002,0.8000000000000007
2016-04-18,32.1,37.1,27.8,0.0,38.25,9.3,0.10000000000000142
2016-04-19,32.7,39.2,27.9,0.0,20.208333333333332,11.300000000000004,0.6000000000000014
2016-04-20,31.8,38.0,27.7,0.0,17.333333333333332,10.3,-0.9000000000000021
2016-04-21,31.9,38.1,27.6,0.0,18.5,10.5,0.09999999999999787
2016-04-22,32.7,38.9,27.9,0.0,10.083333333333334,11.0,0.8000000000000043
2016-04-23,33.2,39.4,28.0,0.0,4.583333333333333,11.399999999999999,0.5
2016-04-24,33.1,39.8,27.9,0.0,8.083333333333334,11.899999999999999,-0.10000000000000142
2016-04-25,31.8,37.3,28.0,0.0,36.083333333333336,9.299999999999997,-1.3000000000000007
2016-04-26,31.5,36.7,28.1,0.0,71.70833333333333,8.600000000000001,-0.3000000000000007
2016-04-27,32.2,38.0,28.0,0.0,33.083333333333336,10.0,0.7000000000000028
2016-04-28,32.4,38.9,27.8,0.0,34.625,11.099999999999998,0.19999999999999574
2016-04-29,32.8,39.4,27.7,0.05000000000000001,78.25,11.7,0.3999999999999986
2016-04-30,32.3,38.8,27.3,0.0,50.416666666666664,11.499999999999996,-0.5
2016-05-01,32.3,39.4,27.2,0.05833333333333334,15.458333333333334,12.2,0.0
2016-05-02,30.3,38.1,24.4,0.9666666666666667,23.583333333333332,13.700000000000003,-1.9999999999999964
2016-05-03,29.9,34.6,25.5,0.325,69.79166666666667,9.100000000000001,-0.40000000000000213
2016-05-04,29.7,34.4,26.9,0.12083333333333335,39.458333333333336,7.5,-0.1999999999999993
2016-05-05,29.7,34.6,25.4,0.07916666666666668,26.166666666666668,9.200000000000003,0.0
2016-05-06,30.3,35.3,26.0,0.03333333333333333,31.041666666666668,9.299999999999997,0.6000000000000014
2016-05-07,29.9,34.8,25.7,0.425,39.375,9.099999999999998,-0.40000000000000213
2016-05-08,29.6,34.4,25.9,0.05833333333333334,54.541666666666664,8.5,-0.29999999999999716
2016-05-09,29.8,33.6,26.6,0.11666666666666668,70.91666666666667,7.0,0.1999999999999993
2016-05-10,29.8,34.0,26.5,0.13749999999999998,66.20833333333333,7.5,0.0
2016-05-11,30.5,34.9,26.5,0.012499999999999999,46.875,8.399999999999999,0.6999999999999993
2016-05-12,30.9,35.5,27.4,0.2833333333333333,46.791666666666664,8.100000000000001,0.3999999999999986
2016-05-13,30.4,36.2,26.6,0.25,29.791666666666668,9.600000000000001,-0.5
2016-05-14,31.2,35.5,28.0,0.0,36.25,7.5,0.8000000000000007
2016-05-15,31.3,35.5,28.2,0.0,58.0,7.300000000000001,0.10000000000000142
2016-05-16,31.3,35.5,28.6,0.008333333333333333,65.0,6.899999999999999,0.0
2016-05-17,31.1,35.3,28.0,0.0,35.75,7.299999999999997,-0.1999999999999993
2016-05-18,30.6,35.6,27.4,0.04583333333333334,84.29166666666667,8.200000000000003,-0.5
2016-05-19,27.3,30.7,25.9,0.4666666666666666,96.83333333333333,4.800000000000001,-3.3000000000000007
2016-05-20,26.1,27.7,25.1,2.3375,99.58333333333333,2.599999999999998,-1.1999999999999993
2016-05-21,26.3,29.3,24.5,1.1916666666666667,91.95833333333333,4.800000000000001,0.1999999999999993
2016-05-22,30.4,34.1,25.3,0.0,42.958333333333336,8.8,4.099999999999998
2016-05-23,30.2,34.4,27.5,0.10833333333333334,39.958333333333336,6.899999999999999,-0.1999999999999993
2016-05-24,29.7,33.8,27.0,0.11666666666666665,25.166666666666668,6.799999999999997,-0.5
2016-05-25,30.7,35.5,27.2,0.0625,25.291666666666668,8.3,1.0
2016-05-26,30.1,35.0,27.2,0.29583333333333334,21.666666666666668,7.800000000000001,-0.5999999999999979
2016-05-27,30.2,34.5,27.4,0.0,41.833333333333336,7.100000000000001,0.09999999999999787
2016-05-28,30.1,33.8,27.2,0.2333333333333333,27.291666666666668,6.599999999999998,-0.09999999999999787
2016-05-29,30.4,34.4,26.9,0.05833333333333333,25.958333333333332,7.5,0.29999999999999716
2016-05-30,30.4,34.3,27.1,0.1125,35.875,7.199999999999996,0.0
2016-05-31,30.4,34.4,27.7,0.17083333333333336,23.541666666666668,6.699999999999999,0.0
2016-06-01,29.5,33.2,26.7,0.0375,78.66666666666667,6.5000000000000036,-0.8999999999999986
2016-06-02,29.6,33.3,26.8,0.08750000000000001,23.375,6.4999999999999964,0.10000000000000142
2016-06-03,29.4,32.9,26.7,0.05833333333333333,28.166666666666668,6.199999999999999,-0.20000000000000284
2016-06-04,29.2,32.6,26.6,0.08750000000000001,26.625,6.0,-0.1999999999999993
2016-06-05,28.8,32.1,26.7,0.11249999999999999,57.75,5.400000000000002,-0.3999999999999986
2016-06-06,27.7,30.6,25.7,0.5750000000000001,94.83333333333333,4.900000000000002,-1.1000000000000014
2016-06-07,28.2,31.8,25.9,0.27499999999999997,89.66666666666667,5.900000000000002,0.5
2016-06-08,28.5,31.8,26.3,0.1125,93.29166666666667,5.5,0.3000000000000007
2016-06-09,29.0,31.4,26.5,0.0625,90.95833333333333,4.899999999999999,0.5
2016-06-10,30.6,33.9,27.2,0.5375,61.958333333333336,6.699999999999999,1.6000000000000014
2016-06-11,32.7,37.3,28.8,0.075,85.04166666666667,8.499999999999996,2.1000000000000014
2016-06-12,31.4,35.4,28.4,0.10833333333333334,91.33333333333333,7.0,-1.3000000000000043
2016-06-13,29.0,33.3,27.1,0.7291666666666666,99.83333333333333,6.199999999999996,-2.3999999999999986
2016-06-14,30.2,34.5,26.8,0.8541666666666666,99.91666666666667,7.699999999999999,1.1999999999999993
2016-06-15,29.6,33.6,27.0,0.11666666666666665,97.54166666666667,6.600000000000001,-0.5999999999999979
2016-06-16,28.7,32.7,26.4,0.3166666666666667,90.79166666666667,6.300000000000004,-0.9000000000000021
2016-06-17,28.1,31.9,26.0,0.44166666666666665,97.33333333333333,5.899999999999999,-0.5999999999999979
2016-06-18,28.3,30.8,26.1,0.17916666666666667,88.0,4.699999999999999,0.1999999999999993
2016-06-19,28.6,31.3,26.2,0.20416666666666664,81.66666666666667,5.100000000000001,0.3000000000000007
2016-06-20,29.1,32.1,26.8,0.05000000000000001,85.0,5.300000000000001,0.5
2016-06-21,29.4,32.6,27.0,0.03333333333333333,95.75,5.600000000000001,0.29999999999999716
2016-06-22,29.6,32.5,27.3,0.05416666666666667,99.45833333333333,5.199999999999999,0.20000000000000284
2016-06-23,29.3,31.6,27.3,0.2333333333333333,99.91666666666667,4.300000000000001,-0.3000000000000007
2016-06-24,28.6,31.3,26.8,0.33749999999999997,92.16666666666667,4.5,-0.6999999999999993
2016-06-25,29.3,32.2,26.7,0.0375,75.70833333333333,5.5000000000000036,0.6999999999999993
2016-06-26,28.6,32.9,26.6,0.5875,66.04166666666667,6.299999999999997,-0.6999999999999993
2016-06-27,28.5,31.7,26.8,0.41250000000000003,77.41666666666667,4.899999999999999,-0.10000000000000142
2016-06-28,29.4,32.1,26.9,0.08333333333333333,84.08333333333333,5.200000000000003,0.8999999999999986
2016-06-29,29.6,32.9,27.1,0.07916666666666666,96.33333333333333,5.799999999999997,0.20000000000000284
2016-06-30,29.4,32.7,27.1,0.09999999999999999,98.875,5.600000000000001,-0.20000000000000284
2016-07-01,28.3,31.2,26.2,0.325,98.0,5.0,-1.0999999999999979
2016-07-02,27.7,29.8,26.2,0.37083333333333335,99.875,3.6000000000000014,-0.6000000000000014
2016-07-03,27.5,29.3,26.2,0.25,99.79166666666667,3.1000000000000014,-0.1999999999999993
2016-07-04,27.6,29.8,26.4,1.5833333333333333,99.95833333333333,3.400000000000002,0.10000000000000142
2016-07-05,27.6,29.6,26.5,1.05,99.95833333333333,3.1000000000000014,0.0
2016-07-06,28.2,30.2,26.5,0.3,99.79166666666667,3.6999999999999993,0.5999999999999979
2016-07-07,28.8,31.9,26.5,0.1625,99.29166666666667,5.399999999999999,0.6000000000000014
2016-07-08,28.1,31.7,26.0,0.425,98.16666666666667,5.699999999999999,-0.6999999999999993
2016-07-09,28.1,30.4,26.0,0.05833333333333333,99.20833333333333,4.399999999999999,0.0
2016-07-10,28.2,30.6,26.1,0.05416666666666667,98.25,4.5,0.09999999999999787
2016-07-11,27.8,31.0,26.0,0.8458333333333333,95.91666666666667,5.0,-0.3999999999999986
2016-07-12,28.1,30.4,26.2,0.08333333333333333,90.375,4.199999999999999,0.3000000000000007
2016-07-13,29.2,31.3,26.9,0.09166666666666667,89.79166666666667,4.400000000000002,1.0999999999999979
2016-07-14,28.6,31.1,26.3,0.6083333333333333,95.54166666666667,4.800000000000001,-0.5999999999999979
2016-07-15,27.8,30.7,26.5,1.2125000000000001,98.08333333333333,4.199999999999999,-0.8000000000000007
2016-07-16,27.7,29.6,26.7,0.12083333333333333,100.0,2.900000000000002,-0.10000000000000142
2016-07-17,27.6,29.1,26.7,0.1625,99.95833333333333,2.400000000000002,-0.09999999999999787
2016-07-18,28.1,30.2,26.3,0.06666666666666667,96.25,3.8999999999999986,0.5
2016-07-19,28.4,31.6,26.2,0.22916666666666666,98.45833333333333,5.400000000000002,0.29999999999999716
2016-07-20,28.9,31.6,27.1,0.525,92.79166666666667,4.5,0.5
2016-07-21,28.2,31.7,26.6,0.012500000000000002,99.58333333333333,5.099999999999998,-0.6999999999999993
2016-07-22,27.5,29.6,25.6,0.44583333333333336,97.70833333333333,4.0,-0.6999999999999993
2016-07-23,27.3,29.5,25.6,0.44166666666666665,95.5,3.8999999999999986,-0.1999999999999993
2016-07-24,27.2,30.5,25.9,0.3041666666666667,97.08333333333333,4.600000000000001,-0.10000000000000142
2016-07-25,26.5,28.5,24.9,0.7333333333333334,99.625,3.6000000000000014,-0.6999999999999993
2016-07-26,25.9,28.3,24.7,0.16666666666666666,96.54166666666667,3.6000000000000014,-0.6000000000000014
2016-07-27,27.5,30.7,24.5,0.26666666666666666,92.25,6.199999999999999,1.6000000000000014
2016-07-28,28.9,32.0,25.7,0.008333333333333333,98.41666666666667,6.300000000000001,1.3999999999999986
2016-07-29,28.6,32.0,26.3,0.2041666666666667,98.45833333333333,5.699999999999999,-0.29999999999999716
2016-07-30,27.9,31.6,26.2,0.7708333333333334,95.125,5.400000000000002,-0.7000000000000028
2016-07-31,28.3,32.3,25.1,0.43333333333333335,98.45833333333333,7.199999999999996,0.40000000000000213
2016-08-01,27.0,29.4,25.1,0.5375,99.66666666666667,4.299999999999997,-1.3000000000000007
2016-08-02,26.5,28.2,25.3,0.16666666666666666,90.79166666666667,2.8999999999999986,-0.5
2016-08-03,27.3,30.1,25.3,0.325,76.04166666666667,4.800000000000001,0.8000000000000007
2016-08-04,27.8,30.6,25.5,0.09583333333333333,88.0,5.100000000000001,0.5
2016-08-05,27.8,31.0,25.8,0.6291666666666667,99.04166666666667,5.199999999999999,0.0
2016-08-06,26.3,27.5,25.3,1.3791666666666667,99.875,2.1999999999999993,-1.5
2016-08-07,26.6,29.4,25.1,0.5083333333333333,99.875,4.299999999999997,0.3000000000000007
2016-08-08,26.3,27.7,25.5,2.1791666666666667,99.70833333333333,2.1999999999999993,-0.3000000000000007
2016-08-09,26.2,27.8,25.2,0.7416666666666667,99.95833333333333,2.6000000000000014,-0.10000000000000142
2016-08-10,25.6,26.4,25.1,0.8916666666666666,100.0,1.2999999999999972,-0.5999999999999979
2016-08-11,27.6,30.4,25.3,0.1708333333333333,99.29166666666667,5.099999999999998,2.0
2016-08-12,28.5,31.0,25.8,0.24166666666666667,91.04166666666667,5.199999999999999,0.8999999999999986
2016-08-13,29.1,32.4,26.6,0.15,70.375,5.799999999999997,0.6000000000000014
2016-08-14,28.6,32.2,26.4,0.5458333333333333,97.83333333333333,5.800000000000004,-0.5
2016-08-15,28.1,32.1,26.2,0.5333333333333333,93.33333333333333,5.900000000000002,-0.5
2016-08-16,28.3,32.0,26.1,0.14166666666666666,95.33333333333333,5.899999999999999,0.1999999999999993
2016-08-17,26.3,27.1,25.8,1.0,99.83333333333333,1.3000000000000007,-2.0
2016-08-18,27.9,30.7,26.1,0.525,89.375,4.599999999999998,1.5999999999999979
2016-08-19,28.1,31.2,26.2,0.08333333333333333,69.875,5.0,0.20000000000000284
2016-08-20,29.8,33.3,26.1,0.0375,95.95833333333333,7.199999999999996,1.6999999999999993
2016-08-21,27.1,29.6,25.4,3.9375,100.0,4.200000000000003,-2.6999999999999993
2016-08-22,25.9,27.6,24.7,1.625,67.375,2.900000000000002,-1.2000000000000028
2016-08-23,28.1,31.8,24.8,0.20833333333333334,76.75,7.0,2.200000000000003
2016-08-24,29.0,32.2,25.6,0.020833333333333332,86.54166666666667,6.600000000000001,0.8999999999999986
2016-08-25,28.9,32.8,26.1,0.22916666666666666,67.08333333333333,6.699999999999996,-0.10000000000000142
2016-08-26,28.8,32.3,25.9,0.14583333333333334,93.375,6.399999999999999,-0.09999999999999787
2016-08-27,28.8,31.9,25.5,0.008333333333333333,59.166666666666664,6.399999999999999,0.0
2016-08-28,28.7,31.7,26.1,0.06666666666666667,92.66666666666667,5.599999999999998,-0.10000000000000142
2016-08-29,28.9,32.4,26.6,0.3125,69.0,5.799999999999997,0.1999999999999993
2016-08-30,29.3,32.8,26.5,0.03333333333333333,76.04166666666667,6.299999999999997,0.40000000000000213
2016-08-31,27.4,29.4,26.2,0.775,96.79166666666667,3.1999999999999993,-1.9000000000000021
2016-09-01,28.1,31.3,26.1,0.31666666666666665,99.33333333333333,5.199999999999999,0.7000000000000028
2016-09-02,28.1,30.7,25.8,0.5208333333333334,99.375,4.899999999999999,0.0
2016-09-03,27.5,30.6,26.0,1.1166666666666667,98.20833333333333,4.600000000000001,-0.6000000000000014
2016-09-04,28.0,31.2,26.1,0.49583333333333335,95.66666666666667,5.099999999999998,0.5
2016-09-05,27.5,31.3,26.1,0.3458333333333334,98.20833333333333,5.199999999999999,-0.5
2016-09-06,26.6,28.4,25.6,0.13333333333333333,99.95833333333333,2.799999999999997,-0.8999999999999986
2016-09-07,27.8,30.3,25.7,0.07083333333333333,91.54166666666667,4.600000000000001,1.1999999999999993
2016-09-08,27.8,31.3,25.8,0.3666666666666667,87.66666666666667,5.5,0.0
2016-09-09,28.3,31.3,25.7,0.03333333333333333,67.83333333333333,5.600000000000001,0.5
2016-09-10,28.1,31.0,25.9,0.125,93.91666666666667,5.100000000000001,-0.1999999999999993
2016-09-11,27.2,29.9,25.7,0.6083333333333333,99.08333333333333,4.199999999999999,-0.9000000000000021
2016-09-12,26.7,29.3,25.6,0.45,98.95833333333333,3.6999999999999993,-0.5
2016-09-13,26.7,28.6,25.7,0.325,99.125,2.900000000000002,0.0
2016-09-14,28.1,30.8,25.8,0.049999999999999996,89.54166666666667,5.0,1.4000000000000021
2016-09-15,28.3,31.4,25.8,0.020833333333333332,65.875,5.599999999999998,0.1999999999999993
2016-09-16,28.3,31.8,25.8,0.15416666666666667,87.75,6.0,0.0
2016-09-17,27.3,31.0,26.0,0.5791666666666667,97.08333333333333,5.0,-1.0
2016-09-18,28.2,31.3,25.7,0.05000000000000001,81.70833333333333,5.600000000000001,0.8999999999999986
2016-09-19,28.9,32.0,25.6,0.0375,94.45833333333333,6.399999999999999,0.6999999999999993
2016-09-20,28.7,32.1,25.7,0.2708333333333333,92.125,6.400000000000002,-0.1999999999999993
2016-09-21,27.4,30.1,25.3,0.3333333333333333,98.20833333333333,4.800000000000001,-1.3000000000000007
2016-09-22,27.2,31.4,25.2,0.325,92.66666666666667,6.199999999999999,-0.1999999999999993
2016-09-23,27.1,30.7,25.2,0.4416666666666667,90.41666666666667,5.5,-0.09999999999999787
2016-09-24,26.9,29.7,25.5,0.3541666666666667,97.91666666666667,4.199999999999999,-0.20000000000000284
2016-09-25,26.8,29.1,25.5,0.35833333333333334,98.5,3.6000000000000014,-0.09999999999999787
2016-09-26,27.5,30.5,25.5,0.20833333333333334,97.625,5.0,0.6999999999999993
2016-09-27,27.2,30.7,25.0,0.6208333333333333,86.83333333333333,5.699999999999999,-0.3000000000000007
2016-09-28,27.0,29.7,25.0,0.39999999999999997,97.95833333333333,4.699999999999999,-0.1999999999999993
2016-09-29,27.3,31.2,25.0,0.3541666666666667,59.208333333333336,6.199999999999999,0.3000000000000007
2016-09-30,28.1,31.3,25.0,0.029166666666666664,57.458333333333336,6.300000000000001,0.8000000000000007
2016-10-01,27.9,31.5,25.3,0.10000000000000002,87.125,6.199999999999999,-0.20000000000000284
2016-10-02,28.0,31.3,25.3,0.08750000000000001,96.20833333333333,6.0,0.10000000000000142
2016-10-03,28.8,31.9,25.9,0.0,61.458333333333336,6.0,0.8000000000000007
2016-10-04,28.8,32.4,25.7,0.29583333333333334,54.791666666666664,6.699999999999999,0.0
2016-10-05,27.3,31.6,24.7,0.7125,98.66666666666667,6.900000000000002,-1.5
2016-10-06,26.9,30.6,24.7,0.1625,93.625,5.900000000000002,-0.40000000000000213
2016-10-07,27.5,30.2,25.5,0.10416666666666667,95.04166666666667,4.699999999999999,0.6000000000000014
2016-10-08,27.2,30.2,25.3,0.3333333333333333,95.58333333333333,4.899999999999999,-0.3000000000000007
2016-10-09,27.0,30.9,25.1,0.5416666666666666,89.08333333333333,5.799999999999997,-0.1999999999999993
2016-10-10,26.3,29.4,25.2,0.5416666666666666,99.66666666666667,4.199999999999999,-0.6999999999999993
2016-10-11,26.2,29.8,24.5,0.225,92.25,5.300000000000001,-0.10000000000000142
2016-10-12,27.0,30.9,22.8,0.0,51.625,8.099999999999998,0.8000000000000007
2016-10-13,27.1,31.5,21.8,0.0,55.416666666666664,9.7,0.10000000000000142
2016-10-14,26.1,31.1,21.1,0.0,71.5,10.0,-1.0
2016-10-15,25.7,30.5,20.9,0.0,23.666666666666668,9.600000000000001,-0.40000000000000213
2016-10-16,26.3,31.0,21.8,0.0,0.041666666666666664,9.2,0.6000000000000014
2016-10-17,26.4,31.0,22.3,0.0,3.2916666666666665,8.7,0.09999999999999787
2016-10-18,27.0,31.5,23.2,0.0,20.333333333333332,8.3,0.6000000000000014
2016-10-19,26.9,31.2,22.9,0.004166666666666667,7.916666666666667,8.3,-0.10000000000000142
2016-10-20,26.0,31.0,21.9,0.0,2.7083333333333335,9.100000000000001,-0.8999999999999986
2016-10-21,25.9,30.8,21.3,0.0,0.75,9.5,-0.10000000000000142
2016-10-22,25.8,30.4,20.9,0.0,29.833333333333332,9.5,-0.09999999999999787
2016-10-23,25.5,30.6,21.1,0.0,64.0,9.5,-0.3000000000000007
2016-10-24,25.6,30.5,20.9,0.0,99.0,9.600000000000001,0.10000000000000142
2016-10-25,25.9,30.6,21.6,0.0,71.875,9.0,0.29999999999999716
2016-10-26,26.2,30.9,22.2,0.45,88.125,8.7,0.3000000000000007
2016-10-27,25.5,28.3,23.3,0.1708333333333333,71.0,5.0,-0.6999999999999993
2016-10-28,25.7,29.3,23.2,0.020833333333333332,35.875,6.100000000000001,0.1999999999999993
2016-10-29,25.8,29.6,23.1,0.025000000000000005,23.083333333333332,6.5,0.10000000000000142
2016-10-30,26.1,29.5,23.2,0.012500000000000002,23.541666666666668,6.300000000000001,0.3000000000000007
2016-10-31,25.6,29.8,23.2,0.041666666666666664,30.375,6.600000000000001,-0.5
2016-11-01,26.0,30.5,22.8,0.04583333333333334,18.416666666666668,7.699999999999999,0.3999999999999986
2016-11-02,26.8,30.8,23.1,0.0,42.5,7.699999999999999,0.8000000000000007
2016-11-03,26.3,30.7,23.3,0.27499999999999997,99.83333333333333,7.399999999999999,-0.5
2016-11-04,24.2,26.3,22.4,0.5708333333333333,100.0,3.900000000000002,-2.1000000000000014
2016-11-05,22.2,23.8,20.0,0.36250000000000004,81.125,3.8000000000000007,-2.0
2016-11-06,24.2,27.8,19.9,0.0,39.208333333333336,7.900000000000002,2.0
2016-11-07,24.0,28.3,20.7,0.0,26.125,7.600000000000001,-0.1999999999999993
2016-11-08,22.6,28.1,17.1,0.0,8.416666666666666,11.0,-1.3999999999999986
2016-11-09,22.3,28.1,16.7,0.0,4.125,11.400000000000002,-0.3000000000000007
2016-11-10,22.8,27.5,17.5,0.0,32.375,10.0,0.5
2016-11-11,23.4,27.9,20.2,0.0,67.41666666666667,7.699999999999999,0.5999999999999979
2016-11-12,23.8,28.5,19.4,0.0,52.125,9.100000000000001,0.40000000000000213
2016-11-13,24.2,28.8,19.4,0.0,10.875,9.400000000000002,0.3999999999999986
2016-11-14,24.0,28.7,19.1,0.0,18.708333333333332,9.599999999999998,-0.1999999999999993
2016-11-15,22.6,28.2,17.6,0.0,9.291666666666666,10.599999999999998,-1.3999999999999986
2016-11-16,21.4,27.8,15.5,0.0,44.25,12.3,-1.2000000000000028
2016-11-17,20.5,27.4,15.0,0.0,0.0,12.399999999999999,-0.8999999999999986
2016-11-18,20.7,27.3,14.9,0.0,0.0,12.4,0.1999999999999993
2016-11-19,21.6,27.3,15.0,0.0,0.125,12.3,0.9000000000000021
2016-11-20,21.3,27.7,15.4,0.0,0.041666666666666664,12.299999999999999,-0.3000000000000007
2016-11-21,21.7,27.5,15.5,0.0,0.3333333333333333,12.0,0.3999999999999986
2016-11-22,22.3,27.7,15.9,0.0,0.7916666666666666,11.799999999999999,0.6000000000000014
2016-11-23,22.6,27.9,17.2,0.0,10.833333333333334,10.7,0.3000000000000007
2016-11-24,22.6,27.9,16.3,0.0,15.666666666666666,11.599999999999998,0.0
2016-11-25,22.3,27.7,15.9,0.0,3.0416666666666665,11.799999999999999,-0.3000000000000007
2016-11-26,22.6,28.0,17.0,0.0,11.291666666666666,11.0,0.3000000000000007
2016-11-27,23.0,27.9,16.8,0.0,37.416666666666664,11.099999999999998,0.3999999999999986
2016-11-28,23.0,27.6,18.2,0.0,39.5,9.400000000000002,0.0
2016-11-29,23.3,27.8,19.6,0.0,42.5,8.2,0.3000000000000007
2016-11-30,23.7,28.3,20.1,0.0,49.75,8.2,0.3999999999999986
2016-12-01,23.7,28.5,19.5,0.0,91.41666666666667,9.0,0.0
2016-12-02,23.5,28.8,18.4,0.0,50.708333333333336,10.400000000000002,-0.1999999999999993
2016-12-03,23.2,28.8,18.3,0.0,9.708333333333334,10.5,-0.3000000000000007
2016-12-04,22.8,28.4,17.7,0.0,4.083333333333333,10.7,-0.3999999999999986
2016-12-05,21.7,27.6,17.1,0.0,0.041666666666666664,10.5,-1.1000000000000014
2016-12-06,21.6,27.9,16.6,0.0,0.4583333333333333,11.299999999999997,-0.09999999999999787
2016-12-07,21.5,27.9,16.2,0.0,0.0,11.7,-0.10000000000000142
2016-12-08,21.3,27.5,16.3,0.0,0.08333333333333333,11.2,-0.1999999999999993
2016-12-09,20.5,26.4,15.2,0.0,42.0,11.2,-0.8000000000000007
2016-12-10,19.8,25.9,14.6,0.0,55.708333333333336,11.299999999999999,-0.6999999999999993
2016-12-11,19.8,26.0,14.4,0.0,35.083333333333336,11.6,0.0
2016-12-12,19.7,26.1,13.9,0.0,0.75,12.200000000000001,-0.10000000000000142
2016-12-13,19.7,26.1,14.2,0.0,0.75,11.900000000000002,0.0
2016-12-14,19.1,25.3,13.7,0.0,0.0,11.600000000000001,-0.5999999999999979
2016-12-15,18.9,25.5,13.2,0.0,0.0,12.3,-0.20000000000000284
2016-12-16,19.6,25.0,12.6,0.0,15.583333333333334,12.4,0.7000000000000028
2016-12-17,20.5,25.6,15.7,0.0,7.541666666666667,9.900000000000002,0.8999999999999986
2016-12-18,19.8,25.7,14.5,0.0,6.291666666666667,11.2,-0.6999999999999993
2016-12-19,20.4,26.1,13.5,0.0,2.5833333333333335,12.600000000000001,0.5999999999999979
2016-12-20,19.6,26.0,13.6,0.0,3.9166666666666665,12.4,-0.7999999999999972
2016-12-21,19.2,25.8,12.7,0.0,0.2916666666666667,13.100000000000001,-0.40000000000000213
2016-12-22,20.6,24.7,13.4,0.0,48.916666666666664,11.299999999999999,1.4000000000000021
2016-12-23,21.3,25.0,17.7,0.0,60.416666666666664,7.300000000000001,0.6999999999999993
2016-12-24,22.2,26.5,16.8,0.0,46.375,9.7,0.8999999999999986
2016-12-25,21.6,26.8,16.6,0.0,24.125,10.2,-0.5999999999999979
2016-12-26,22.3,28.2,16.4,0.0,18.708333333333332,11.8,0.6999999999999993
2016-12-27,20.9,26.6,15.7,0.0,7.375,10.900000000000002,-1.4000000000000021
2016-12-28,19.8,25.2,15.1,0.0,1.1666666666666667,10.1,-1.0999999999999979
2016-12-29,19.6,25.2,14.8,0.0,6.875,10.399999999999999,-0.1999999999999993
2016-12-30,20.2,25.5,14.0,0.0,13.75,11.5,0.5999999999999979
2016-12-31,20.6,26.3,14.2,0.0,16.666666666666668,12.100000000000001,0.40000000000000213
2017-01-01,20.9,25.6,15.6,0.0,9.833333333333334,10.000000000000002,0.29999999999999716
2017-01-02,20.5,26.2,16.2,0.0,27.083333333333332,10.0,-0.3999999999999986
2017-01-03,20.7,26.4,16.0,0.0,14.5,10.399999999999999,0.1999999999999993
2017-01-04,19.7,25.5,15.4,0.0,1.5416666666666667,10.1,-1.0
2017-01-05,19.2,25.2,14.9,0.0,1.4583333333333333,10.299999999999999,-0.5
2017-01-06,18.3,25.5,13.1,0.0,0.0,12.4,-0.8999999999999986
2017-01-07,18.6,25.6,12.7,0.0,0.16666666666666666,12.900000000000002,0.3000000000000007
2017-01-08,19.7,26.7,13.4,0.0,0.0,13.299999999999999,1.0999999999999979
2017-01-09,20.4,26.9,14.7,0.0,0.16666666666666666,12.2,0.6999999999999993
2017-01-10,20.1,25.1,15.1,0.012500000000000002,37.541666666666664,10.000000000000002,-0.29999999999999716
2017-01-11,20.0,25.2,15.6,0.0,41.875,9.6,-0.10000000000000142
2017-01-12,18.3,23.6,13.6,0.0,13.625,10.000000000000002,-1.6999999999999993
2017-01-13,16.7,22.8,12.1,0.0,1.0,10.700000000000001,-1.6000000000000014
2017-01-14,15.8,22.0,10.4,0.0,0.0,11.6,-0.8999999999999986
2017-01-15,15.7,23.1,9.9,0.0,0.0,13.200000000000001,-0.10000000000000142
2017-01-16,18.5,24.5,10.1,0.0,0.0,14.4,2.8000000000000007
2017-01-17,19.5,26.7,12.2,0.0,0.0,14.5,1.0
2017-01-18,19.9,26.5,13.9,0.0,0.0,12.6,0.3999999999999986
2017-01-19,19.5,26.7,14.1,0.0,46.125,12.6,-0.3999999999999986
2017-01-20,20.4,27.1,12.9,0.0,44.875,14.200000000000001,0.8999999999999986
2017-01-21,19.2,26.4,12.6,0.0,5.916666666666667,13.799999999999999,-1.1999999999999993
2017-01-22,19.0,26.5,11.4,0.0,4.375,15.1,-0.1999999999999993
2017-01-23,20.2,27.4,12.8,0.0,22.0,14.599999999999998,1.1999999999999993
2017-01-24,20.2,27.5,14.4,0.0,3.4166666666666665,13.1,0.0
2017-01-25,21.0,27.7,14.4,0.0,0.08333333333333333,13.299999999999999,0.8000000000000007
2017-01-26,22.1,28.3,15.5,0.0,29.916666666666668,12.8,1.1000000000000014
2017-01-27,20.8,26.0,16.0,0.0,45.0,10.0,-1.3000000000000007
2017-01-28,21.2,27.9,15.1,0.0,1.2916666666666667,12.799999999999999,0.3999999999999986
2017-01-29,19.6,25.6,15.0,0.0,0.0,10.600000000000001,-1.5999999999999979
2017-01-30,20.5,26.5,14.0,0.0,0.0,12.5,0.8999999999999986
2017-01-31,20.7,26.8,14.2,0.0,4.625,12.600000000000001,0.1999999999999993
2017-02-01,20.9,27.1,15.7,0.0,1.5,11.400000000000002,0.1999999999999993
2017-02-02,21.2,27.2,15.4,0.0,6.833333333333333,11.799999999999999,0.3000000000000007
2017-02-03,19.7,25.7,15.0,0.0,0.0,10.7,-1.5
2017-02-04,20.7,26.8,15.2,0.0,2.5,11.600000000000001,1.0
2017-02-05,21.8,28.0,15.8,0.0,0.5,12.2,1.1000000000000014
2017-02-06,23.2,28.9,17.5,0.0,7.041666666666667,11.399999999999999,1.3999999999999986
2017-02-07,22.6,29.4,16.4,0.0,0.0,13.0,-0.5999999999999979
2017-02-08,22.2,28.2,14.6,0.0,0.0,13.6,-0.40000000000000213
2017-02-09,21.9,28.8,15.0,0.0,0.0,13.8,-0.3000000000000007
2017-02-10,23.2,30.0,16.5,0.0,1.7916666666666667,13.5,1.3000000000000007
2017-02-11,23.9,29.7,18.0,0.0,4.958333333333333,11.7,0.6999999999999993
2017-02-12,24.0,29.5,18.2,0.0,12.083333333333334,11.3,0.10000000000000142
2017-02-13,24.3,29.8,18.8,0.0,5.458333333333333,11.0,0.3000000000000007
2017-02-14,24.4,30.4,19.9,0.0,7.083333333333333,10.5,0.09999999999999787
2017-02-15,23.6,29.6,17.9,0.0,15.041666666666666,11.700000000000003,-0.7999999999999972
2017-02-16,23.3,29.5,17.5,0.0,0.625,12.0,-0.3000000000000007
2017-02-17,24.3,30.4,18.0,0.0,19.791666666666668,12.399999999999999,1.0
2017-02-18,24.7,30.0,20.0,0.0,21.583333333333332,10.0,0.3999999999999986
2017-02-19,24.9,28.9,21.0,0.004166666666666667,34.416666666666664,7.899999999999999,0.1999999999999993
2017-02-20,25.8,31.2,22.5,0.008333333333333333,20.583333333333332,8.7,0.9000000000000021
2017-02-21,26.4,32.2,22.6,0.0,10.333333333333334,9.600000000000001,0.5999999999999979
2017-02-22,26.5,32.0,23.4,0.012499999999999999,26.875,8.600000000000001,0.10000000000000142
2017-02-23,25.4,31.0,19.2,0.0,10.25,11.8,-1.1000000000000014
2017-02-24,23.6,29.4,17.8,0.0,0.0,11.599999999999998,-1.7999999999999972
2017-02-25,22.4,28.7,15.5,0.0,0.0,13.2,-1.2000000000000028
2017-02-26,23.0,29.6,15.8,0.0,0.0,13.8,0.6000000000000014
2017-02-27,24.3,31.2,18.5,0.0,2.3333333333333335,12.7,1.3000000000000007
2017-02-28,24.2,31.0,18.6,0.0,1.6666666666666667,12.399999999999999,-0.10000000000000142
2017-03-01,25.1,31.7,17.8,0.0,1.8333333333333333,13.899999999999999,0.9000000000000021
2017-03-02,26.7,34.0,19.2,0.0,2.9166666666666665,14.8,1.5999999999999979
2017-03-03,27.4,34.8,22.2,0.0,8.625,12.599999999999998,0.6999999999999993
2017-03-04,26.6,33.1,22.0,0.0,11.333333333333334,11.100000000000001,-0.7999999999999972
2017-03-05,26.9,32.7,22.6,0.09166666666666667,29.75,10.100000000000001,0.29999999999999716
2017-03-06,26.5,32.0,21.5,0.041666666666666664,4.666666666666667,10.5,-0.3999999999999986
2017-03-07,26.4,31.1,20.6,0.020833333333333332,26.416666666666668,10.5,-0.10000000000000142
2017-03-08,23.5,27.6,19.1,0.10416666666666667,67.16666666666667,8.5,-2.8999999999999986
2017-03-09,23.6,28.2,19.6,0.17916666666666667,76.45833333333333,8.599999999999998,0.10000000000000142
2017-03-10,25.5,28.9,22.2,0.8416666666666667,86.58333333333333,6.699999999999999,1.8999999999999986
2017-03-11,24.5,29.6,20.1,0.3541666666666667,72.66666666666667,9.5,-1.0
2017-03-12,23.5,28.4,20.0,0.004166666666666667,13.666666666666666,8.399999999999999,-1.0
2017-03-13,22.8,27.7,17.6,0.0,2.5,10.099999999999998,-0.6999999999999993
2017-03-14,23.1,28.1,17.1,0.0,0.0,11.0,0.3000000000000007
2017-03-15,23.5,29.7,17.1,0.0,0.0,12.599999999999998,0.3999999999999986
2017-03-16,24.1,30.1,19.5,0.0,0.5416666666666666,10.600000000000001,0.6000000000000014
2017-03-17,26.1,31.9,21.5,0.0,22.458333333333332,10.399999999999999,2.0
2017-03-18,27.0,33.1,22.5,0.04583333333333334,29.083333333333332,10.600000000000001,0.8999999999999986
2017-03-19,24.8,31.9,20.2,1.1791666666666667,76.625,11.7,-2.1999999999999993
2017-03-20,22.7,27.4,19.1,0.008333333333333333,34.625,8.299999999999997,-2.1000000000000014
2017-03-21,24.5,30.1,18.2,0.0,7.5,11.900000000000002,1.8000000000000007
2017-03-22,26.4,32.2,21.4,0.008333333333333333,20.625,10.800000000000004,1.8999999999999986
2017-03-23,27.4,32.6,22.4,0.0,15.666666666666666,10.200000000000003,1.0
2017-03-24,28.7,34.8,24.8,0.004166666666666667,28.541666666666668,9.999999999999996,1.3000000000000007
2017-03-25,28.8,35.0,24.8,0.0,24.666666666666668,10.2,0.10000000000000142
2017-03-26,27.8,32.5,24.4,0.09166666666666667,37.291666666666664,8.100000000000001,-1.0
2017-03-27,29.2,35.5,24.7,0.0,29.25,10.8,1.3999999999999986
2017-03-28,28.8,34.2,25.4,0.024999999999999998,42.791666666666664,8.800000000000004,-0.3999999999999986
2017-03-29,29.5,35.8,25.4,0.0,24.791666666666668,10.399999999999999,0.6999999999999993
2017-03-30,29.4,35.0,25.4,0.0,5.25,9.600000000000001,-0.10000000000000142
2017-03-31,29.8,36.2,25.7,0.0,17.75,10.500000000000004,0.40000000000000213
2017-04-01,29.2,35.0,25.6,0.0,21.791666666666668,9.399999999999999,-0.6000000000000014
2017-04-02,29.5,34.8,26.0,0.0,33.083333333333336,8.799999999999997,0.3000000000000007
2017-04-03,30.3,36.8,25.9,0.05833333333333334,18.208333333333332,10.899999999999999,0.8000000000000007
2017-04-04,29.8,35.7,26.4,0.0,27.916666666666668,9.300000000000004,-0.5
2017-04-05,28.9,31.9,27.0,0.09166666666666667,68.66666666666667,4.899999999999999,-0.9000000000000021
2017-04-06,29.4,33.1,26.8,0.029166666666666664,82.70833333333333,6.300000000000001,0.5
2017-04-07,29.6,33.2,26.8,0.012500000000000002,67.29166666666667,6.400000000000002,0.20000000000000284
2017-04-08,30.2,36.0,26.8,0.0,34.875,9.2,0.5999999999999979
2017-04-09,29.9,36.3,26.2,0.08333333333333333,55.791666666666664,10.099999999999998,-0.3000000000000007
2017-04-10,30.1,35.3,26.4,0.008333333333333333,39.75,8.899999999999999,0.20000000000000284
2017-04-11,30.0,36.5,25.0,0.008333333333333333,16.125,11.5,-0.10000000000000142
2017-04-12,29.5,36.7,24.5,0.0,8.291666666666666,12.200000000000003,-0.5
2017-04-13,29.2,35.3,24.0,0.0,14.625,11.299999999999997,-0.3000000000000007
2017-04-14,29.0,35.3,24.9,0.0,16.166666666666668,10.399999999999999,-0.1999999999999993
2017-04-15,29.0,34.0,25.4,0.012500000000000002,47.375,8.600000000000001,0.0
2017-04-16,29.0,34.7,24.6,0.008333333333333333,34.875,10.100000000000001,0.0
2017-04-17,29.4,34.5,24.6,0.025000000000000005,12.291666666666666,9.899999999999999,0.3999999999999986
2017-04-18,30.0,34.8,25.6,0.008333333333333333,34.833333333333336,9.199999999999996,0.6000000000000014
2017-04-19,30.3,35.6,27.8,1.0208333333333333,52.0,7.800000000000001,0.3000000000000007
2017-04-20,29.9,33.2,27.2,0.22499999999999998,65.08333333333333,6.0000000000000036,-0.40000000000000213
2017-04-21,30.3,34.5,27.6,0.23750000000000002,74.08333333333333,6.899999999999999,0.40000000000000213
2017-04-22,30.5,34.5,27.8,0.16666666666666666,58.833333333333336,6.699999999999999,0.1999999999999993
2017-04-23,30.1,34.2,27.8,0.07083333333333333,57.833333333333336,6.400000000000002,-0.3999999999999986
2017-04-24,30.3,35.3,27.0,0.029166666666666664,27.083333333333332,8.299999999999997,0.1999999999999993
2017-04-25,30.9,36.3,26.1,0.0,9.666666666666666,10.199999999999996,0.5999999999999979
2017-04-26,31.0,38.7,26.5,0.07916666666666666,41.458333333333336,12.200000000000003,0.10000000000000142
2017-04-27,30.8,35.9,27.4,0.016666666666666666,31.666666666666668,8.5,-0.1999999999999993
2017-04-28,30.3,37.7,26.4,0.4875,38.25,11.300000000000004,-0.5
2017-04-29,30.8,36.2,27.5,0.0,48.458333333333336,8.700000000000003,0.5
2017-04-30,30.8,36.1,27.5,0.0,28.583333333333332,8.600000000000001,0.0
2017-05-01,28.0,33.8,23.2,0.7166666666666667,63.041666666666664,10.599999999999998,-2.8000000000000007
2017-05-02,29.0,32.9,24.9,0.004166666666666667,41.916666666666664,8.0,1.0
2017-05-03,30.1,34.8,26.3,0.0,24.458333333333332,8.499999999999996,1.1000000000000014
2017-05-04,30.5,35.8,26.5,0.0,13.333333333333334,9.299999999999997,0.3999999999999986
2017-05-05,30.6,35.7,27.2,0.041666666666666664,27.208333333333332,8.500000000000004,0.10000000000000142
2017-05-06,30.9,35.5,27.7,0.16666666666666666,70.08333333333333,7.800000000000001,0.29999999999999716
2017-05-07,30.8,36.3,27.1,0.0,27.25,9.199999999999996,-0.09999999999999787
2017-05-08,31.0,36.2,27.5,0.004166666666666667,40.416666666666664,8.700000000000003,0.1999999999999993
2017-05-09,29.0,35.2,26.2,0.3333333333333333,78.54166666666667,9.000000000000004,-2.0
2017-05-10,30.2,34.2,27.1,0.008333333333333333,56.5,7.100000000000001,1.1999999999999993
2017-05-11,31.4,36.3,28.0,0.024999999999999998,55.791666666666664,8.299999999999997,1.1999999999999993
2017-05-12,31.6,36.9,27.3,0.0,29.083333333333332,9.599999999999998,0.20000000000000284
2017-05-13,31.8,38.0,28.0,0.0,26.666666666666668,10.0,0.1999999999999993
2017-05-14,32.2,37.5,28.5,0.0,39.916666666666664,9.0,0.40000000000000213
2017-05-15,31.9,37.9,28.0,0.024999999999999998,78.54166666666667,9.899999999999999,-0.30000000000000426
2017-05-16,31.3,35.4,28.1,0.06666666666666667,74.0,7.299999999999997,-0.5999999999999979
2017-05-17,30.9,35.0,27.8,0.42500000000000004,80.79166666666667,7.199999999999999,-0.40000000000000213
2017-05-18,31.9,37.4,27.5,0.008333333333333333,67.08333333333333,9.899999999999999,1.0
2017-05-19,32.0,38.2,28.3,0.041666666666666664,17.5,9.900000000000002,0.10000000000000142
2017-05-20,32.2,37.2,28.9,0.024999999999999998,32.333333333333336,8.300000000000004,0.20000000000000284
2017-05-21,32.5,38.3,28.8,0.0,9.958333333333334,9.499999999999996,0.29999999999999716
2017-05-22,32.9,38.3,29.1,0.0,35.916666666666664,9.199999999999996,0.3999999999999986
2017-05-23,32.6,37.7,29.2,0.008333333333333333,36.75,8.500000000000004,-0.29999999999999716
2017-05-24,32.1,36.7,28.9,0.024999999999999998,51.125,7.800000000000004,-0.5
2017-05-25,31.7,36.0,28.2,0.0,42.916666666666664,7.800000000000001,-0.40000000000000213
2017-05-26,31.9,37.4,27.9,0.020833333333333332,53.0,9.5,0.1999999999999993
2017-05-27,30.8,35.9,26.8,0.0,43.291666666666664,9.099999999999998,-1.0999999999999979
2017-05-28,30.7,34.5,28.2,0.2833333333333333,78.29166666666667,6.300000000000001,-0.10000000000000142
2017-05-29,30.7,34.2,27.4,0.004166666666666667,99.75,6.800000000000004,0.0
2017-05-30,30.2,32.7,27.1,0.075,99.375,5.600000000000001,-0.5
2017-05-31,32.4,37.7,28.5,0.0,96.95833333333333,9.200000000000003,2.1999999999999993
2017-06-01,32.0,34.9,29.9,0.07916666666666668,95.625,5.0,-0.3999999999999986
2017-06-02,31.2,33.8,28.8,0.1416666666666667,96.08333333333333,4.9999999999999964,-0.8000000000000007
2017-06-03,32.2,36.5,29.5,0.012500000000000002,65.375,7.0,1.0000000000000036
2017-06-04,32.7,37.0,29.9,0.004166666666666667,58.583333333333336,7.100000000000001,0.5
2017-06-05,32.6,36.8,28.7,0.012500000000000002,77.33333333333333,8.099999999999998,-0.10000000000000142
2017-06-06,31.7,37.5,28.0,0.0,79.0,9.5,-0.9000000000000021
2017-06-07,31.2,35.7,27.4,0.016666666666666666,85.75,8.300000000000004,-0.5
2017-06-08,30.3,33.0,27.8,0.24166666666666667,88.5,5.199999999999999,-0.8999999999999986
2017-06-09,30.4,33.0,27.7,0.19583333333333333,91.95833333333333,5.300000000000001,0.09999999999999787
2017-06-10,30.2,34.2,27.2,0.1416666666666667,87.29166666666667,7.0000000000000036,-0.1999999999999993
2017-06-11,27.9,31.1,26.1,2.066666666666667,99.75,5.0,-2.3000000000000007
2017-06-12,28.6,31.5,26.6,0.14166666666666666,99.95833333333333,4.899999999999999,0.7000000000000028
2017-06-13,30.9,33.7,27.6,0.012500000000000002,99.54166666666667,6.100000000000001,2.299999999999997
2017-06-14,30.0,32.7,27.8,0.19583333333333333,95.25,4.900000000000002,-0.8999999999999986
2017-06-15,29.5,32.8,26.2,0.6291666666666668,94.33333333333333,6.599999999999998,-0.5
2017-06-16,29.2,32.6,26.8,0.6166666666666666,88.25,5.800000000000001,-0.3000000000000007
2017-06-17,30.1,32.3,28.3,0.5499999999999999,88.83333333333333,3.9999999999999964,0.9000000000000021
2017-06-18,30.8,33.8,28.0,0.425,99.66666666666667,5.799999999999997,0.6999999999999993
2017-06-19,31.3,35.3,28.0,0.7333333333333334,99.95833333333333,7.299999999999997,0.5
2017-06-20,27.5,29.4,26.3,0.42083333333333334,99.79166666666667,3.099999999999998,-3.8000000000000007
2017-06-21,28.4,30.8,26.9,0.6833333333333335,98.91666666666667,3.900000000000002,0.8999999999999986
2017-06-22,29.2,32.0,26.5,0.4916666666666667,92.83333333333333,5.5,0.8000000000000007
2017-06-23,28.4,31.6,26.2,0.7000000000000001,94.08333333333333,5.400000000000002,-0.8000000000000007
2017-06-24,28.6,32.4,26.4,0.4208333333333334,70.04166666666667,6.0,0.20000000000000284
2017-06-25,28.1,30.8,26.1,0.1708333333333333,85.16666666666667,4.699999999999999,-0.5
2017-06-26,28.7,31.4,26.7,0.15416666666666667,80.04166666666667,4.699999999999999,0.5999999999999979
2017-06-27,28.9,31.9,26.6,0.075,85.625,5.299999999999997,0.1999999999999993
2017-06-28,28.3,30.5,26.5,0.28750000000000003,94.83333333333333,4.0,-0.5999999999999979
2017-06-29,28.7,31.2,26.4,0.32916666666666666,88.70833333333333,4.800000000000001,0.3999999999999986
2017-06-30,28.4,32.0,26.1,0.6166666666666667,99.625,5.899999999999999,-0.3000000000000007
2017-07-01,28.2,31.3,26.0,0.9166666666666666,98.70833333333333,5.300000000000001,-0.1999999999999993
2017-07-02,28.1,30.5,26.6,1.2041666666666666,98.04166666666667,3.8999999999999986,-0.09999999999999787
2017-07-03,28.2,31.3,26.6,0.8875000000000001,99.79166666666667,4.699999999999999,0.09999999999999787
2017-07-04,28.4,32.0,27.0,0.325,99.75,5.0,0.1999999999999993
2017-07-05,28.6,31.1,26.5,0.6208333333333333,99.41666666666667,4.600000000000001,0.20000000000000284
2017-07-06,28.5,32.5,26.9,0.17916666666666667,97.91666666666667,5.600000000000001,-0.10000000000000142
2017-07-07,28.5,31.6,26.1,0.6124999999999999,98.375,5.5,0.0
2017-07-08,28.9,31.6,26.4,0.15416666666666667,97.54166666666667,5.200000000000003,0.3999999999999986
2017-07-09,28.7,31.3,25.9,0.32916666666666666,97.41666666666667,5.400000000000002,-0.1999999999999993
2017-07-10,27.9,29.9,24.9,1.1166666666666667,99.83333333333333,5.0,-0.8000000000000007
2017-07-11,27.5,30.6,25.6,0.6708333333333334,99.5,5.0,-0.3999999999999986
2017-07-12,27.0,29.5,25.1,0.6749999999999999,99.25,4.399999999999999,-0.5
2017-07-13,27.1,29.6,25.1,0.4291666666666667,93.20833333333333,4.5,0.10000000000000142
2017-07-14,28.1,31.0,25.5,0.12083333333333333,78.08333333333333,5.5,1.0
2017-07-15,28.3,31.5,25.2,0.22499999999999998,77.25,6.300000000000001,0.1999999999999993
2017-07-16,28.8,31.7,26.8,0.15416666666666667,84.45833333333333,4.899999999999999,0.5
2017-07-17,29.1,31.4,27.0,0.07916666666666666,92.0,4.399999999999999,0.3000000000000007
2017-07-18,28.9,32.0,26.4,0.09999999999999999,95.95833333333333,5.600000000000001,-0.20000000000000284
2017-07-19,27.0,29.2,25.5,0.6375000000000001,99.79166666666667,3.6999999999999993,-1.8999999999999986
2017-07-20,27.2,29.5,25.5,0.4291666666666667,99.58333333333333,4.0,0.1999999999999993
2017-07-21,27.4,29.6,25.8,1.2083333333333333,98.16666666666667,3.8000000000000007,0.1999999999999993
2017-07-22,26.1,27.0,25.1,5.8374999999999995,100.0,1.8999999999999986,-1.2999999999999972
2017-07-23,26.4,27.1,25.6,3.8874999999999997,100.0,1.5,0.29999999999999716
2017-07-24,26.3,27.2,25.8,2.566666666666667,100.0,1.3999999999999986,-0.09999999999999787
2017-07-25,26.9,27.9,26.0,1.1291666666666667,99.95833333333333,1.8999999999999986,0.5999999999999979
2017-07-26,27.4,29.1,26.5,0.5666666666666667,99.33333333333333,2.6000000000000014,0.5
2017-07-27,27.8,31.4,26.0,0.3708333333333333,91.79166666666667,5.399999999999999,0.40000000000000213
2017-07-28,28.6,31.5,26.8,0.225,84.0,4.699999999999999,0.8000000000000007
2017-07-29,28.9,31.6,26.8,0.3208333333333333,98.75,4.800000000000001,0.29999999999999716
2017-07-30,28.8,32.5,25.6,0.25833333333333336,80.70833333333333,6.899999999999999,-0.09999999999999787
2017-07-31,28.8,32.2,26.6,0.23750000000000002,73.91666666666667,5.600000000000001,0.0
2017-08-01,29.5,32.2,27.3,0.24166666666666667,89.875,4.900000000000002,0.6999999999999993
2017-08-02,29.0,31.9,27.4,0.3333333333333333,99.20833333333333,4.5,-0.5
2017-08-03,28.5,31.5,27.3,1.0374999999999999,98.33333333333333,4.199999999999999,-0.5
2017-08-04,28.0,31.6,26.0,2.4125,99.20833333333333,5.600000000000001,-0.5
2017-08-05,28.1,31.0,26.1,0.6541666666666667,98.83333333333333,4.899999999999999,0.10000000000000142
2017-08-06,28.5,31.1,26.3,0.32083333333333336,93.70833333333333,4.800000000000001,0.3999999999999986
2017-08-07,27.7,29.4,26.1,0.14166666666666666,96.25,3.299999999999997,-0.8000000000000007
2017-08-08,28.6,31.2,25.9,0.15,92.29166666666667,5.300000000000001,0.9000000000000021
2017-08-09,29.0,31.9,26.4,0.0375,84.875,5.5,0.3999999999999986
2017-08-10,29.1,31.4,27.5,0.41250000000000003,98.5,3.8999999999999986,0.10000000000000142
2017-08-11,29.1,30.4,27.5,0.28750000000000003,100.0,2.8999999999999986,0.0
2017-08-12,27.8,30.3,26.6,0.9375,99.91666666666667,3.6999999999999993,-1.3000000000000007
2017-08-13,27.7,30.5,26.3,0.7583333333333333,99.375,4.199999999999999,-0.10000000000000142
2017-08-14,27.8,31.1,26.0,0.7333333333333334,97.91666666666667,5.100000000000001,0.10000000000000142
2017-08-15,28.3,31.1,26.5,0.5583333333333333,99.66666666666667,4.600000000000001,0.5
2017-08-16,28.5,30.6,26.9,0.3875,97.54166666666667,3.700000000000003,0.1999999999999993
2017-08-17,28.3,30.6,26.2,0.5916666666666667,82.29166666666667,4.400000000000002,-0.1999999999999993
2017-08-18,28.3,31.2,26.0,0.04583333333333334,97.04166666666667,5.199999999999999,0.0
2017-08-19,27.2,30.2,25.2,0.9666666666666667,72.33333333333333,5.0,-1.1000000000000014
2017-08-20,27.9,31.5,25.4,0.30416666666666664,72.20833333333333,6.100000000000001,0.6999999999999993
2017-08-21,28.3,31.6,26.0,0.5916666666666667,87.20833333333333,5.600000000000001,0.40000000000000213
2017-08-22,28.5,31.5,26.4,0.020833333333333332,89.20833333333333,5.100000000000001,0.1999999999999993
2017-08-23,27.8,30.8,25.8,0.6208333333333333,76.41666666666667,5.0,-0.6999999999999993
2017-08-24,27.8,30.2,25.5,0.5125000000000001,88.45833333333333,4.699999999999999,0.0
2017-08-25,28.3,31.9,25.5,0.25833333333333336,83.875,6.399999999999999,0.5
2017-08-26,28.2,31.3,26.0,0.17083333333333336,99.125,5.300000000000001,-0.10000000000000142
2017-08-27,27.3,30.1,25.7,0.41250000000000003,94.625,4.400000000000002,-0.8999999999999986
2017-08-28,27.6,29.8,25.5,0.19999999999999998,94.16666666666667,4.300000000000001,0.3000000000000007
2017-08-29,27.3,30.0,25.7,0.4583333333333333,88.625,4.300000000000001,-0.3000000000000007
2017-08-30,28.3,31.0,25.5,0.2125,95.91666666666667,5.5,1.0
2017-08-31,27.9,30.9,26.0,0.3666666666666667,98.58333333333333,4.899999999999999,-0.40000000000000213
2017-09-01,26.9,29.4,25.7,1.2541666666666667,99.66666666666667,3.6999999999999993,-1.0
2017-09-02,27.6,30.6,26.1,0.5041666666666667,97.41666666666667,4.5,0.7000000000000028
2017-09-03,28.6,31.8,26.6,0.0,92.79166666666667,5.199999999999999,1.0
2017-09-04,29.3,33.2,26.6,0.1416666666666667,75.0,6.600000000000001,0.6999999999999993
2017-09-05,29.6,33.5,27.2,0.049999999999999996,89.625,6.300000000000001,0.3000000000000007
2017-09-06,29.2,32.8,27.0,0.1625,78.25,5.799999999999997,-0.40000000000000213
2017-09-07,29.4,32.5,26.8,0.041666666666666664,46.416666666666664,5.699999999999999,0.1999999999999993
2017-09-08,29.2,32.0,27.3,0.075,73.29166666666667,4.699999999999999,-0.1999999999999993
2017-09-09,29.0,31.6,27.4,0.425,84.79166666666667,4.200000000000003,-0.1999999999999993
2017-09-10,28.3,31.0,26.9,0.4625000000000001,97.16666666666667,4.100000000000001,-0.6999999999999993
2017-09-11,28.4,30.0,27.1,0.39999999999999997,96.125,2.8999999999999986,0.09999999999999787
2017-09-12,28.1,30.9,26.3,0.20833333333333334,90.08333333333333,4.599999999999998,-0.29999999999999716
2017-09-13,28.4,31.1,25.6,0.13333333333333333,67.54166666666667,5.5,0.29999999999999716
2017-09-14,28.8,32.0,26.0,0.012500000000000002,90.08333333333333,6.0,0.40000000000000213
2017-09-15,28.8,31.8,26.3,0.04583333333333334,56.375,5.5,0.0
2017-09-16,29.5,32.8,26.6,0.25833333333333336,44.458333333333336,6.199999999999996,0.6999999999999993
2017-09-17,28.1,32.0,25.5,1.6041666666666667,99.91666666666667,6.5,-1.3999999999999986
2017-09-18,27.0,29.4,25.2,0.9375,95.08333333333333,4.199999999999999,-1.1000000000000014
2017-09-19,26.9,29.6,25.4,0.6,98.20833333333333,4.200000000000003,-0.10000000000000142
2017-09-20,27.1,30.1,25.2,0.41250000000000003,97.83333333333333,4.900000000000002,0.20000000000000284
2017-09-21,28.2,31.2,25.8,0.325,80.75,5.399999999999999,1.0999999999999979
2017-09-22,28.3,30.5,26.2,0.3625,79.29166666666667,4.300000000000001,0.10000000000000142
2017-09-23,29.4,32.6,26.8,0.004166666666666667,76.25,5.800000000000001,1.0999999999999979
2017-09-24,29.8,33.5,26.5,0.0,67.0,7.0,0.40000000000000213
2017-09-25,29.3,32.8,27.1,0.28750000000000003,90.0,5.699999999999996,-0.5
2017-09-26,29.0,32.2,26.9,0.2708333333333333,91.16666666666667,5.300000000000004,-0.3000000000000007
2017-09-27,27.7,30.0,25.9,0.3166666666666667,99.375,4.100000000000001,-1.3000000000000007
2017-09-28,27.4,31.0,26.0,0.275,98.20833333333333,5.0,-0.3000000000000007
2017-09-29,27.1,29.2,25.1,0.42500000000000004,97.29166666666667,4.099999999999998,-0.29999999999999716
2017-09-30,26.8,29.6,25.1,0.41250000000000003,95.95833333333333,4.5,-0.3000000000000007
2017-10-01,26.8,29.5,24.6,0.9,96.83333333333333,4.899999999999999,0.0
2017-10-02,27.0,31.2,25.1,0.3333333333333333,63.416666666666664,6.099999999999998,0.1999999999999993
2017-10-03,27.0,30.1,24.9,0.4916666666666667,80.79166666666667,5.200000000000003,0.0
2017-10-04,28.2,32.0,25.0,0.14583333333333334,48.75,7.0,1.1999999999999993
2017-10-05,28.1,32.2,25.5,0.3083333333333333,88.91666666666667,6.700000000000003,-0.09999999999999787
2017-10-06,27.7,31.2,25.5,0.25416666666666665,95.20833333333333,5.699999999999999,-0.40000000000000213
2017-10-07,26.3,29.4,25.0,0.9291666666666667,94.20833333333333,4.399999999999999,-1.3999999999999986
2017-10-08,25.7,26.8,24.8,0.9458333333333333,99.41666666666667,2.0,-0.6000000000000014
2017-10-09,25.1,25.5,24.6,2.1083333333333334,99.625,0.8999999999999986,-0.5999999999999979
2017-10-10,26.6,29.1,25.0,0.14166666666666666,51.833333333333336,4.100000000000001,1.5
2017-10-11,27.5,30.8,25.0,0.075,28.875,5.800000000000001,0.8999999999999986
2017-10-12,28.4,31.8,25.4,0.004166666666666667,50.916666666666664,6.400000000000002,0.8999999999999986
2017-10-13,28.5,31.1,26.0,0.02916666666666667,19.125,5.100000000000001,0.10000000000000142
2017-10-14,28.0,31.1,25.3,0.14166666666666666,35.583333333333336,5.800000000000001,-0.5
2017-10-15,28.3,32.4,24.5,0.012500000000000002,13.0,7.899999999999999,0.3000000000000007
2017-10-16,28.6,33.0,24.3,0.0,8.458333333333334,8.7,0.3000000000000007
2017-10-17,28.8,32.2,24.7,0.004166666666666667,31.291666666666668,7.5000000000000036,0.1999999999999993
2017-10-18,27.4,30.9,25.2,0.5541666666666667,97.75,5.699999999999999,-1.4000000000000021
2017-10-19,26.4,28.1,25.2,2.0541666666666667,95.875,2.900000000000002,-1.0
2017-10-20,25.6,26.5,24.8,3.6041666666666665,100.0,1.6999999999999993,-0.7999999999999972
2017-10-21,24.9,27.4,21.8,0.07916666666666668,90.20833333333333,5.599999999999998,-0.7000000000000028
2017-10-22,25.9,30.1,21.0,0.0,23.833333333333332,9.100000000000001,1.0
2017-10-23,27.7,32.0,23.9,0.0,26.583333333333332,8.100000000000001,1.8000000000000007
2017-10-24,27.8,31.7,25.4,0.0375,32.458333333333336,6.300000000000001,0.10000000000000142
2017-10-25,26.3,30.3,22.9,0.07083333333333335,36.458333333333336,7.400000000000002,-1.5
2017-10-26,26.5,30.4,22.6,0.08333333333333333,41.375,7.799999999999997,0.1999999999999993
2017-10-27,25.8,30.0,21.5,0.0,14.041666666666666,8.5,-0.6999999999999993
2017-10-28,25.4,29.5,21.2,0.0,18.25,8.3,-0.40000000000000213
2017-10-29,25.1,29.5,21.8,0.0,21.958333333333332,7.699999999999999,-0.29999999999999716
2017-10-30,24.3,28.6,21.0,0.025000000000000005,21.625,7.600000000000001,-0.8000000000000007
2017-10-31,23.8,27.5,20.9,0.0,18.666666666666668,6.600000000000001,-0.5
2017-11-01,23.2,27.5,19.0,0.008333333333333333,11.041666666666666,8.5,-0.6000000000000014
2017-11-02,23.5,28.4,19.2,0.0,5.25,9.2,0.3000000000000007
2017-11-03,24.2,28.9,19.2,0.0,3.8333333333333335,9.7,0.6999999999999993
2017-11-04,25.1,29.1,20.5,0.004166666666666667,26.458333333333332,8.600000000000001,0.9000000000000021
2017-11-05,25.6,30.1,21.9,0.004166666666666667,8.166666666666666,8.200000000000003,0.5
2017-11-06,25.2,30.7,20.9,0.0,0.125,9.8,-0.40000000000000213
2017-11-07,24.8,30.0,20.2,0.0,0.0,9.8,-0.3999999999999986
2017-11-08,24.3,29.9,19.8,0.0,0.4583333333333333,10.099999999999998,-0.5
2017-11-09,24.7,29.4,19.6,0.0,8.208333333333334,9.799999999999997,0.3999999999999986
2017-11-10,24.3,29.0,19.4,0.0,6.375,9.600000000000001,-0.3999999999999986
2017-11-11,24.5,29.5,19.4,0.0,52.916666666666664,10.100000000000001,0.1999999999999993
2017-11-12,24.4,29.5,19.9,0.0,57.708333333333336,9.600000000000001,-0.10000000000000142
2017-11-13,24.1,29.0,20.8,0.0,41.916666666666664,8.2,-0.29999999999999716
2017-11-14,25.2,29.5,20.9,0.0,96.91666666666667,8.600000000000001,1.0999999999999979
2017-11-15,22.3,23.2,21.0,1.4000000000000001,100.0,2.1999999999999993,-2.8999999999999986
2017-11-16,22.0,23.5,20.9,0.5499999999999999,100.0,2.6000000000000014,-0.3000000000000007
2017-11-17,23.2,25.6,20.7,2.283333333333333,95.04166666666667,4.900000000000002,1.1999999999999993
2017-11-18,24.6,28.6,21.8,0.0375,48.25,6.800000000000001,1.4000000000000021
2017-11-19,25.0,28.6,21.0,0.004166666666666667,29.041666666666668,7.600000000000001,0.3999999999999986
2017-11-20,24.9,29.5,20.9,0.0,7.416666666666667,8.600000000000001,-0.10000000000000142
2017-11-21,22.0,28.0,15.6,0.0,0.041666666666666664,12.4,-2.8999999999999986
2017-11-22,19.1,25.4,13.9,0.0,0.0,11.499999999999998,-2.8999999999999986
2017-11-23,18.8,24.5,14.3,0.0,0.0,10.2,-0.3000000000000007
2017-11-24,19.1,25.1,14.8,0.0,0.0,10.3,0.3000000000000007
2017-11-25,19.5,25.5,13.8,0.0,0.0,11.7,0.3999999999999986
2017-11-26,19.5,25.6,13.8,0.0,8.541666666666666,11.8,0.0
2017-11-27,19.8,26.5,14.2,0.0,0.875,12.3,0.3000000000000007
2017-11-28,20.3,26.4,14.4,0.0,2.125,11.999999999999998,0.5
2017-11-29,20.1,26.2,13.8,0.0,0.0,12.399999999999999,-0.1999999999999993
2017-11-30,19.4,25.6,13.8,0.0,0.0,11.8,-0.7000000000000028
2017-12-01,19.8,25.7,14.3,0.0,3.0,11.399999999999999,0.40000000000000213
2017-12-02,20.5,26.4,14.4,0.0,0.08333333333333333,11.999999999999998,0.6999999999999993
2017-12-03,20.6,26.0,14.3,0.0,4.041666666666667,11.7,0.10000000000000142
2017-12-04,20.6,26.0,14.8,0.0,6.375,11.2,0.0
2017-12-05,20.1,26.2,14.1,0.0,33.375,12.1,-0.5
2017-12-06,20.8,25.9,15.1,0.0,69.70833333333333,10.799999999999999,0.6999999999999993
2017-12-07,21.8,26.5,15.4,0.020833333333333332,78.79166666666667,11.1,1.0
2017-12-08,20.5,22.1,19.4,1.1833333333333333,100.0,2.700000000000003,-1.3000000000000007
2017-12-09,20.4,21.5,19.2,2.65,99.83333333333333,2.3000000000000007,-0.10000000000000142
2017-12-10,22.4,24.9,20.4,0.041666666666666664,91.04166666666667,4.5,2.0
2017-12-11,22.8,26.2,18.9,0.008333333333333333,52.25,7.300000000000001,0.40000000000000213
2017-12-12,22.5,27.9,18.1,0.0,15.458333333333334,9.799999999999997,-0.3000000000000007
2017-12-13,22.7,28.1,17.2,0.0,10.125,10.900000000000002,0.1999999999999993
2017-12-14,22.3,27.8,17.2,0.0,18.458333333333332,10.600000000000001,-0.3999999999999986
2017-12-15,21.7,26.6,15.9,0.0,57.75,10.700000000000001,-0.6000000000000014
2017-12-16,20.1,25.4,14.1,0.0,38.166666666666664,11.299999999999999,-1.5999999999999979
2017-12-17,18.5,24.1,13.4,0.0,2.9583333333333335,10.700000000000001,-1.6000000000000014
2017-12-18,18.3,23.6,13.9,0.0,14.208333333333334,9.700000000000001,-0.1999999999999993
2017-12-19,18.7,23.1,14.2,0.0,75.29166666666667,8.900000000000002,0.3999999999999986
2017-12-20,18.4,23.2,13.9,0.0,3.9166666666666665,9.299999999999999,-0.3000000000000007
2017-12-21,18.9,23.9,13.9,0.0,15.916666666666666,9.999999999999998,0.5
2017-12-22,19.8,24.5,15.6,0.0,7.0,8.9,0.9000000000000021
2017-12-23,19.6,25.2,14.6,0.0,6.666666666666667,10.6,-0.1999999999999993
2017-12-24,19.2,24.9,14.3,0.0,32.541666666666664,10.599999999999998,-0.40000000000000213
2017-12-25,18.9,24.9,13.4,0.0,0.20833333333333334,11.499999999999998,-0.3000000000000007
2017-12-26,18.1,24.0,14.1,0.0,0.0,9.9,-0.7999999999999972
2017-12-27,18.4,24.9,13.2,0.0,0.0,11.7,0.29999999999999716
2017-12-28,18.7,25.4,13.7,0.0,0.0,11.7,0.3000000000000007
2017-12-29,18.5,25.5,13.4,0.0,0.041666666666666664,12.1,-0.1999999999999993
2017-12-30,19.2,25.3,13.5,0.0,20.916666666666668,11.8,0.6999999999999993
2017-12-31,19.4,25.5,13.9,0.0,33.375,11.6,0.1999999999999993
2018-01-01,19.3,24.7,14.9,0.0,69.16666666666667,9.799999999999999,-0.09999999999999787
2018-01-02,18.3,24.0,13.4,0.0,1.75,10.6,-1.0
2018-01-03,17.6,23.4,12.1,0.0,0.0,11.299999999999999,-0.6999999999999993
2018-01-04,16.0,22.0,10.8,0.0,0.0,11.2,-1.6000000000000014
2018-01-05,16.2,22.1,11.2,0.0,0.0,10.900000000000002,0.1999999999999993
2018-01-06,15.3,21.6,9.8,0.0,21.458333333333332,11.8,-0.8999999999999986
2018-01-07,14.7,21.6,9.6,0.0,0.0,12.000000000000002,-0.6000000000000014
2018-01-08,15.2,21.5,9.4,0.0,0.0,12.1,0.5
2018-01-09,14.7,21.9,9.4,0.0,0.0,12.499999999999998,-0.5
2018-01-10,15.0,22.1,9.4,0.0,0.75,12.700000000000001,0.3000000000000007
2018-01-11,15.6,21.9,9.2,0.0,31.416666666666668,12.7,0.5999999999999996
2018-01-12,16.5,22.8,11.8,0.0,51.125,11.0,0.9000000000000004
2018-01-13,16.8,22.8,10.3,0.0,0.625,12.5,0.3000000000000007
2018-01-14,16.0,22.0,11.1,0.0,1.6666666666666667,10.9,-0.8000000000000007
2018-01-15,16.8,22.6,10.6,0.0,10.125,12.000000000000002,0.8000000000000007
2018-01-16,16.8,23.1,10.2,0.0,0.0,12.900000000000002,0.0
2018-01-17,16.4,23.5,10.6,0.0,0.2916666666666667,12.9,-0.40000000000000213
2018-01-18,16.7,24.0,11.0,0.0,0.041666666666666664,13.0,0.3000000000000007
2018-01-19,16.8,23.9,10.9,0.0,10.125,12.999999999999998,0.10000000000000142
2018-01-20,18.1,24.7,10.8,0.0,0.0,13.899999999999999,1.3000000000000007
2018-01-21,17.5,24.9,11.6,0.0,0.0,13.299999999999999,-0.6000000000000014
2018-01-22,18.0,24.7,11.1,0.0,0.0,13.6,0.5
2018-01-23,18.4,25.5,11.6,0.0,0.0,13.9,0.3999999999999986
2018-01-24,20.2,27.7,12.6,0.0,9.083333333333334,15.1,1.8000000000000007
2018-01-25,19.1,26.1,13.5,0.0,0.08333333333333333,12.600000000000001,-1.0999999999999979
2018-01-26,19.5,25.2,13.4,0.0,6.0,11.799999999999999,0.3999999999999986
2018-01-27,18.0,24.4,13.8,0.0,19.916666666666668,10.599999999999998,-1.5
2018-01-28,17.9,25.4,12.1,0.0,24.916666666666668,13.299999999999999,-0.10000000000000142
2018-01-29,18.9,26.0,11.8,0.0,0.375,14.2,1.0
2018-01-30,19.3,26.1,12.0,0.0,0.0,14.100000000000001,0.40000000000000213
2018-01-31,19.6,27.2,12.9,0.0,0.0,14.299999999999999,0.3000000000000007
2018-02-01,20.4,25.8,13.4,0.0,1.0416666666666667,12.4,0.7999999999999972
2018-02-02,21.1,27.4,13.9,0.0,0.0,13.499999999999998,0.7000000000000028
2018-02-03,22.0,29.3,16.3,0.0,0.5833333333333334,13.0,0.8999999999999986
2018-02-04,23.2,30.7,17.8,0.0,38.75,12.899999999999999,1.1999999999999993
2018-02-05,23.1,29.5,17.6,0.0,56.208333333333336,11.899999999999999,-0.09999999999999787
2018-02-06,23.0,29.7,17.4,0.0,57.041666666666664,12.3,-0.10000000000000142
2018-02-07,23.9,30.4,17.0,0.0,65.79166666666667,13.399999999999999,0.8999999999999986
2018-02-08,22.7,28.5,17.8,0.0,40.541666666666664,10.7,-1.1999999999999993
2018-02-09,23.6,29.7,18.2,0.020833333333333332,88.41666666666667,11.5,0.9000000000000021
2018-02-10,23.6,29.2,19.1,0.0,81.75,10.099999999999998,0.0
2018-02-11,21.5,28.4,16.2,0.0,98.91666666666667,12.2,-2.1000000000000014
2018-02-12,22.0,29.6,16.1,0.0,43.791666666666664,13.5,0.5
2018-02-13,22.7,29.7,17.0,0.0,92.08333333333333,12.7,0.6999999999999993
2018-02-14,23.0,28.9,17.2,0.012499999999999999,15.875,11.7,0.3000000000000007
2018-02-15,21.9,28.6,15.0,0.0,0.041666666666666664,13.600000000000001,-1.1000000000000014
2018-02-16,21.8,28.4,14.9,0.0,59.708333333333336,13.499999999999998,-0.09999999999999787
2018-02-17,22.7,28.9,16.6,0.0,9.958333333333334,12.299999999999997,0.8999999999999986
2018-02-18,22.9,30.2,16.4,0.0,0.041666666666666664,13.8,0.1999999999999993
2018-02-19,23.5,30.4,18.2,0.0,27.5,12.2,0.6000000000000014
2018-02-20,24.0,31.2,19.0,0.0,42.125,12.2,0.5
2018-02-21,24.4,30.8,19.5,0.0,16.583333333333332,11.3,0.3999999999999986
2018-02-22,24.5,31.5,19.1,0.0,9.333333333333334,12.399999999999999,0.10000000000000142
2018-02-23,25.4,32.8,18.8,0.0,8.333333333333334,13.999999999999996,0.8999999999999986
2018-02-24,26.5,34.2,20.9,0.0,2.1666666666666665,13.300000000000004,1.1000000000000014
2018-02-25,27.0,34.6,21.3,0.0,11.791666666666666,13.3,0.5
2018-02-26,25.6,32.7,20.3,0.0,10.916666666666666,12.400000000000002,-1.3999999999999986
2018-02-27,25.7,32.0,21.0,0.0,16.208333333333332,11.0,0.09999999999999787
2018-02-28,25.4,32.0,20.2,0.0,12.833333333333334,11.8,-0.3000000000000007
2018-03-01,26.0,32.6,20.5,0.0,8.125,12.100000000000001,0.6000000000000014
2018-03-02,26.5,33.5,22.0,0.0,19.666666666666668,11.5,0.5
2018-03-03,27.1,35.0,20.8,0.0,2.4166666666666665,14.2,0.6000000000000014
2018-03-04,27.6,35.2,20.8,0.0,7.458333333333333,14.400000000000002,0.5
2018-03-05,27.1,34.2,21.6,0.0,21.541666666666668,12.600000000000001,-0.5
2018-03-06,26.8,33.0,20.8,0.0375,13.291666666666666,12.2,-0.3000000000000007
2018-03-07,25.5,32.2,18.0,0.0,0.25,14.200000000000003,-1.3000000000000007
2018-03-08,25.3,32.0,17.6,0.0,1.25,14.399999999999999,-0.1999999999999993
2018-03-09,25.6,32.8,19.9,0.0,0.75,12.899999999999999,0.3000000000000007
2018-03-10,26.0,33.2,19.5,0.0,0.0,13.700000000000003,0.3999999999999986
2018-03-11,27.0,34.4,19.2,0.0,1.75,15.2,1.0
2018-03-12,27.2,34.9,22.6,0.03333333333333333,20.208333333333332,12.299999999999997,0.1999999999999993
2018-03-13,27.3,35.0,21.1,0.008333333333333333,4.541666666666667,13.899999999999999,0.10000000000000142
2018-03-14,27.5,34.7,22.5,0.0,0.08333333333333333,12.200000000000003,0.1999999999999993
2018-03-15,27.7,35.5,21.0,0.029166666666666664,16.5,14.5,0.1999999999999993
2018-03-16,26.5,29.5,23.6,0.03333333333333333,96.58333333333333,5.899999999999999,-1.1999999999999993
2018-03-17,26.7,32.8,21.5,0.0,18.625,11.299999999999997,0.1999999999999993
2018-03-18,27.0,33.2,21.3,0.0,5.666666666666667,11.900000000000002,0.3000000000000007
2018-03-19,26.4,34.5,20.5,0.0,0.0,14.0,-0.6000000000000014
2018-03-20,27.2,34.7,20.4,0.0,24.291666666666668,14.300000000000004,0.8000000000000007
2018-03-21,27.9,35.0,23.2,0.0,21.291666666666668,11.8,0.6999999999999993
2018-03-22,28.6,34.9,24.5,0.008333333333333333,31.333333333333332,10.399999999999999,0.7000000000000028
2018-03-23,27.5,34.3,24.4,0.13333333333333333,40.666666666666664,9.899999999999999,-1.1000000000000014
2018-03-24,27.8,32.5,24.2,0.1125,36.416666666666664,8.3,0.3000000000000007
2018-03-25,28.3,33.8,23.9,0.020833333333333332,27.333333333333332,9.899999999999999,0.5
2018-03-26,27.8,33.5,24.7,0.004166666666666667,27.375,8.8,-0.5
2018-03-27,28.6,35.3,24.6,0.0,27.166666666666668,10.699999999999996,0.8000000000000007
2018-03-28,28.8,34.4,25.2,0.0,27.75,9.2,0.1999999999999993
2018-03-29,28.8,34.0,25.7,0.0,28.541666666666668,8.3,0.0
2018-03-30,29.0,34.5,26.1,0.06666666666666667,55.5,8.399999999999999,0.1999999999999993
2018-03-31,26.3,32.0,22.5,0.05416666666666667,59.0,9.5,-2.6999999999999993
2018-04-01,26.0,33.2,21.7,0.20833333333333334,91.29166666666667,11.500000000000004,-0.3000000000000007
2018-04-02,25.3,30.3,20.8,0.0,60.208333333333336,9.5,-0.6999999999999993
2018-04-03,26.4,31.6,22.2,0.03333333333333333,9.708333333333334,9.400000000000002,1.0999999999999979
2018-04-04,27.0,31.5,22.8,0.09166666666666667,22.125,8.7,0.6000000000000014
2018-04-05,27.3,31.4,24.0,0.04583333333333334,33.0,7.399999999999999,0.3000000000000007
2018-04-06,28.1,32.2,24.0,0.08749999999999998,73.29166666666667,8.200000000000003,0.8000000000000007
2018-04-07,25.6,29.7,23.4,0.6333333333333334,96.45833333333333,6.300000000000001,-2.5
2018-04-08,27.3,32.8,23.5,0.0,58.916666666666664,9.299999999999997,1.6999999999999993
2018-04-09,27.2,31.3,23.1,1.0208333333333333,49.541666666666664,8.2,-0.10000000000000142
2018-04-10,27.7,32.6,24.4,0.17499999999999996,28.208333333333332,8.200000000000003,0.5
2018-04-11,28.3,33.4,25.0,0.14583333333333334,25.291666666666668,8.399999999999999,0.6000000000000014
2018-04-12,28.4,34.2,23.9,0.012500000000000002,46.041666666666664,10.300000000000004,0.09999999999999787
2018-04-13,28.6,33.5,24.4,0.012500000000000002,25.333333333333332,9.100000000000001,0.20000000000000284
2018-04-14,29.7,36.6,25.5,0.0375,41.208333333333336,11.100000000000001,1.0999999999999979
2018-04-15,29.7,36.8,24.5,0.0,16.875,12.299999999999997,0.0
2018-04-16,30.1,37.7,25.1,0.008333333333333333,7.958333333333333,12.600000000000001,0.40000000000000213
2018-04-17,30.2,37.0,26.7,0.08749999999999998,31.958333333333332,10.3,0.09999999999999787
2018-04-18,29.6,34.9,25.5,0.008333333333333333,42.333333333333336,9.399999999999999,-0.5999999999999979
2018-04-19,30.1,35.8,26.7,0.0,32.708333333333336,9.099999999999998,0.5
2018-04-20,30.4,35.0,27.2,0.0,32.791666666666664,7.800000000000001,0.29999999999999716
2018-04-21,30.7,35.4,27.4,0.004166666666666667,54.583333333333336,8.0,0.3000000000000007
2018-04-22,29.5,34.4,26.7,0.12083333333333333,61.625,7.699999999999999,-1.1999999999999993
2018-04-23,30.1,35.5,25.5,0.024999999999999998,67.375,10.0,0.6000000000000014
2018-04-24,29.5,35.7,26.0,0.03333333333333333,23.916666666666668,9.700000000000003,-0.6000000000000014
2018-04-25,29.2,35.7,25.0,0.32916666666666666,33.5,10.700000000000003,-0.3000000000000007
2018-04-26,27.4,34.8,23.0,0.18333333333333335,52.458333333333336,11.799999999999997,-1.8000000000000007
2018-04-27,28.6,34.3,23.6,0.025000000000000005,46.541666666666664,10.699999999999996,1.2000000000000028
2018-04-28,28.9,33.2,24.4,0.0,28.541666666666668,8.800000000000004,0.29999999999999716
2018-04-29,29.3,33.2,26.8,0.020833333333333332,53.875,6.400000000000002,0.40000000000000213
2018-04-30,27.1,31.2,24.6,1.5666666666666667,85.66666666666667,6.599999999999998,-2.1999999999999993
2018-05-01,27.8,31.1,24.3,0.41250000000000003,59.541666666666664,6.800000000000001,0.6999999999999993
2018-05-02,26.1,30.8,23.5,1.3666666666666665,62.166666666666664,7.300000000000001,-1.6999999999999993
2018-05-03,26.3,28.8,24.1,0.2333333333333333,48.416666666666664,4.699999999999999,0.1999999999999993
2018-05-04,28.3,32.1,24.8,0.15416666666666667,30.625,7.300000000000001,2.0
2018-05-05,29.5,33.3,26.8,0.13333333333333333,31.75,6.4999999999999964,1.1999999999999993
2018-05-06,29.7,33.4,27.0,0.0,33.916666666666664,6.399999999999999,0.1999999999999993
2018-05-07,30.0,33.8,27.3,0.0,21.333333333333332,6.4999999999999964,0.3000000000000007
2018-05-08,30.3,33.8,27.7,0.008333333333333333,22.416666666666668,6.099999999999998,0.3000000000000007
2018-05-09,30.6,35.0,27.0,0.0,30.666666666666668,8.0,0.3000000000000007
2018-05-10,28.6,32.7,27.0,2.129166666666667,60.125,5.700000000000003,-2.0
2018-05-11,28.5,33.7,25.0,1.3583333333333334,58.458333333333336,8.700000000000003,-0.10000000000000142
2018-05-12,27.7,31.9,24.1,0.25,46.541666666666664,7.799999999999997,-0.8000000000000007
2018-05-13,26.6,30.4,22.5,0.48333333333333334,92.91666666666667,7.899999999999999,-1.0999999999999979
2018-05-14,28.4,33.0,24.6,0.4166666666666667,22.625,8.399999999999999,1.7999999999999972
2018-05-15,29.0,32.7,25.2,0.0,22.625,7.5000000000000036,0.6000000000000014
2018-05-16,27.6,31.0,25.4,0.3,69.91666666666667,5.600000000000001,-1.3999999999999986
2018-05-17,28.8,32.0,25.9,0.09999999999999999,36.833333333333336,6.100000000000001,1.1999999999999993
2018-05-18,28.9,32.5,26.4,0.24583333333333335,42.375,6.100000000000001,0.09999999999999787
2018-05-19,29.9,34.1,27.0,0.016666666666666666,24.041666666666668,7.100000000000001,1.0
2018-05-20,28.9,32.0,26.6,0.4791666666666667,91.16666666666667,5.399999999999999,-1.0
2018-05-21,29.7,33.4,27.1,0.03333333333333333,91.75,6.299999999999997,0.8000000000000007
2018-05-22,29.4,31.5,27.0,0.7875,98.08333333333333,4.5,-0.3000000000000007
2018-05-23,28.8,31.6,27.0,0.0625,81.29166666666667,4.600000000000001,-0.5999999999999979
2018-05-24,29.3,31.9,27.5,0.0625,61.75,4.399999999999999,0.5
2018-05-25,29.8,32.3,27.8,0.004166666666666667,57.041666666666664,4.4999999999999964,0.5
2018-05-26,29.9,32.8,27.3,0.008333333333333333,52.375,5.4999999999999964,0.09999999999999787
2018-05-27,29.7,33.1,27.0,0.0,31.75,6.100000000000001,-0.1999999999999993
2018-05-28,29.6,33.6,26.7,0.0,35.791666666666664,6.900000000000002,-0.09999999999999787
2018-05-29,29.9,33.8,26.8,0.020833333333333332,43.25,6.9999999999999964,0.29999999999999716
2018-05-30,30.4,33.0,27.4,0.075,38.208333333333336,5.600000000000001,0.5
2018-05-31,30.9,35.4,27.4,0.008333333333333333,31.041666666666668,8.0,0.5
2018-06-01,28.4,30.6,25.5,0.7000000000000001,84.54166666666667,5.100000000000001,-2.5
2018-06-02,28.4,31.1,26.0,0.7958333333333334,65.91666666666667,5.100000000000001,0.0
2018-06-03,29.0,31.4,27.2,0.26666666666666666,55.833333333333336,4.199999999999999,0.6000000000000014
2018-06-04,29.0,31.6,26.6,0.12083333333333333,35.041666666666664,5.0,0.0
2018-06-05,28.6,32.0,26.0,0.9041666666666668,75.875,6.0,-0.3999999999999986
2018-06-06,29.4,32.8,26.6,0.1625,75.5,6.199999999999996,0.7999999999999972
2018-06-07,29.6,33.4,27.0,0.17500000000000002,56.25,6.399999999999999,0.20000000000000284
2018-06-08,29.5,33.0,26.3,0.3541666666666667,93.66666666666667,6.699999999999999,-0.10000000000000142
2018-06-09,29.6,32.0,27.5,0.3041666666666667,99.125,4.5,0.10000000000000142
2018-06-10,29.3,33.0,26.6,1.0125,99.79166666666667,6.399999999999999,-0.3000000000000007
2018-06-11,29.3,33.0,26.9,0.9166666666666666,99.83333333333333,6.100000000000001,0.0
2018-06-12,28.8,31.7,27.6,0.42083333333333334,98.75,4.099999999999998,-0.5
2018-06-13,30.9,35.2,27.1,0.008333333333333333,96.54166666666667,8.100000000000001,2.099999999999998
2018-06-14,31.7,35.7,27.8,0.0,76.20833333333333,7.900000000000002,0.8000000000000007
2018-06-15,32.3,37.5,28.5,0.0,81.08333333333333,9.0,0.5999999999999979
2018-06-16,32.2,37.0,28.5,0.0,56.833333333333336,8.5,-0.09999999999999432
2018-06-17,32.2,37.0,29.0,0.008333333333333333,45.291666666666664,8.0,0.0
2018-06-18,32.9,38.0,28.9,0.004166666666666667,35.708333333333336,9.100000000000001,0.6999999999999957
2018-06-19,32.4,37.8,28.9,0.0,35.708333333333336,8.899999999999999,-0.5
2018-06-20,31.3,35.7,28.8,0.25,76.58333333333333,6.900000000000002,-1.0999999999999979
2018-06-21,29.3,32.1,27.1,0.40416666666666673,84.04166666666667,5.0,-2.0
2018-06-22,29.7,32.3,27.5,0.08750000000000001,91.83333333333333,4.799999999999997,0.3999999999999986
2018-06-23,29.4,31.2,27.2,0.4166666666666667,97.79166666666667,4.0,-0.3000000000000007
2018-06-24,28.4,30.0,27.5,1.0666666666666667,99.79166666666667,2.5,-1.0
2018-06-25,27.9,30.8,26.5,0.8375,99.58333333333333,4.300000000000001,-0.5
2018-06-26,26.9,28.4,25.2,1.6041666666666667,98.375,3.1999999999999993,-1.0
2018-06-27,27.6,30.2,25.5,0.19166666666666665,93.625,4.699999999999999,0.7000000000000028
2018-06-28,27.4,30.6,25.4,0.30833333333333335,95.41666666666667,5.200000000000003,-0.20000000000000284
2018-06-29,28.5,31.6,25.6,0.14583333333333334,90.83333333333333,6.0,1.1000000000000014
2018-06-30,29.3,32.0,26.9,0.325,90.5,5.100000000000001,0.8000000000000007
2018-07-01,29.1,31.2,27.2,0.37083333333333335,89.0,4.0,-0.1999999999999993
2018-07-02,29.1,31.8,26.9,0.5333333333333333,89.95833333333333,4.900000000000002,0.0
2018-07-03,28.3,29.9,27.0,0.4291666666666667,99.91666666666667,2.8999999999999986,-0.8000000000000007
2018-07-04,28.3,31.2,26.5,0.45416666666666666,98.33333333333333,4.699999999999999,0.0
2018-07-05,28.3,31.5,25.8,0.9916666666666667,88.83333333333333,5.699999999999999,0.0
2018-07-06,28.6,33.2,26.2,0.6208333333333333,72.5,7.0000000000000036,0.3000000000000007
2018-07-07,28.9,32.5,26.1,0.08750000000000001,73.75,6.399999999999999,0.29999999999999716
2018-07-08,29.0,31.6,26.9,0.19583333333333333,90.5,4.700000000000003,0.10000000000000142
2018-07-09,28.7,31.5,26.3,0.1625,92.45833333333333,5.199999999999999,-0.3000000000000007
2018-07-10,28.2,30.8,26.5,0.4916666666666667,97.41666666666667,4.300000000000001,-0.5
2018-07-11,28.6,32.2,26.1,0.2625,93.45833333333333,6.100000000000001,0.40000000000000213
2018-07-12,28.7,32.0,26.2,0.23750000000000002,94.83333333333333,5.800000000000001,0.09999999999999787
2018-07-13,28.5,31.5,26.4,0.1875,92.41666666666667,5.100000000000001,-0.1999999999999993
2018-07-14,28.7,31.9,26.6,0.11666666666666665,93.04166666666667,5.299999999999997,0.1999999999999993
2018-07-15,28.3,31.1,26.1,0.33749999999999997,95.08333333333333,5.0,-0.3999999999999986
2018-07-16,28.2,31.1,26.1,0.3666666666666667,86.5,5.0,-0.10000000000000142
2018-07-17,28.5,30.9,26.6,0.27499999999999997,98.16666666666667,4.299999999999997,0.3000000000000007
2018-07-18,28.9,32.0,26.6,0.14166666666666666,98.08333333333333,5.399999999999999,0.3999999999999986
2018-07-19,30.3,33.8,27.2,0.1125,76.91666666666667,6.599999999999998,1.4000000000000021
2018-07-20,29.3,32.4,27.0,0.2333333333333333,97.70833333333333,5.399999999999999,-1.0
2018-07-21,27.8,29.4,27.0,0.6458333333333334,99.5,2.3999999999999986,-1.5
2018-07-22,27.6,30.5,26.0,0.8875000000000001,99.08333333333333,4.5,-0.1999999999999993
2018-07-23,28.7,31.5,25.7,0.4041666666666666,99.04166666666667,5.800000000000001,1.0999999999999979
2018-07-24,28.5,30.9,27.0,0.425,99.25,3.8999999999999986,-0.1999999999999993
2018-07-25,27.9,30.9,26.1,1.8416666666666668,99.33333333333333,4.799999999999997,-0.6000000000000014
2018-07-26,26.8,28.4,25.8,2.0875,99.04166666666667,2.599999999999998,-1.0999999999999979
2018-07-27,27.3,29.5,26.0,0.6125,98.70833333333333,3.5,0.5
2018-07-28,28.4,31.0,26.1,0.1125,98.91666666666667,4.899999999999999,1.0999999999999979
2018-07-29,27.8,30.6,25.1,1.1666666666666667,99.58333333333333,5.5,-0.5999999999999979
2018-07-30,27.6,30.6,25.3,1.1333333333333335,99.75,5.300000000000001,-0.1999999999999993
2018-07-31,27.2,30.0,25.1,1.2375,99.16666666666667,4.899999999999999,-0.40000000000000213
2018-08-01,27.0,29.9,25.5,1.0250000000000001,99.79166666666667,4.399999999999999,-0.1999999999999993
2018-08-02,27.1,30.2,25.6,1.2416666666666667,99.41666666666667,4.599999999999998,0.10000000000000142
2018-08-03,27.6,30.8,25.9,0.23750000000000002,92.41666666666667,4.900000000000002,0.5
2018-08-04,28.5,31.5,25.6,0.6583333333333333,97.33333333333333,5.899999999999999,0.8999999999999986
2018-08-05,27.9,32.5,25.6,1.7249999999999999,99.54166666666667,6.899999999999999,-0.6000000000000014
2018-08-06,27.5,30.1,25.5,0.5166666666666667,98.0,4.600000000000001,-0.3999999999999986
2018-08-07,27.4,30.0,25.6,0.19166666666666665,94.125,4.399999999999999,-0.10000000000000142
2018-08-08,28.2,31.1,25.8,0.15,92.66666666666667,5.300000000000001,0.8000000000000007
2018-08-09,28.6,31.8,25.9,0.05416666666666667,71.54166666666667,5.900000000000002,0.40000000000000213
2018-08-10,29.1,32.7,26.2,0.09583333333333333,76.91666666666667,6.5000000000000036,0.5
2018-08-11,29.0,32.5,26.2,0.425,86.5,6.300000000000001,-0.10000000000000142
2018-08-12,28.7,31.8,26.4,0.19583333333333333,93.54166666666667,5.400000000000002,-0.3000000000000007
2018-08-13,28.7,31.6,26.4,0.20833333333333334,98.83333333333333,5.200000000000003,0.0
2018-08-14,28.8,32.2,26.8,0.32916666666666666,91.04166666666667,5.400000000000002,0.10000000000000142
2018-08-15,28.4,31.3,26.2,0.4083333333333334,98.29166666666667,5.100000000000001,-0.40000000000000213
2018-08-16,28.3,31.6,26.0,0.21666666666666667,81.5,5.600000000000001,-0.09999999999999787
2018-08-17,28.7,31.9,26.0,0.0625,85.79166666666667,5.899999999999999,0.3999999999999986
2018-08-18,29.3,32.5,26.9,0.08750000000000001,96.20833333333333,5.600000000000001,0.6000000000000014
2018-08-19,28.0,31.4,25.9,0.7291666666666666,99.08333333333333,5.5,-1.3000000000000007
2018-08-20,27.8,30.7,26.0,0.5041666666666667,97.875,4.699999999999999,-0.1999999999999993
2018-08-21,28.4,31.2,26.0,0.15,97.66666666666667,5.199999999999999,0.5999999999999979
2018-08-22,28.5,30.8,26.5,0.3625,97.625,4.300000000000001,0.10000000000000142
2018-08-23,29.4,32.6,27.0,0.07916666666666668,99.45833333333333,5.600000000000001,0.8999999999999986
2018-08-24,27.8,31.0,25.7,0.6166666666666666,99.45833333333333,5.300000000000001,-1.5999999999999979
2018-08-25,28.0,31.3,26.0,0.4291666666666667,96.66666666666667,5.300000000000001,0.1999999999999993
2018-08-26,28.7,31.3,26.6,0.12916666666666668,91.54166666666667,4.699999999999999,0.6999999999999993
2018-08-27,28.3,31.4,25.8,0.1708333333333333,93.5,5.599999999999998,-0.3999999999999986
2018-08-28,28.3,31.5,25.5,0.22083333333333333,61.208333333333336,6.0,0.0
2018-08-29,28.2,31.1,26.0,0.15,77.79166666666667,5.100000000000001,-0.10000000000000142
2018-08-30,28.1,31.1,25.4,0.6541666666666667,89.20833333333333,5.700000000000003,-0.09999999999999787
2018-08-31,27.4,31.2,25.0,0.6583333333333333,96.08333333333333,6.199999999999999,-0.7000000000000028
2018-09-01,27.2,30.5,24.6,1.0208333333333333,92.0,5.899999999999999,-0.1999999999999993
2018-09-02,26.9,28.8,25.2,0.8041666666666667,92.875,3.6000000000000014,-0.3000000000000007
2018-09-03,28.0,31.1,25.7,0.40833333333333327,92.70833333333333,5.400000000000002,1.1000000000000014
2018-09-04,27.5,30.8,24.9,1.2458333333333333,93.16666666666667,5.900000000000002,-0.5
2018-09-05,28.0,31.4,25.6,0.4375,55.916666666666664,5.799999999999997,0.5
2018-09-06,26.5,28.5,25.5,0.47500000000000003,83.0,3.0,-1.5
2018-09-07,27.5,29.9,25.9,0.5416666666666666,57.208333333333336,4.0,1.0
2018-09-08,28.2,31.2,25.6,0.04583333333333334,79.16666666666667,5.599999999999998,0.6999999999999993
2018-09-09,28.6,32.2,26.0,0.020833333333333332,84.83333333333333,6.200000000000003,0.40000000000000213
2018-09-10,28.3,31.2,26.0,0.15416666666666667,83.375,5.199999999999999,-0.3000000000000007
2018-09-11,28.1,31.0,26.1,0.2791666666666666,92.5,4.899999999999999,-0.1999999999999993
2018-09-12,28.5,31.1,26.6,0.26666666666666666,89.08333333333333,4.5,0.3999999999999986
2018-09-13,29.4,32.7,27.0,0.13333333333333333,92.16666666666667,5.700000000000003,0.8999999999999986
2018-09-14,28.4,31.5,25.9,0.25833333333333336,97.5,5.600000000000001,-1.0
2018-09-15,28.4,31.9,26.1,0.44166666666666665,98.5,5.799999999999997,0.0
2018-09-16,28.5,31.6,26.1,0.22083333333333333,78.25,5.5,0.10000000000000142
2018-09-17,29.4,33.3,26.2,0.19166666666666665,31.833333333333332,7.099999999999998,0.8999999999999986
2018-09-18,30.2,33.4,26.6,0.0625,54.166666666666664,6.799999999999997,0.8000000000000007
2018-09-19,29.9,33.6,26.0,0.3833333333333333,94.375,7.600000000000001,-0.3000000000000007
2018-09-20,26.6,28.2,25.2,0.6291666666666667,98.04166666666667,3.0,-3.299999999999997
2018-09-21,26.0,27.1,25.0,0.6208333333333333,98.5,2.1000000000000014,-0.6000000000000014
2018-09-22,27.2,29.8,24.6,0.012500000000000002,70.0,5.199999999999999,1.1999999999999993
2018-09-23,28.3,31.9,24.8,0.020833333333333332,52.416666666666664,7.099999999999998,1.1000000000000014
2018-09-24,29.2,32.7,26.4,0.10833333333333332,68.0,6.300000000000004,0.8999999999999986
2018-09-25,28.8,32.0,27.0,0.12083333333333333,92.54166666666667,5.0,-0.3999999999999986
2018-09-26,28.6,31.3,26.4,0.15416666666666667,58.291666666666664,4.900000000000002,-0.1999999999999993
2018-09-27,28.5,31.8,26.1,0.12916666666666668,53.166666666666664,5.699999999999999,-0.10000000000000142
2018-09-28,29.1,32.8,26.2,0.0625,29.583333333333332,6.599999999999998,0.6000000000000014
2018-09-29,29.7,33.2,26.5,0.016666666666666666,27.458333333333332,6.700000000000003,0.5999999999999979
2018-09-30,29.2,33.1,25.4,0.012500000000000002,44.75,7.700000000000003,-0.5
2018-10-01,29.0,33.4,25.4,0.0,17.0,8.0,-0.1999999999999993
2018-10-02,29.3,33.6,26.2,0.0,18.708333333333332,7.400000000000002,0.3000000000000007
2018-10-03,29.1,33.4,24.7,0.0,12.458333333333334,8.7,-0.1999999999999993
2018-10-04,29.2,33.5,24.3,0.0,5.416666666666667,9.2,0.09999999999999787
2018-10-05,29.4,32.3,25.1,0.0,6.041666666666667,7.199999999999996,0.1999999999999993
2018-10-06,28.8,33.0,23.7,0.0,4.208333333333333,9.3,-0.5999999999999979
2018-10-07,28.3,33.0,24.3,0.0,10.708333333333334,8.7,-0.5
2018-10-08,28.5,33.0,24.0,0.0,46.625,9.0,0.1999999999999993
2018-10-09,27.8,32.5,22.8,0.05000000000000001,75.875,9.7,-0.6999999999999993
2018-10-10,25.1,26.9,23.8,1.2750000000000001,99.95833333333333,3.099999999999998,-2.6999999999999993
2018-10-11,26.1,28.4,24.0,0.39166666666666666,99.91666666666667,4.399999999999999,1.0
2018-10-12,25.5,28.0,24.2,2.504166666666667,100.0,3.8000000000000007,-0.6000000000000014
2018-10-13,24.9,29.0,21.5,0.35000000000000003,86.25,7.5,-0.6000000000000014
2018-10-14,25.9,29.9,21.5,0.004166666666666667,21.75,8.399999999999999,1.0
2018-10-15,26.3,30.4,21.9,0.0,21.416666666666668,8.5,0.40000000000000213
2018-10-16,26.1,31.1,21.1,0.0,9.916666666666666,10.0,-0.1999999999999993
2018-10-17,26.2,30.6,21.1,0.0,23.708333333333332,9.5,0.09999999999999787
2018-10-18,27.1,31.9,22.6,0.0,8.541666666666666,9.299999999999997,0.9000000000000021
2018-10-19,27.2,32.2,22.9,0.0,27.708333333333332,9.300000000000004,0.09999999999999787
2018-10-20,27.6,32.2,24.0,0.0,16.708333333333332,8.200000000000003,0.40000000000000213
2018-10-21,27.5,31.7,22.8,0.0,1.4583333333333333,8.899999999999999,-0.10000000000000142
2018-10-22,27.3,31.6,21.8,0.0,9.916666666666666,9.8,-0.1999999999999993
2018-10-23,27.2,31.6,22.7,0.0,8.791666666666666,8.900000000000002,-0.10000000000000142
2018-10-24,26.5,30.8,21.7,0.004166666666666667,14.458333333333334,9.100000000000001,-0.6999999999999993
2018-10-25,25.6,30.7,19.1,0.0,1.25,11.599999999999998,-0.8999999999999986
2018-10-26,24.5,29.9,18.9,0.0,41.75,11.0,-1.1000000000000014
2018-10-27,25.4,29.9,19.0,0.0,39.5,10.899999999999999,0.8999999999999986
2018-10-28,24.1,27.5,20.8,0.008333333333333333,72.79166666666667,6.699999999999999,-1.2999999999999972
2018-10-29,23.2,26.1,21.3,1.0208333333333333,91.95833333333333,4.800000000000001,-0.9000000000000021
2018-10-30,23.6,26.8,21.4,0.08750000000000001,59.291666666666664,5.400000000000002,0.40000000000000213
2018-10-31,24.3,28.5,21.1,0.004166666666666667,13.041666666666666,7.399999999999999,0.6999999999999993
2018-11-01,24.9,28.7,21.4,0.03333333333333333,26.125,7.300000000000001,0.5999999999999979
2018-11-02,25.0,28.6,22.2,0.008333333333333333,30.916666666666668,6.400000000000002,0.10000000000000142
2018-11-03,25.7,29.2,22.7,0.016666666666666666,10.791666666666666,6.5,0.6999999999999993
2018-11-04,26.2,30.0,23.1,0.004166666666666667,11.625,6.899999999999999,0.5
2018-11-05,26.6,30.5,23.3,0.008333333333333333,33.833333333333336,7.199999999999999,0.40000000000000213
2018-11-06,26.1,30.4,22.5,0.024999999999999998,36.916666666666664,7.899999999999999,-0.5
2018-11-07,24.7,27.4,22.2,0.9375,46.333333333333336,5.199999999999999,-1.4000000000000021
2018-11-08,24.5,28.8,20.2,0.0,10.5,8.600000000000001,-0.1999999999999993
2018-11-09,24.0,28.0,18.6,0.0,8.291666666666666,9.399999999999999,-0.5
2018-11-10,23.7,28.2,18.2,0.0,0.16666666666666666,10.0,-0.3000000000000007
2018-11-11,23.5,28.5,18.6,0.0,6.083333333333333,9.899999999999999,-0.1999999999999993
2018-11-12,23.8,28.8,18.4,0.0,70.58333333333333,10.400000000000002,0.3000000000000007
2018-11-13,23.4,28.4,18.5,0.0,36.583333333333336,9.899999999999999,-0.40000000000000213
2018-11-14,23.3,28.8,18.7,0.0,67.41666666666667,10.100000000000001,-0.09999999999999787
2018-11-15,24.1,29.8,18.4,0.0,40.125,11.400000000000002,0.8000000000000007
2018-11-16,24.8,30.0,19.1,0.0,18.166666666666668,10.899999999999999,0.6999999999999993
2018-11-17,24.4,29.9,19.9,0.0,5.125,10.0,-0.40000000000000213
2018-11-18,23.4,28.6,19.5,0.0,0.125,9.100000000000001,-1.0
2018-11-19,23.4,28.7,19.4,0.0,3.25,9.3,0.0
2018-11-20,23.4,28.8,19.0,0.0,64.83333333333333,9.8,0.0
2018-11-21,22.9,29.1,17.1,0.0,36.291666666666664,12.0,-0.5
2018-11-22,22.4,28.2,16.5,0.0,33.25,11.7,-0.5
2018-11-23,21.5,27.5,16.1,0.0,50.5,11.399999999999999,-0.8999999999999986
2018-11-24,21.1,27.4,15.7,0.0,1.2083333333333333,11.7,-0.3999999999999986
2018-11-25,22.2,27.0,15.9,0.0,7.5,11.1,1.0999999999999979
2018-11-26,22.0,26.9,17.5,0.0,21.291666666666668,9.399999999999999,-0.1999999999999993
2018-11-27,22.5,26.9,17.0,0.0,23.625,9.899999999999999,0.5
2018-11-28,23.0,28.1,17.8,0.0,7.958333333333333,10.3,0.5
2018-11-29,23.2,27.2,17.5,0.0,15.333333333333334,9.7,0.1999999999999993
2018-11-30,22.8,27.3,17.8,0.0,49.666666666666664,9.5,-0.3999999999999986
2018-12-01,22.0,27.0,15.6,0.0,41.083333333333336,11.4,-0.8000000000000007
2018-12-02,21.7,27.0,15.7,0.0,67.58333333333333,11.3,-0.3000000000000007
2018-12-03,21.4,26.9,16.0,0.0,34.708333333333336,10.899999999999999,-0.3000000000000007
2018-12-04,20.5,26.9,14.6,0.0,53.458333333333336,12.299999999999999,-0.8999999999999986
2018-12-05,20.2,26.5,14.4,0.0,44.166666666666664,12.1,-0.3000000000000007
2018-12-06,20.7,26.2,14.2,0.0,45.291666666666664,12.0,0.5
2018-12-07,19.8,26.4,14.1,0.0,2.9166666666666665,12.299999999999999,-0.8999999999999986
2018-12-08,18.5,25.7,12.6,0.0,0.0,13.1,-1.3000000000000007
2018-12-09,19.1,25.5,12.6,0.0,0.0,12.9,0.6000000000000014
2018-12-10,19.8,26.0,13.4,0.0,10.625,12.6,0.6999999999999993
2018-12-11,20.9,26.6,14.6,0.0,9.916666666666666,12.000000000000002,1.0999999999999979
2018-12-12,20.9,27.5,15.2,0.0,2.4583333333333335,12.3,0.0
2018-12-13,21.8,28.0,16.0,0.0,29.375,12.0,0.9000000000000021
2018-12-14,21.1,27.1,17.0,0.0,30.041666666666668,10.100000000000001,-0.6999999999999993
2018-12-15,21.4,25.5,17.1,0.0,73.5,8.399999999999999,0.29999999999999716
2018-12-16,20.1,21.9,17.8,0.24166666666666667,99.875,4.099999999999998,-1.2999999999999972
2018-12-17,18.7,21.2,16.9,0.5375,98.54166666666667,4.300000000000001,-1.4000000000000021
2018-12-18,16.4,18.5,13.5,0.23750000000000002,53.458333333333336,5.0,-2.3000000000000007
2018-12-19,16.8,22.6,12.3,0.0,0.0,10.3,0.40000000000000213
2018-12-20,17.9,23.6,12.2,0.0,0.4166666666666667,11.400000000000002,1.0999999999999979
2018-12-21,16.8,23.4,11.9,0.0,8.625,11.499999999999998,-1.0999999999999979
2018-12-22,17.0,23.4,12.1,0.0,0.375,11.299999999999999,0.1999999999999993
2018-12-23,17.1,23.6,12.1,0.0,14.125,11.500000000000002,0.10000000000000142
2018-12-24,16.9,23.5,11.9,0.0,0.20833333333333334,11.6,-0.20000000000000284
2018-12-25,16.5,23.5,11.6,0.0,0.0,11.9,-0.3999999999999986
2018-12-26,16.2,22.6,10.1,0.0,13.25,12.500000000000002,-0.3000000000000007
2018-12-27,16.1,23.0,9.9,0.0,0.20833333333333334,13.1,-0.09999999999999787
2018-12-28,15.4,22.2,10.1,0.0,2.4583333333333335,12.1,-0.7000000000000011
2018-12-29,15.0,21.9,8.8,0.0,0.0,13.099999999999998,-0.40000000000000036
2018-12-30,16.1,22.9,10.4,0.0,0.0,12.499999999999998,1.1000000000000014
2018-12-31,16.4,23.6,10.9,0.0,0.0,12.700000000000001,0.29999999999999716
2019-01-01,16.3,23.9,10.9,0.0,0.0,12.999999999999998,-0.09999999999999787
2019-01-02,17.2,24.6,10.7,0.0,0.0,13.900000000000002,0.8999999999999986
2019-01-03,17.4,24.9,10.9,0.0,0.0,13.999999999999998,0.1999999999999993
2019-01-04,16.5,24.3,10.1,0.0,0.0,14.200000000000001,-0.8999999999999986
2019-01-05,17.0,24.2,10.4,0.0,15.708333333333334,13.799999999999999,0.5
2019-01-06,17.2,25.2,11.4,0.0,0.0,13.799999999999999,0.1999999999999993
2019-01-07,17.9,25.8,11.1,0.0,0.0,14.700000000000001,0.6999999999999993
2019-01-08,18.7,25.7,12.1,0.0,0.5833333333333334,13.6,0.8000000000000007
2019-01-09,18.9,25.5,13.3,0.0,5.791666666666667,12.2,0.1999999999999993
2019-01-10,17.5,24.6,11.4,0.0,0.0,13.200000000000001,-1.3999999999999986
2019-01-11,17.8,24.6,11.2,0.0,0.0,13.400000000000002,0.3000000000000007
2019-01-12,17.6,25.2,11.1,0.0,0.0,14.1,-0.1999999999999993
2019-01-13,18.9,25.7,11.6,0.0,14.083333333333334,14.1,1.2999999999999972
2019-01-14,19.6,26.5,12.5,0.0,19.583333333333332,14.0,0.7000000000000028
2019-01-15,18.5,25.0,12.1,0.0,5.333333333333333,12.9,-1.1000000000000014
2019-01-16,16.8,24.2,10.9,0.0,0.0,13.299999999999999,-1.6999999999999993
2019-01-17,18.0,25.0,10.2,0.0,0.0,14.8,1.1999999999999993
2019-01-18,18.5,26.0,11.0,0.0,0.0,15.0,0.5
2019-01-19,17.7,25.8,10.8,0.0,0.0,15.0,-0.8000000000000007
2019-01-20,18.5,25.8,11.1,0.0,0.0,14.700000000000001,0.8000000000000007
2019-01-21,19.1,26.6,12.1,0.0,0.0,14.500000000000002,0.6000000000000014
2019-01-22,19.7,27.3,13.4,0.0,0.0,13.9,0.5999999999999979
2019-01-23,20.7,28.1,14.1,0.0,0.08333333333333333,14.000000000000002,1.0
2019-01-24,21.8,28.5,14.1,0.0,0.25,14.4,1.1000000000000014
2019-01-25,21.9,28.8,15.4,0.0,5.083333333333333,13.4,0.09999999999999787
2019-01-26,22.9,29.1,17.2,0.0,43.458333333333336,11.900000000000002,1.0
2019-01-27,21.0,25.0,18.3,0.012499999999999999,86.91666666666667,6.699999999999999,-1.8999999999999986
2019-01-28,19.8,24.4,16.1,0.012499999999999999,67.33333333333333,8.299999999999997,-1.1999999999999993
2019-01-29,18.0,23.9,11.3,0.008333333333333333,15.291666666666666,12.599999999999998,-1.8000000000000007
2019-01-30,17.0,24.1,11.2,0.0,0.0,12.900000000000002,-1.0
2019-01-31,18.3,25.6,12.1,0.0,0.2916666666666667,13.500000000000002,1.3000000000000007
2019-02-01,19.1,27.1,12.4,0.0,14.458333333333334,14.700000000000001,0.8000000000000007
2019-02-02,20.5,28.4,12.4,0.0,0.0,15.999999999999998,1.3999999999999986
2019-02-03,20.7,28.8,13.1,0.0,0.0,15.700000000000001,0.1999999999999993
2019-02-04,20.9,28.1,13.2,0.0,0.4166666666666667,14.900000000000002,0.1999999999999993
2019-02-05,20.5,27.7,13.3,0.0,35.375,14.399999999999999,-0.3999999999999986
2019-02-06,21.5,29.0,14.4,0.0,11.75,14.6,1.0
2019-02-07,22.7,30.2,16.6,0.0,9.541666666666666,13.599999999999998,1.1999999999999993
2019-02-08,24.1,30.9,17.8,0.0,58.25,13.099999999999998,1.4000000000000021
2019-02-09,22.3,28.5,16.6,0.020833333333333332,37.416666666666664,11.899999999999999,-1.8000000000000007
2019-02-10,19.4,26.1,12.4,0.0,0.08333333333333333,13.700000000000001,-2.900000000000002
2019-02-11,19.0,26.5,12.9,0.0,0.0,13.6,-0.3999999999999986
2019-02-12,20.2,27.8,13.9,0.0,6.625,13.9,1.1999999999999993
2019-02-13,21.9,29.2,14.8,0.0,0.041666666666666664,14.399999999999999,1.6999999999999993
2019-02-14,22.9,30.8,14.8,0.0,0.125,16.0,1.0
2019-02-15,24.2,31.5,15.9,0.0,17.041666666666668,15.6,1.3000000000000007
2019-02-16,21.7,26.8,19.0,0.09166666666666667,47.916666666666664,7.800000000000001,-2.5
2019-02-17,21.9,28.0,16.2,0.029166666666666664,17.125,11.8,0.1999999999999993
2019-02-18,22.1,27.9,16.2,0.0,15.666666666666666,11.7,0.20000000000000284
2019-02-19,24.2,31.1,18.0,0.0,18.541666666666668,13.100000000000001,2.099999999999998
2019-02-20,25.2,32.5,19.8,0.0,23.125,12.7,1.0
2019-02-21,25.4,33.0,19.5,0.0,12.208333333333334,13.5,0.1999999999999993
2019-02-22,27.0,34.5,19.6,0.0,14.125,14.899999999999999,1.6000000000000014
2019-02-23,27.4,33.8,21.8,0.0,54.916666666666664,11.999999999999996,0.3999999999999986
2019-02-24,26.4,32.0,21.4,0.008333333333333333,38.25,10.600000000000001,-1.0
2019-02-25,23.6,29.3,17.9,0.3625,42.75,11.400000000000002,-2.799999999999997
2019-02-26,20.6,22.5,18.8,1.0416666666666667,85.20833333333333,3.6999999999999993,-3.0
2019-02-27,22.5,27.4,18.4,1.0666666666666667,76.75,9.0,1.8999999999999986
2019-02-28,20.9,25.2,16.4,0.016666666666666666,35.125,8.8,-1.6000000000000014
2019-03-01,20.4,25.2,15.8,0.0,0.2916666666666667,9.399999999999999,-0.5
2019-03-02,20.1,25.5,15.4,0.0,1.1666666666666667,10.1,-0.29999999999999716
2019-03-03,21.9,27.2,15.1,0.0,8.75,12.1,1.7999999999999972
2019-03-04,23.5,27.2,19.8,1.0999999999999999,55.75,7.399999999999999,1.6000000000000014
2019-03-05,23.2,27.3,20.8,0.37083333333333335,61.958333333333336,6.5,-0.3000000000000007
2019-03-06,23.6,28.2,19.9,0.0,28.166666666666668,8.3,0.40000000000000213
2019-03-07,22.5,27.6,17.9,0.0,11.333333333333334,9.700000000000003,-1.1000000000000014
2019-03-08,22.8,27.7,17.4,0.0,0.08333333333333333,10.3,0.3000000000000007
2019-03-09,23.5,29.4,17.9,0.0,0.08333333333333333,11.5,0.6999999999999993
2019-03-10,25.5,30.1,21.3,0.020833333333333332,29.625,8.8,2.0
2019-03-11,26.1,30.8,22.4,0.016666666666666666,43.791666666666664,8.400000000000002,0.6000000000000014
2019-03-12,26.7,32.2,21.9,0.0,16.916666666666668,10.300000000000004,0.5999999999999979
2019-03-13,27.7,32.8,23.9,0.0,27.333333333333332,8.899999999999999,1.0
2019-03-14,27.6,32.5,23.9,0.0,48.458333333333336,8.600000000000001,-0.09999999999999787
2019-03-15,27.4,32.4,22.8,0.0,50.875,9.599999999999998,-0.20000000000000284
2019-03-16,26.9,31.4,22.5,0.004166666666666667,17.75,8.899999999999999,-0.5
2019-03-17,25.6,32.1,21.0,0.3625,47.041666666666664,11.100000000000001,-1.2999999999999972
2019-03-18,23.7,27.0,21.0,0.008333333333333333,58.875,6.0,-1.9000000000000021
2019-03-19,25.2,29.8,21.3,0.016666666666666666,20.708333333333332,8.5,1.5
2019-03-20,26.7,31.7,22.4,0.0,23.625,9.3,1.5
2019-03-21,27.6,33.6,23.6,0.0,16.375,10.0,0.9000000000000021
2019-03-22,27.2,32.2,24.0,0.03333333333333333,14.291666666666666,8.200000000000003,-0.40000000000000213
2019-03-23,26.8,33.8,20.0,0.0,3.5833333333333335,13.799999999999997,-0.3999999999999986
2019-03-24,26.0,32.8,20.3,0.0,0.0,12.499999999999996,-0.8000000000000007
2019-03-25,27.0,34.2,21.8,0.0,0.20833333333333334,12.400000000000002,1.0
2019-03-26,27.2,34.2,20.4,0.012499999999999999,25.458333333333332,13.800000000000004,0.1999999999999993
2019-03-27,26.3,32.4,21.3,0.0,15.291666666666666,11.099999999999998,-0.8999999999999986
2019-03-28,27.4,33.2,23.1,0.004166666666666667,23.916666666666668,10.100000000000001,1.0999999999999979
2019-03-29,28.1,32.5,24.6,0.008333333333333333,29.333333333333332,7.899999999999999,0.7000000000000028
2019-03-30,28.9,35.0,25.0,0.0,26.916666666666668,10.0,0.7999999999999972
2019-03-31,27.9,34.8,25.6,0.0,31.541666666666668,9.199999999999996,-1.0
2019-04-01,28.3,34.1,24.8,0.19166666666666665,46.291666666666664,9.3,0.40000000000000213
2019-04-02,27.8,34.2,23.1,0.012500000000000002,29.25,11.100000000000001,-0.5
2019-04-03,28.7,34.9,24.5,0.0,24.25,10.399999999999999,0.8999999999999986
2019-04-04,28.6,33.4,25.5,0.0,38.75,7.899999999999999,-0.09999999999999787
2019-04-05,27.2,34.8,23.4,0.09999999999999999,45.333333333333336,11.399999999999999,-1.4000000000000021
2019-04-06,26.9,33.3,23.1,0.7291666666666666,85.95833333333333,10.199999999999996,-0.3000000000000007
2019-04-07,25.8,31.6,22.1,0.3958333333333333,57.083333333333336,9.5,-1.0999999999999979
2019-04-08,27.8,33.5,24.6,0.09166666666666667,56.208333333333336,8.899999999999999,2.0
2019-04-09,27.6,33.7,24.4,0.09583333333333333,55.125,9.300000000000004,-0.1999999999999993
2019-04-10,26.7,33.5,22.8,0.012500000000000002,67.91666666666667,10.7,-0.9000000000000021
2019-04-11,28.6,34.0,25.8,0.05416666666666667,59.041666666666664,8.2,1.9000000000000021
2019-04-12,28.9,33.8,25.6,0.1875,53.5,8.199999999999996,0.29999999999999716
2019-04-13,29.4,35.0,25.7,0.37083333333333335,34.666666666666664,9.3,0.5
2019-04-14,29.5,35.0,25.8,0.0,25.166666666666668,9.2,0.10000000000000142
2019-04-15,30.0,35.7,26.0,0.0,16.291666666666668,9.700000000000003,0.5
2019-04-16,29.3,36.3,25.4,0.09166666666666667,22.416666666666668,10.899999999999999,-0.6999999999999993
2019-04-17,27.7,34.3,24.0,0.15416666666666665,23.125,10.299999999999997,-1.6000000000000014
2019-04-18,28.9,33.8,23.9,0.0,8.125,9.899999999999999,1.1999999999999993
2019-04-19,28.3,32.6,24.4,0.0375,35.0,8.200000000000003,-0.5999999999999979
2019-04-20,28.5,33.8,24.9,0.020833333333333332,12.583333333333334,8.899999999999999,0.1999999999999993
2019-04-21,27.5,35.5,22.8,0.5083333333333333,50.583333333333336,12.7,-1.0
2019-04-22,27.6,32.3,22.2,0.0,28.833333333333332,10.099999999999998,0.10000000000000142
2019-04-23,28.2,33.5,24.6,0.19999999999999998,22.833333333333332,8.899999999999999,0.5999999999999979
2019-04-24,29.6,34.8,25.0,0.0,21.083333333333332,9.799999999999997,1.4000000000000021
2019-04-25,30.1,35.8,26.2,0.0,9.5,9.599999999999998,0.5
2019-04-26,30.6,35.8,27.0,0.0,19.583333333333332,8.799999999999997,0.5
2019-04-27,31.3,36.9,27.8,0.004166666666666667,14.416666666666666,9.099999999999998,0.6999999999999993
2019-04-28,31.1,36.5,27.5,0.0,10.541666666666666,9.0,-0.1999999999999993
2019-04-29,30.6,35.8,27.0,0.0,10.875,8.799999999999997,-0.5
2019-04-30,30.2,34.7,27.0,0.0,18.708333333333332,7.700000000000003,-0.40000000000000213
2019-05-01,30.4,34.7,26.8,0.004166666666666667,30.208333333333332,7.900000000000002,0.1999999999999993
2019-05-02,29.7,32.7,27.5,0.03333333333333333,86.41666666666667,5.200000000000003,-0.6999999999999993
2019-05-03,27.1,29.8,25.0,2.2624999999999997,99.875,4.800000000000001,-2.599999999999998
2019-05-04,26.5,30.6,23.9,0.14166666666666666,86.79166666666667,6.700000000000003,-0.6000000000000014
2019-05-05,29.3,33.5,25.0,0.004166666666666667,28.041666666666668,8.5,2.8000000000000007
2019-05-06,30.2,35.6,26.8,0.0,16.791666666666668,8.8,0.8999999999999986
2019-05-07,30.2,35.8,26.4,0.0,0.75,9.399999999999999,0.0
2019-05-08,30.8,36.6,26.5,0.0,10.583333333333334,10.100000000000001,0.6000000000000014
2019-05-09,30.8,36.0,27.4,0.0,4.208333333333333,8.600000000000001,0.0
2019-05-10,30.9,36.3,27.6,0.0,14.958333333333334,8.699999999999996,0.09999999999999787
2019-05-11,30.8,35.2,27.8,0.0,18.625,7.400000000000002,-0.09999999999999787
2019-05-12,31.0,35.8,27.6,0.0,32.166666666666664,8.199999999999996,0.1999999999999993
2019-05-13,31.1,36.0,28.0,0.05833333333333334,37.916666666666664,8.0,0.10000000000000142
2019-05-14,30.4,35.5,26.8,0.23749999999999996,22.625,8.7,-0.7000000000000028
2019-05-15,30.8,35.5,27.7,0.3416666666666666,22.5,7.800000000000001,0.40000000000000213
2019-05-16,31.1,36.5,27.3,0.0,6.083333333333333,9.2,0.3000000000000007
2019-05-17,31.6,36.3,28.1,0.11666666666666665,17.083333333333332,8.199999999999996,0.5
2019-05-18,32.1,37.0,28.6,0.0,22.5,8.399999999999999,0.5
2019-05-19,31.3,37.3,28.0,0.2541666666666667,33.958333333333336,9.299999999999997,-0.8000000000000007
2019-05-20,31.6,37.0,28.4,0.0,52.583333333333336,8.600000000000001,0.3000000000000007
2019-05-21,31.5,36.2,28.4,0.0,18.291666666666668,7.800000000000004,-0.10000000000000142
2019-05-22,31.9,37.1,28.5,0.0,12.375,8.600000000000001,0.3999999999999986
2019-05-23,31.0,34.7,27.6,0.016666666666666666,51.291666666666664,7.100000000000001,-0.8999999999999986
2019-05-24,31.5,35.8,28.5,0.024999999999999998,49.0,7.299999999999997,0.5
2019-05-25,30.8,35.1,28.3,0.03333333333333333,75.41666666666667,6.800000000000001,-0.6999999999999993
2019-05-26,31.6,36.5,28.5,0.0,37.208333333333336,8.0,0.8000000000000007
2019-05-27,31.5,36.2,28.0,0.0,26.75,8.200000000000003,-0.10000000000000142
2019-05-28,31.6,36.8,27.8,0.0,18.833333333333332,8.999999999999996,0.10000000000000142
2019-05-29,31.8,37.3,28.0,0.0,9.708333333333334,9.299999999999997,0.1999999999999993
2019-05-30,31.4,35.0,28.4,0.0,49.791666666666664,6.600000000000001,-0.40000000000000213
2019-05-31,31.1,35.1,28.5,0.016666666666666666,47.208333333333336,6.600000000000001,-0.29999999999999716
2019-06-01,30.9,34.5,28.0,0.0375,41.625,6.5,-0.20000000000000284
2019-06-02,29.2,33.0,26.8,0.9416666666666665,93.70833333333333,6.199999999999999,-1.6999999999999993
2019-06-03,29.3,32.0,26.6,0.3,47.458333333333336,5.399999999999999,0.10000000000000142
2019-06-04,29.1,30.6,27.5,0.55,78.125,3.1000000000000014,-0.1999999999999993
2019-06-05,29.0,31.1,25.5,0.5833333333333334,90.45833333333333,5.600000000000001,-0.10000000000000142
2019-06-06,28.0,32.3,25.6,0.325,99.41666666666667,6.699999999999996,-1.0
2019-06-07,27.3,29.6,26.0,0.2041666666666667,99.83333333333333,3.6000000000000014,-0.6999999999999993
2019-06-08,28.5,31.2,26.1,0.05416666666666667,91.45833333333333,5.099999999999998,1.1999999999999993
2019-06-09,29.5,32.4,27.1,0.07916666666666668,74.0,5.299999999999997,1.0
2019-06-10,30.6,34.6,27.3,0.004166666666666667,45.833333333333336,7.300000000000001,1.1000000000000014
2019-06-11,30.4,34.5,27.8,0.0,43.333333333333336,6.699999999999999,-0.20000000000000284
2019-06-12,30.9,34.2,27.7,0.0,84.95833333333333,6.5000000000000036,0.5
2019-06-13,31.0,34.8,27.1,0.0,86.0,7.699999999999996,0.10000000000000142
2019-06-14,31.9,36.0,28.5,0.15416666666666667,93.29166666666667,7.5,0.8999999999999986
2019-06-15,31.3,35.5,28.3,0.049999999999999996,79.79166666666667,7.199999999999999,-0.5999999999999979
2019-06-16,31.4,35.5,28.0,0.0,34.708333333333336,7.5,0.09999999999999787
2019-06-17,32.0,36.5,28.4,0.0,35.416666666666664,8.100000000000001,0.6000000000000014
2019-06-18,31.8,35.8,28.3,0.012499999999999999,73.5,7.4999999999999964,-0.1999999999999993
2019-06-19,31.7,36.0,28.7,0.0,53.333333333333336,7.300000000000001,-0.10000000000000142
2019-06-20,30.2,33.8,27.1,0.13333333333333333,85.58333333333333,6.699999999999996,-1.5
2019-06-21,28.4,30.7,26.9,1.125,91.375,3.8000000000000007,-1.8000000000000007
2019-06-22,28.8,31.1,26.8,0.21250000000000002,30.833333333333332,4.300000000000001,0.40000000000000213
2019-06-23,29.2,32.0,26.8,0.12083333333333333,65.125,5.199999999999999,0.3999999999999986
2019-06-24,30.4,33.3,27.4,0.06666666666666667,62.083333333333336,5.899999999999999,1.1999999999999993
2019-06-25,30.7,34.3,28.5,0.0,78.25,5.799999999999997,0.3000000000000007
2019-06-26,30.8,33.9,28.5,0.0,97.79166666666667,5.399999999999999,0.10000000000000142
2019-06-27,30.4,33.2,28.5,0.049999999999999996,86.5,4.700000000000003,-0.40000000000000213
2019-06-28,30.3,34.3,27.6,0.5458333333333333,91.45833333333333,6.699999999999996,-0.09999999999999787
2019-06-29,29.6,33.4,27.0,0.7916666666666666,82.16666666666667,6.399999999999999,-0.6999999999999993
2019-06-30,29.6,33.2,27.1,0.14583333333333334,72.45833333333333,6.100000000000001,0.0
2019-07-01,28.6,31.7,26.8,0.20833333333333334,75.25,4.899999999999999,-1.0
2019-07-02,28.0,30.4,26.0,0.7083333333333334,91.25,4.399999999999999,-0.6000000000000014
2019-07-03,28.7,31.8,26.0,0.3041666666666667,82.04166666666667,5.800000000000001,0.6999999999999993
2019-07-04,29.4,32.5,27.0,0.1625,89.0,5.5,0.6999999999999993
2019-07-05,28.0,31.6,26.1,0.37083333333333335,86.54166666666667,5.5,-1.3999999999999986
2019-07-06,27.9,30.5,26.9,0.45416666666666666,98.20833333333333,3.6000000000000014,-0.10000000000000142
2019-07-07,28.6,29.8,26.6,0.1625,98.375,3.1999999999999993,0.7000000000000028
2019-07-08,29.4,31.0,27.9,0.1708333333333333,99.79166666666667,3.1000000000000014,0.7999999999999972
2019-07-09,29.6,32.2,28.0,0.225,99.54166666666667,4.200000000000003,0.20000000000000284
2019-07-10,29.3,30.8,27.8,0.325,100.0,3.0,-0.3000000000000007
2019-07-11,29.5,32.2,28.0,0.18333333333333335,99.08333333333333,4.200000000000003,0.1999999999999993
2019-07-12,29.2,32.0,27.7,0.1875,99.33333333333333,4.300000000000001,-0.3000000000000007
2019-07-13,29.6,32.0,27.8,0.6291666666666668,95.04166666666667,4.199999999999999,0.40000000000000213
2019-07-14,30.7,34.6,27.4,0.0625,67.20833333333333,7.200000000000003,1.0999999999999979
2019-07-15,30.5,34.6,28.1,0.34583333333333327,89.25,6.5,-0.1999999999999993
2019-07-16,30.3,34.5,27.1,0.37916666666666665,54.083333333333336,7.399999999999999,-0.1999999999999993
2019-07-17,30.4,34.0,27.4,0.08750000000000001,39.0,6.600000000000001,0.09999999999999787
2019-07-18,30.1,33.8,27.2,0.09999999999999999,68.08333333333333,6.599999999999998,-0.29999999999999716
2019-07-19,29.7,33.0,27.0,0.08750000000000001,56.291666666666664,6.0,-0.40000000000000213
2019-07-20,29.8,32.9,27.4,0.05833333333333333,50.458333333333336,5.5,0.10000000000000142
2019-07-21,30.2,33.1,27.8,0.012500000000000002,67.875,5.300000000000001,0.3999999999999986
2019-07-22,30.2,33.5,27.8,0.0375,86.91666666666667,5.699999999999999,0.0
2019-07-23,30.4,33.8,27.8,0.02916666666666667,81.125,5.9999999999999964,0.1999999999999993
2019-07-24,30.1,33.7,27.5,0.2791666666666667,95.75,6.200000000000003,-0.29999999999999716
2019-07-25,28.3,31.4,25.5,1.1541666666666668,99.375,5.899999999999999,-1.8000000000000007
2019-07-26,27.2,30.0,25.4,0.8416666666666667,99.66666666666667,4.600000000000001,-1.1000000000000014
2019-07-27,27.5,30.0,25.7,0.5750000000000001,84.20833333333333,4.300000000000001,0.3000000000000007
2019-07-28,27.7,30.2,26.1,0.33749999999999997,72.66666666666667,4.099999999999998,0.1999999999999993
2019-07-29,27.7,30.5,25.8,0.24166666666666667,93.58333333333333,4.699999999999999,0.0
2019-07-30,28.9,31.8,26.1,0.020833333333333332,84.08333333333333,5.699999999999999,1.1999999999999993
2019-07-31,29.0,31.8,26.5,0.0375,88.04166666666667,5.300000000000001,0.10000000000000142
2019-08-01,28.3,31.0,25.8,0.20833333333333334,73.375,5.199999999999999,-0.6999999999999993
2019-08-02,28.3,30.8,26.2,0.24166666666666667,77.79166666666667,4.600000000000001,0.0
2019-08-03,28.3,31.5,25.7,0.19583333333333333,76.0,5.800000000000001,0.0
2019-08-04,29.0,32.4,26.4,0.1875,82.33333333333333,6.0,0.6999999999999993
2019-08-05,29.8,33.7,26.5,0.1625,94.45833333333333,7.200000000000003,0.8000000000000007
2019-08-06,28.8,32.7,26.6,0.6749999999999999,99.16666666666667,6.100000000000001,-1.0
2019-08-07,27.5,29.8,26.2,0.6416666666666667,90.54166666666667,3.6000000000000014,-1.3000000000000007
2019-08-08,27.7,29.4,26.4,0.8416666666666667,89.79166666666667,3.0,0.1999999999999993
2019-08-09,29.3,32.9,26.4,0.041666666666666664,81.16666666666667,6.5,1.6000000000000014
2019-08-10,29.4,32.1,26.6,0.09999999999999999,67.45833333333333,5.5,0.09999999999999787
2019-08-11,29.5,32.7,26.8,0.17500000000000002,92.20833333333333,5.900000000000002,0.10000000000000142
2019-08-12,27.8,30.3,26.2,1.3166666666666667,97.875,4.100000000000001,-1.6999999999999993
2019-08-13,27.4,30.1,25.6,0.6916666666666668,97.75,4.5,-0.40000000000000213
2019-08-14,28.6,31.6,25.8,0.2333333333333333,97.0,5.800000000000001,1.2000000000000028
2019-08-15,28.3,29.7,26.6,0.36250000000000004,97.16666666666667,3.099999999999998,-0.3000000000000007
2019-08-16,28.1,31.3,25.9,3.641666666666667,99.375,5.400000000000002,-0.1999999999999993
2019-08-17,26.8,29.3,25.0,2.65,99.45833333333333,4.300000000000001,-1.3000000000000007
2019-08-18,27.3,30.5,25.5,0.8458333333333333,87.20833333333333,5.0,0.5
2019-08-19,28.7,31.5,26.0,0.36666666666666664,50.5,5.5,1.3999999999999986
2019-08-20,29.1,32.0,26.9,0.08750000000000001,96.29166666666667,5.100000000000001,0.40000000000000213
2019-08-21,29.1,32.5,26.6,0.18333333333333335,91.25,5.899999999999999,0.0
2019-08-22,28.8,32.2,26.3,0.2041666666666667,94.29166666666667,5.900000000000002,-0.3000000000000007
2019-08-23,28.2,31.5,25.7,0.375,95.91666666666667,5.800000000000001,-0.6000000000000014
2019-08-24,27.1,28.8,25.6,0.42083333333333334,92.58333333333333,3.1999999999999993,-1.0999999999999979
2019-08-25,27.4,29.8,25.4,0.33749999999999997,87.79166666666667,4.400000000000002,0.29999999999999716
2019-08-26,27.5,30.4,25.6,0.29583333333333334,57.958333333333336,4.799999999999997,0.10000000000000142
2019-08-27,28.3,31.7,25.7,0.1708333333333333,51.5,6.0,0.8000000000000007
2019-08-28,28.2,31.3,26.1,0.24166666666666667,92.45833333333333,5.199999999999999,-0.10000000000000142
2019-08-29,28.4,31.9,26.0,0.10416666666666667,76.625,5.899999999999999,0.1999999999999993
2019-08-30,29.0,32.8,25.6,0.10833333333333334,69.5,7.199999999999996,0.6000000000000014
2019-08-31,29.2,32.3,26.3,0.0375,98.125,5.9999999999999964,0.1999999999999993
2019-09-01,28.3,31.9,25.9,0.6916666666666668,99.70833333333333,6.0,-0.8999999999999986
2019-09-02,28.1,31.7,25.6,0.25416666666666665,95.0,6.099999999999998,-0.1999999999999993
2019-09-03,28.2,31.5,26.2,0.29583333333333334,98.75,5.300000000000001,0.09999999999999787
2019-09-04,28.2,30.5,26.2,0.1375,90.41666666666667,4.300000000000001,0.0
2019-09-05,28.3,30.9,26.3,0.1875,79.625,4.599999999999998,0.10000000000000142
2019-09-06,28.3,30.9,26.2,0.225,73.83333333333333,4.699999999999999,0.0
2019-09-07,28.2,31.2,25.9,0.24583333333333335,92.91666666666667,5.300000000000001,-0.10000000000000142
2019-09-08,28.4,31.4,26.0,0.5416666666666666,92.0,5.399999999999999,0.1999999999999993
2019-09-09,28.6,30.9,25.9,0.13749999999999998,97.25,5.0,0.20000000000000284
2019-09-10,28.4,32.0,25.1,0.6291666666666667,98.08333333333333,6.899999999999999,-0.20000000000000284
2019-09-11,27.0,29.5,25.4,1.4041666666666668,99.29166666666667,4.100000000000001,-1.3999999999999986
2019-09-12,26.5,27.8,25.3,1.4958333333333333,98.375,2.5,-0.5
2019-09-13,27.9,30.2,26.3,0.25833333333333336,94.41666666666667,3.8999999999999986,1.3999999999999986
2019-09-14,28.0,30.8,25.8,0.23750000000000002,68.54166666666667,5.0,0.10000000000000142
2019-09-15,28.9,32.2,26.5,0.05833333333333334,80.79166666666667,5.700000000000003,0.8999999999999986
2019-09-16,28.7,31.5,26.4,0.19166666666666665,83.20833333333333,5.100000000000001,-0.1999999999999993
2019-09-17,28.7,32.2,25.8,0.03333333333333333,28.833333333333332,6.400000000000002,0.0
2019-09-18,28.0,32.1,25.4,0.12916666666666668,40.458333333333336,6.700000000000003,-0.6999999999999993
2019-09-19,28.2,31.8,25.2,0.08333333333333333,29.291666666666668,6.600000000000001,0.1999999999999993
2019-09-20,28.4,32.7,25.7,0.10416666666666667,31.041666666666668,7.0000000000000036,0.1999999999999993
2019-09-21,28.5,33.0,25.9,0.0625,54.208333333333336,7.100000000000001,0.10000000000000142
2019-09-22,28.0,31.2,25.7,0.32083333333333336,85.95833333333333,5.5,-0.5
2019-09-23,27.6,30.9,25.2,0.5125000000000001,96.79166666666667,5.699999999999999,-0.3999999999999986
2019-09-24,26.5,29.4,24.9,0.7625000000000001,98.41666666666667,4.5,-1.1000000000000014
2019-09-25,25.9,27.1,25.0,0.25,99.66666666666667,2.1000000000000014,-0.6000000000000014
2019-09-26,25.6,27.8,24.0,0.42083333333333334,99.29166666666667,3.8000000000000007,-0.29999999999999716
2019-09-27,26.4,28.1,24.7,0.11666666666666665,98.29166666666667,3.400000000000002,0.7999999999999972
2019-09-28,25.8,27.8,24.0,0.19583333333333333,99.83333333333333,3.8000000000000007,-0.5999999999999979
2019-09-29,25.3,28.0,24.0,0.5708333333333333,94.54166666666667,4.0,-0.5
2019-09-30,26.5,30.5,24.4,0.6375,96.75,6.100000000000001,1.1999999999999993
2019-10-01,27.0,30.4,24.6,0.22083333333333333,90.54166666666667,5.799999999999997,0.5
2019-10-02,27.4,31.1,24.7,0.75,74.45833333333333,6.400000000000002,0.3999999999999986
2019-10-03,27.4,30.8,25.3,0.20833333333333334,85.45833333333333,5.5,0.0
2019-10-04,27.7,30.0,25.7,0.13749999999999998,55.25,4.300000000000001,0.3000000000000007
2019-10-05,27.7,30.5,24.5,0.22499999999999998,49.458333333333336,6.0,0.0
2019-10-06,27.4,30.6,24.3,0.5125000000000001,79.33333333333333,6.300000000000001,-0.3000000000000007
2019-10-07,26.5,29.9,24.5,0.32083333333333336,98.70833333333333,5.399999999999999,-0.8999999999999986
2019-10-08,26.1,29.3,24.3,0.38749999999999996,90.125,5.0,-0.3999999999999986
2019-10-09,25.0,27.0,23.5,0.4791666666666667,84.875,3.5,-1.1000000000000014
2019-10-10,25.9,28.9,23.6,0.10416666666666667,85.91666666666667,5.299999999999997,0.8999999999999986
2019-10-11,26.8,30.4,23.8,0.020833333333333332,47.291666666666664,6.599999999999998,0.9000000000000021
2019-10-12,27.8,31.0,24.0,0.0,26.25,7.0,1.0
2019-10-13,27.1,30.9,24.0,0.025000000000000005,30.125,6.899999999999999,-0.6999999999999993
2019-10-14,27.6,31.1,24.0,0.0,6.625,7.100000000000001,0.5
2019-10-15,27.8,31.2,24.0,0.0,31.666666666666668,7.199999999999999,0.1999999999999993
2019-10-16,26.8,30.8,24.4,0.225,24.541666666666668,6.400000000000002,-1.0
2019-10-17,26.9,31.0,24.5,0.24166666666666667,35.958333333333336,6.5,0.09999999999999787
2019-10-18,28.4,31.2,24.8,0.020833333333333332,36.875,6.399999999999999,1.5
2019-10-19,28.0,32.0,24.9,0.12083333333333333,44.083333333333336,7.100000000000001,-0.3999999999999986
2019-10-20,28.3,31.9,25.0,0.10833333333333334,47.333333333333336,6.899999999999999,0.3000000000000007
2019-10-21,27.8,31.2,24.7,0.025000000000000005,34.166666666666664,6.5,-0.5
2019-10-22,27.1,30.5,24.6,0.2041666666666667,39.5,5.899999999999999,-0.6999999999999993
2019-10-23,26.8,30.2,25.0,1.4000000000000001,84.25,5.199999999999999,-0.3000000000000007
2019-10-24,23.1,24.9,21.4,0.7374999999999999,99.625,3.5,-3.6999999999999993
2019-10-25,23.4,25.1,21.6,1.9375,99.58333333333333,3.5,0.29999999999999716
2019-10-26,24.8,28.5,22.0,0.029166666666666664,84.0,6.5,1.4000000000000021
2019-10-27,25.2,29.4,21.7,0.0,34.541666666666664,7.699999999999999,0.3999999999999986
2019-10-28,24.6,29.0,20.5,0.0,18.875,8.5,-0.5999999999999979
2019-10-29,24.9,29.0,20.8,0.0,34.708333333333336,8.2,0.29999999999999716
2019-10-30,25.6,29.6,21.2,0.0,11.333333333333334,8.400000000000002,0.7000000000000028
2019-10-31,26.0,29.6,21.2,0.0,51.041666666666664,8.400000000000002,0.3999999999999986
2019-11-01,25.3,29.9,21.5,0.0,16.166666666666668,8.399999999999999,-0.6999999999999993
2019-11-02,25.2,30.1,21.3,0.0,8.541666666666666,8.8,-0.10000000000000142
2019-11-03,26.1,29.6,21.3,0.0,9.458333333333334,8.3,0.9000000000000021
2019-11-04,26.2,30.2,22.2,0.0,11.833333333333334,8.0,0.09999999999999787
2019-11-05,25.4,29.7,21.4,0.004166666666666667,37.625,8.3,-0.8000000000000007
2019-11-06,24.7,29.7,20.2,0.0,78.20833333333333,9.5,-0.6999999999999993
2019-11-07,24.7,28.9,20.4,0.0,98.0,8.5,0.0
2019-11-08,24.3,26.0,22.6,0.7291666666666666,100.0,3.3999999999999986,-0.3999999999999986
2019-11-09,23.6,24.4,22.8,3.8249999999999997,100.0,1.5999999999999979,-0.6999999999999993
2019-11-10,24.1,27.3,20.9,0.05416666666666667,46.583333333333336,6.400000000000002,0.5
2019-11-11,25.0,29.0,20.7,0.0,26.666666666666668,8.3,0.8999999999999986
2019-11-12,24.0,29.2,18.4,0.0,3.875,10.8,-1.0
2019-11-13,23.0,28.4,18.5,0.0,1.75,9.899999999999999,-1.0
2019-11-14,23.8,28.9,19.1,0.0,4.416666666666667,9.799999999999997,0.8000000000000007
2019-11-15,24.2,29.4,19.4,0.0,0.125,10.0,0.3999999999999986
2019-11-16,24.8,29.0,19.5,0.0,5.958333333333333,9.5,0.6000000000000014
2019-11-17,24.3,28.9,19.8,0.0,10.208333333333334,9.099999999999998,-0.5
2019-11-18,23.6,28.8,19.0,0.0,15.291666666666666,9.8,-0.6999999999999993
2019-11-19,23.5,28.0,17.8,0.0,4.958333333333333,10.2,-0.10000000000000142
2019-11-20,22.9,27.8,17.2,0.0,18.5,10.600000000000001,-0.6000000000000014
2019-11-21,22.5,27.5,17.5,0.0,16.875,10.0,-0.3999999999999986
2019-11-22,22.8,27.7,18.0,0.0,39.083333333333336,9.7,0.3000000000000007
2019-11-23,22.8,27.6,17.8,0.0,4.5,9.8,0.0
2019-11-24,23.2,27.5,18.2,0.0,1.0416666666666667,9.3,0.3999999999999986
2019-11-25,23.3,28.0,18.1,0.0,2.1666666666666665,9.899999999999999,0.10000000000000142
2019-11-26,24.4,28.2,19.2,0.0,1.8333333333333333,9.0,1.0999999999999979
2019-11-27,23.3,28.5,18.8,0.0,6.666666666666667,9.7,-1.0999999999999979
2019-11-28,23.7,28.5,18.9,0.0,5.791666666666667,9.600000000000001,0.3999999999999986
2019-11-29,24.4,28.8,19.0,0.0,2.9166666666666665,9.8,0.6999999999999993
2019-11-30,24.5,28.5,19.0,0.0,9.333333333333334,9.5,0.10000000000000142
2019-12-01,23.7,28.4,18.1,0.0,55.5,10.299999999999997,-0.8000000000000007
2019-12-02,21.7,27.5,16.6,0.0,21.791666666666668,10.899999999999999,-2.0
2019-12-03,21.1,26.4,15.6,0.0,12.541666666666666,10.799999999999999,-0.5999999999999979
2019-12-04,19.8,26.0,15.4,0.0,32.791666666666664,10.6,-1.3000000000000007
2019-12-05,20.1,26.2,15.4,0.0,88.95833333333333,10.799999999999999,0.3000000000000007
2019-12-06,21.8,28.1,15.8,0.0,60.416666666666664,12.3,1.6999999999999993
2019-12-07,22.8,28.1,18.0,0.0,22.166666666666668,10.100000000000001,1.0
2019-12-08,22.9,28.2,18.7,0.0,30.041666666666668,9.5,0.09999999999999787
2019-12-09,22.1,28.0,18.5,0.0,24.75,9.5,-0.7999999999999972
2019-12-10,22.1,27.4,18.3,0.0,36.666666666666664,9.099999999999998,0.0
2019-12-11,21.5,26.8,17.4,0.004166666666666667,23.666666666666668,9.400000000000002,-0.6000000000000014
2019-12-12,21.8,26.6,17.4,0.008333333333333333,23.5,9.200000000000003,0.3000000000000007
2019-12-13,22.2,27.0,17.9,0.004166666666666667,26.875,9.100000000000001,0.3999999999999986
2019-12-14,22.8,27.7,18.1,0.0,10.625,9.599999999999998,0.6000000000000014
2019-12-15,21.8,27.0,17.9,0.0,21.125,9.100000000000001,-1.0
2019-12-16,21.4,25.9,17.9,0.0,26.083333333333332,8.0,-0.40000000000000213
2019-12-17,20.8,26.0,16.6,0.0,33.375,9.399999999999999,-0.5999999999999979
2019-12-18,17.5,23.5,12.1,0.0,6.666666666666667,11.4,-3.3000000000000007
2019-12-19,15.7,22.0,11.3,0.0,0.0,10.7,-1.8000000000000007
2019-12-20,15.7,22.2,10.6,0.0,31.041666666666668,11.6,0.0
2019-12-21,16.5,23.0,11.4,0.0,50.708333333333336,11.6,0.8000000000000007
2019-12-22,17.0,23.6,11.8,0.0,15.958333333333334,11.8,0.5
2019-12-23,17.4,23.0,13.4,0.0,46.625,9.6,0.3999999999999986
2019-12-24,18.2,24.3,13.1,0.0,31.666666666666668,11.200000000000001,0.8000000000000007
2019-12-25,19.0,24.5,14.1,0.0,50.458333333333336,10.4,0.8000000000000007
2019-12-26,17.7,20.8,15.0,0.46249999999999997,72.16666666666667,5.800000000000001,-1.3000000000000007
2019-12-27,15.4,19.5,10.6,0.05833333333333333,41.166666666666664,8.9,-2.299999999999999
2019-12-28,15.4,21.0,10.6,0.0,1.6666666666666667,10.4,0.0
2019-12-29,15.5,22.0,10.6,0.0,23.708333333333332,11.4,0.09999999999999964
2019-12-30,15.6,21.9,10.9,0.0,43.5,10.999999999999998,0.09999999999999964
2019-12-31,16.8,23.5,11.4,0.0,1.2083333333333333,12.1,1.200000000000001
2020-01-01,18.5,24.9,11.4,0.0,13.666666666666666,13.499999999999998,1.6999999999999993
2020-01-02,20.0,25.5,14.6,0.0,48.916666666666664,10.9,1.5
2020-01-03,17.6,21.2,15.1,0.5791666666666667,72.04166666666667,6.1,-2.3999999999999986
2020-01-04,18.2,22.4,14.8,0.0,52.666666666666664,7.599999999999998,0.5999999999999979
2020-01-05,16.9,22.0,11.8,0.008333333333333333,19.708333333333332,10.2,-1.3000000000000007
2020-01-06,16.4,22.3,11.9,0.0,0.4583333333333333,10.4,-0.5
2020-01-07,17.4,22.8,11.8,0.0,1.0833333333333333,11.0,1.0
2020-01-08,18.2,24.0,12.7,0.0,44.625,11.3,0.8000000000000007
2020-01-09,18.4,22.9,14.7,0.016666666666666666,49.416666666666664,8.2,0.1999999999999993
2020-01-10,17.7,23.1,11.7,0.0,19.25,11.400000000000002,-0.6999999999999993
2020-01-11,15.8,21.2,11.9,0.0,25.375,9.299999999999999,-1.8999999999999986
2020-01-12,15.9,22.2,11.4,0.0,0.0,10.799999999999999,0.09999999999999964
2020-01-13,16.4,22.5,11.4,0.0,0.16666666666666666,11.1,0.4999999999999982
2020-01-14,18.1,24.0,11.8,0.0,0.041666666666666664,12.2,1.7000000000000028
2020-01-15,19.6,25.9,14.1,0.0,0.20833333333333334,11.799999999999999,1.5
2020-01-16,20.3,26.9,15.4,0.0,4.291666666666667,11.499999999999998,0.6999999999999993
2020-01-17,20.3,27.8,15.2,0.0,11.083333333333334,12.600000000000001,0.0
2020-01-18,20.1,27.8,14.7,0.0,15.25,13.100000000000001,-0.1999999999999993
2020-01-19,21.2,27.6,14.5,0.016666666666666666,19.416666666666668,13.100000000000001,1.0999999999999979
2020-01-20,17.9,21.7,13.8,0.0,46.375,7.899999999999999,-3.3000000000000007
2020-01-21,18.2,24.2,13.4,0.0,25.958333333333332,10.799999999999999,0.3000000000000007
2020-01-22,19.3,25.3,14.6,0.0,26.333333333333332,10.700000000000001,1.1000000000000014
2020-01-23,19.9,24.7,15.4,0.03333333333333333,60.625,9.299999999999999,0.5999999999999979
2020-01-24,17.9,24.3,11.6,0.0,29.958333333333332,12.700000000000001,-2.0
2020-01-25,17.8,23.9,11.2,0.0,0.0,12.7,-0.09999999999999787
2020-01-26,18.3,24.7,11.4,0.0,10.875,13.299999999999999,0.5
2020-01-27,18.8,24.5,11.6,0.0,0.041666666666666664,12.9,0.5
2020-01-28,20.8,26.6,14.7,0.0,10.541666666666666,11.900000000000002,2.0
2020-01-29,21.0,24.7,18.0,0.3958333333333333,74.16666666666667,6.699999999999999,0.1999999999999993
2020-01-30,19.8,23.0,15.9,0.4583333333333333,54.291666666666664,7.1,-1.1999999999999993
2020-01-31,18.9,24.5,13.9,0.0,3.7916666666666665,10.6,-0.9000000000000021
2020-02-01,18.6,24.8,13.8,0.0,7.25,11.0,-0.29999999999999716
2020-02-02,18.4,23.9,12.5,0.0,5.541666666666667,11.399999999999999,-0.20000000000000284
2020-02-03,17.3,23.9,12.2,0.0,0.0,11.7,-1.0999999999999979
2020-02-04,19.5,24.6,11.4,0.0,38.041666666666664,13.200000000000001,2.1999999999999993
2020-02-05,20.2,25.3,15.9,0.0,62.541666666666664,9.4,0.6999999999999993
2020-02-06,20.8,26.4,15.1,0.0,40.208333333333336,11.299999999999999,0.6000000000000014
2020-02-07,19.5,24.0,15.4,0.0,75.75,8.6,-1.3000000000000007
2020-02-08,18.4,21.0,14.9,0.004166666666666667,85.0,6.1,-1.1000000000000014
2020-02-09,19.0,25.6,13.3,0.0,3.0833333333333335,12.3,0.6000000000000014
2020-02-10,18.2,25.2,12.1,0.0,8.041666666666666,13.1,-0.8000000000000007
2020-02-11,18.7,26.1,11.6,0.0,0.0,14.500000000000002,0.5
2020-02-12,19.0,26.4,12.8,0.0,16.166666666666668,13.599999999999998,0.3000000000000007
2020-02-13,20.6,26.9,13.9,0.0,10.416666666666666,12.999999999999998,1.6000000000000014
2020-02-14,22.1,29.5,14.9,0.0,5.708333333333333,14.6,1.5
2020-02-15,22.0,29.2,15.5,0.0,0.0,13.7,-0.10000000000000142
2020-02-16,22.2,29.8,15.0,0.0,0.0,14.8,0.1999999999999993
2020-02-17,22.0,29.7,15.2,0.0,2.2083333333333335,14.5,-0.1999999999999993
2020-02-18,22.6,29.4,17.6,0.0,16.0,11.799999999999997,0.6000000000000014
2020-02-19,23.4,30.8,17.6,0.0,51.416666666666664,13.2,0.7999999999999972
2020-02-20,24.0,30.2,18.2,0.0,49.625,12.0,0.6000000000000014
2020-02-21,24.4,30.5,18.8,0.0,20.208333333333332,11.7,0.3999999999999986
2020-02-22,24.3,30.9,17.6,0.0,6.333333333333333,13.299999999999997,-0.09999999999999787
2020-02-23,24.3,31.0,18.2,0.0,2.9166666666666665,12.8,0.0
2020-02-24,22.5,27.8,19.0,0.0,54.75,8.8,-1.8000000000000007
2020-02-25,19.2,21.9,16.5,0.31666666666666665,58.958333333333336,5.399999999999999,-3.3000000000000007
2020-02-26,21.1,26.0,17.2,0.07916666666666668,26.208333333333332,8.8,1.9000000000000021
2020-02-27,21.3,27.0,16.1,0.004166666666666667,23.041666666666668,10.899999999999999,0.1999999999999993
2020-02-28,22.1,27.7,16.5,0.0,19.458333333333332,11.2,0.8000000000000007
2020-02-29,22.9,29.4,17.0,0.0,1.875,12.399999999999999,0.7999999999999972
2020-03-01,24.1,31.0,18.4,0.0,6.041666666666667,12.600000000000001,1.2000000000000028
2020-03-02,24.8,31.0,18.6,0.0,23.916666666666668,12.399999999999999,0.6999999999999993
2020-03-03,24.5,30.5,20.9,0.06666666666666667,22.541666666666668,9.600000000000001,-0.3000000000000007
2020-03-04,24.3,29.9,21.1,0.19166666666666668,23.041666666666668,8.799999999999997,-0.1999999999999993
2020-03-05,24.7,30.5,20.5,0.020833333333333332,44.75,10.0,0.3999999999999986
2020-03-06,24.4,27.8,21.9,0.008333333333333333,68.625,5.900000000000002,-0.3000000000000007
2020-03-07,23.4,26.3,21.1,0.28750000000000003,59.333333333333336,5.199999999999999,-1.0
2020-03-08,24.1,29.5,18.2,0.020833333333333332,18.833333333333332,11.3,0.7000000000000028
2020-03-09,24.2,29.6,16.9,0.0,0.3333333333333333,12.700000000000003,0.09999999999999787
2020-03-10,24.7,30.6,19.4,0.0,13.0,11.200000000000003,0.5
2020-03-11,25.9,32.2,20.3,0.008333333333333333,33.166666666666664,11.900000000000002,1.1999999999999993
2020-03-12,26.5,32.7,21.8,0.0,32.541666666666664,10.900000000000002,0.6000000000000014
2020-03-13,28.0,34.1,22.0,0.0,23.625,12.100000000000001,1.5
2020-03-14,26.4,34.0,20.0,0.0,53.708333333333336,14.0,-1.6000000000000014
2020-03-15,25.8,32.4,19.2,0.0,39.125,13.2,-0.5999999999999979
2020-03-16,26.8,32.0,21.6,0.020833333333333332,54.0,10.399999999999999,1.0
2020-03-17,26.9,31.8,22.5,0.03333333333333333,22.833333333333332,9.3,0.09999999999999787
2020-03-18,26.7,33.8,19.8,0.0,39.125,13.999999999999996,-0.1999999999999993
2020-03-19,27.6,33.5,22.3,0.0,89.95833333333333,11.2,0.9000000000000021
2020-03-20,26.9,33.0,21.1,0.0,53.625,11.899999999999999,-0.7000000000000028
2020-03-21,26.7,35.7,21.8,0.09999999999999999,50.125,13.900000000000002,-0.1999999999999993
2020-03-22,24.3,28.5,20.0,0.10000000000000002,25.333333333333332,8.5,-2.3999999999999986
2020-03-23,25.9,31.4,21.0,0.0,23.541666666666668,10.399999999999999,1.5999999999999979
2020-03-24,26.3,32.0,21.1,0.0,21.583333333333332,10.899999999999999,0.40000000000000213
2020-03-25,27.5,32.9,22.4,0.016666666666666666,16.833333333333332,10.5,1.1999999999999993
2020-03-26,29.2,36.2,23.1,0.0,6.583333333333333,13.100000000000001,1.6999999999999993
2020-03-27,30.2,37.8,22.6,0.0,0.25,15.199999999999996,1.0
2020-03-28,31.3,38.1,24.4,0.0,2.9166666666666665,13.700000000000003,1.1000000000000014
2020-03-29,30.1,37.1,22.8,0.0,5.0,14.3,-1.1999999999999993
2020-03-30,29.7,36.8,22.9,0.0,2.9166666666666665,13.899999999999999,-0.40000000000000213
2020-03-31,29.9,37.5,24.0,0.0,10.583333333333334,13.5,0.1999999999999993
2020-04-01,30.7,38.7,23.6,0.0,13.125,15.100000000000001,0.8000000000000007
2020-04-02,30.8,38.0,24.7,0.0,11.541666666666666,13.3,0.10000000000000142
2020-04-03,29.6,37.0,24.5,0.004166666666666667,10.0,12.5,-1.1999999999999993
2020-04-04,30.5,37.1,24.9,0.0,18.541666666666668,12.200000000000003,0.8999999999999986
2020-04-05,29.7,35.9,25.2,0.020833333333333332,20.625,10.7,-0.8000000000000007
2020-04-06,30.9,38.2,24.8,0.0,0.5416666666666666,13.400000000000002,1.1999999999999993
2020-04-07,30.9,39.2,24.7,0.0,40.833333333333336,14.500000000000004,0.0
2020-04-08,30.6,38.2,25.1,0.0,56.291666666666664,13.100000000000001,-0.29999999999999716
2020-04-09,30.1,37.5,24.2,0.0,8.708333333333334,13.3,-0.5
2020-04-10,30.0,37.5,24.1,0.0,19.333333333333332,13.399999999999999,-0.10000000000000142
2020-04-11,29.4,35.0,25.2,0.0,22.125,9.8,-0.6000000000000014
2020-04-12,29.2,35.0,24.5,0.0,23.541666666666668,10.5,-0.1999999999999993
2020-04-13,30.0,36.2,25.2,0.008333333333333333,24.041666666666668,11.000000000000004,0.8000000000000007
2020-04-14,29.3,36.7,25.5,0.21666666666666667,22.708333333333332,11.200000000000003,-0.6999999999999993
2020-04-15,27.6,36.2,23.5,0.7291666666666666,64.04166666666667,12.700000000000003,-1.6999999999999993
2020-04-16,28.7,34.7,23.5,0.0375,46.791666666666664,11.200000000000003,1.0999999999999979
2020-04-17,30.2,35.6,26.9,0.0,32.541666666666664,8.700000000000003,1.5
2020-04-18,29.4,35.1,26.3,0.0,42.583333333333336,8.8,-0.8000000000000007
2020-04-19,29.8,35.9,25.4,0.020833333333333332,56.166666666666664,10.5,0.40000000000000213
2020-04-20,29.2,33.0,25.7,0.0375,66.83333333333333,7.300000000000001,-0.6000000000000014
2020-04-21,27.9,33.5,23.0,0.7416666666666667,87.33333333333333,10.5,-1.3000000000000007
2020-04-22,25.5,28.7,23.0,0.9541666666666666,57.458333333333336,5.699999999999999,-2.3999999999999986
2020-04-23,26.8,30.9,22.7,1.325,54.333333333333336,8.2,1.3000000000000007
2020-04-24,25.0,28.3,21.5,1.8291666666666666,63.958333333333336,6.800000000000001,-1.8000000000000007
2020-04-25,27.0,31.8,23.7,0.20833333333333334,44.875,8.100000000000001,2.0
2020-04-26,25.2,29.6,23.2,1.4583333333333333,51.375,6.400000000000002,-1.8000000000000007
2020-04-27,25.4,29.7,22.5,0.37916666666666665,62.458333333333336,7.199999999999999,0.1999999999999993
2020-04-28,25.1,27.9,23.0,0.8125,70.45833333333333,4.899999999999999,-0.29999999999999716
2020-04-29,25.9,29.7,22.8,0.2625,54.791666666666664,6.899999999999999,0.7999999999999972
2020-04-30,26.6,29.4,23.9,0.6416666666666666,36.166666666666664,5.5,0.7000000000000028
2020-05-01,26.0,30.0,22.9,0.225,46.208333333333336,7.100000000000001,-0.6000000000000014
2020-05-02,26.6,31.1,23.2,0.3833333333333333,53.875,7.900000000000002,0.6000000000000014
2020-05-03,27.0,30.8,23.5,0.004166666666666667,19.5,7.300000000000001,0.3999999999999986
2020-05-04,27.5,31.6,25.1,0.30416666666666664,39.166666666666664,6.5,0.5
2020-05-05,28.8,32.0,25.7,0.04583333333333334,52.875,6.300000000000001,1.3000000000000007
2020-05-06,27.2,32.0,23.7,0.0,37.5,8.3,-1.6000000000000014
2020-05-07,28.0,32.7,24.0,0.05416666666666667,27.708333333333332,8.700000000000003,0.8000000000000007
2020-05-08,28.9,33.7,24.1,0.0,19.875,9.600000000000001,0.8999999999999986
2020-05-09,29.3,34.5,25.7,0.5583333333333333,9.958333333333334,8.8,0.40000000000000213
2020-05-10,29.7,34.5,26.0,0.5375,28.125,8.5,0.3999999999999986
2020-05-11,29.0,33.8,25.5,0.0,46.125,8.299999999999997,-0.6999999999999993
2020-05-12,29.6,34.3,26.3,0.0,17.75,7.9999999999999964,0.6000000000000014
2020-05-13,29.7,34.3,26.8,0.0,25.75,7.4999999999999964,0.09999999999999787
2020-05-14,29.9,33.9,27.1,0.0,11.25,6.799999999999997,0.1999999999999993
2020-05-15,30.1,34.1,27.5,0.0,5.916666666666667,6.600000000000001,0.20000000000000284
2020-05-16,30.6,34.9,27.4,0.0,7.166666666666667,7.5,0.5
2020-05-17,30.5,36.1,25.5,0.0,34.666666666666664,10.600000000000001,-0.10000000000000142
2020-05-18,30.3,35.0,26.2,0.0,71.375,8.8,-0.1999999999999993
2020-05-19,28.0,32.4,24.9,0.3625,99.41666666666667,7.5,-2.3000000000000007
2020-05-20,25.2,28.0,23.4,3.9458333333333333,100.0,4.600000000000001,-2.8000000000000007
2020-05-21,26.0,29.3,23.8,0.020833333333333332,98.04166666666667,5.5,0.8000000000000007
2020-05-22,28.7,33.0,24.4,0.0,39.25,8.600000000000001,2.6999999999999993
2020-05-23,29.7,32.9,27.5,0.0,39.791666666666664,5.399999999999999,1.0
2020-05-24,29.8,32.8,28.0,0.0,50.541666666666664,4.799999999999997,0.10000000000000142
2020-05-25,29.8,32.5,28.2,0.0,59.791666666666664,4.300000000000001,0.0
2020-05-26,29.4,31.2,28.2,0.004166666666666667,61.666666666666664,3.0,-0.40000000000000213
2020-05-27,28.8,32.0,25.9,0.3416666666666666,69.75,6.100000000000001,-0.5999999999999979
2020-05-28,28.3,31.9,26.0,0.10833333333333334,63.916666666666664,5.899999999999999,-0.5
2020-05-29,28.0,30.6,25.9,0.3416666666666666,48.166666666666664,4.700000000000003,-0.3000000000000007
2020-05-30,28.8,32.5,26.6,0.2333333333333333,54.0,5.899999999999999,0.8000000000000007
2020-05-31,28.9,32.0,26.0,0.07916666666666666,62.75,6.0,0.09999999999999787
2020-06-01,29.4,32.5,26.9,0.0375,79.25,5.600000000000001,0.5
2020-06-02,29.0,33.2,26.8,0.17916666666666667,70.08333333333333,6.400000000000002,-0.3999999999999986
2020-06-03,29.2,32.5,27.1,0.15416666666666667,58.958333333333336,5.399999999999999,0.1999999999999993
2020-06-04,29.5,33.0,27.9,0.3,89.41666666666667,5.100000000000001,0.3000000000000007
2020-06-05,29.5,31.6,27.5,0.35000000000000003,94.58333333333333,4.100000000000001,0.0
2020-06-06,29.9,33.3,27.3,0.06666666666666667,69.70833333333333,5.9999999999999964,0.3999999999999986
2020-06-07,29.5,33.3,27.6,0.35833333333333334,77.45833333333333,5.699999999999996,-0.3999999999999986
2020-06-08,29.3,33.3,26.4,0.48750000000000004,71.29166666666667,6.899999999999999,-0.1999999999999993
2020-06-09,29.8,33.2,26.8,0.049999999999999996,74.33333333333333,6.400000000000002,0.5
2020-06-10,28.9,31.7,26.2,0.2541666666666667,96.70833333333333,5.5,-0.9000000000000021
2020-06-11,27.9,30.5,26.2,0.575,99.375,4.300000000000001,-1.0
2020-06-12,27.8,30.0,26.5,0.5458333333333334,98.29166666666667,3.5,-0.09999999999999787
2020-06-13,28.4,31.0,26.4,0.43333333333333335,96.375,4.600000000000001,0.5999999999999979
2020-06-14,28.1,31.2,26.0,0.6041666666666666,96.125,5.199999999999999,-0.29999999999999716
2020-06-15,28.0,31.5,26.1,0.9500000000000001,97.08333333333333,5.399999999999999,-0.10000000000000142
2020-06-16,27.7,31.1,25.8,0.8208333333333333,99.41666666666667,5.300000000000001,-0.3000000000000007
2020-06-17,27.7,29.2,26.8,1.0208333333333333,97.95833333333333,2.3999999999999986,0.0
2020-06-18,29.0,32.2,26.8,0.049999999999999996,89.70833333333333,5.400000000000002,1.3000000000000007
2020-06-19,28.9,31.0,26.8,0.9291666666666667,81.125,4.199999999999999,-0.10000000000000142
2020-06-20,28.0,31.2,25.8,0.44166666666666665,78.79166666666667,5.399999999999999,-0.8999999999999986
2020-06-21,27.8,32.0,25.9,0.4583333333333333,81.20833333333333,6.100000000000001,-0.1999999999999993
2020-06-22,28.6,31.2,26.1,0.3958333333333333,56.458333333333336,5.099999999999998,0.8000000000000007
2020-06-23,29.3,32.1,27.0,0.2333333333333333,61.458333333333336,5.100000000000001,0.6999999999999993
2020-06-24,29.9,32.8,27.5,0.008333333333333333,60.25,5.299999999999997,0.5999999999999979
2020-06-25,29.9,33.2,27.9,0.0,87.33333333333333,5.300000000000004,0.0
2020-06-26,30.1,33.2,28.0,0.020833333333333332,97.66666666666667,5.200000000000003,0.20000000000000284
2020-06-27,28.9,30.9,27.5,0.31666666666666665,99.79166666666667,3.3999999999999986,-1.2000000000000028
2020-06-28,28.8,32.2,26.8,0.17500000000000002,97.58333333333333,5.400000000000002,-0.09999999999999787
2020-06-29,27.7,30.6,25.4,0.5625,85.45833333333333,5.200000000000003,-1.1000000000000014
2020-06-30,28.9,31.1,26.0,0.19166666666666665,76.66666666666667,5.100000000000001,1.1999999999999993
2020-07-01,30.0,33.0,27.5,0.02916666666666667,64.0,5.5,1.1000000000000014
2020-07-02,30.4,33.6,27.5,0.008333333333333333,94.20833333333333,6.100000000000001,0.3999999999999986
2020-07-03,29.8,33.5,26.9,0.08333333333333333,91.20833333333333,6.600000000000001,-0.5999999999999979
2020-07-04,28.6,31.7,26.6,0.4375,93.58333333333333,5.099999999999998,-1.1999999999999993
2020-07-05,28.0,31.0,26.4,0.3666666666666667,96.375,4.600000000000001,-0.6000000000000014
2020-07-06,27.9,31.6,26.2,0.6291666666666667,95.33333333333333,5.400000000000002,-0.10000000000000142
2020-07-07,28.9,32.0,26.0,0.14583333333333334,88.625,6.0,1.0
2020-07-08,28.8,31.5,26.0,0.8958333333333334,99.20833333333333,5.5,-0.09999999999999787
2020-07-09,29.5,32.5,27.1,0.3375000000000001,95.16666666666667,5.399999999999999,0.6999999999999993
2020-07-10,30.1,32.5,28.1,0.025000000000000005,98.5,4.399999999999999,0.6000000000000014
2020-07-11,28.6,29.9,27.5,0.6124999999999999,99.83333333333333,2.3999999999999986,-1.5
2020-07-12,29.0,31.3,27.4,0.5666666666666667,97.75,3.900000000000002,0.3999999999999986
2020-07-13,28.4,31.6,25.8,0.36666666666666664,95.83333333333333,5.800000000000001,-0.6000000000000014
2020-07-14,27.8,31.3,26.2,0.32916666666666666,90.375,5.100000000000001,-0.5999999999999979
2020-07-15,28.1,30.7,26.0,0.3875,59.625,4.699999999999999,0.3000000000000007
2020-07-16,29.0,31.9,26.5,0.05416666666666667,61.458333333333336,5.399999999999999,0.8999999999999986
2020-07-17,29.2,32.0,27.0,0.13333333333333333,78.04166666666667,5.0,0.1999999999999993
2020-07-18,29.5,31.2,27.6,0.17916666666666667,84.95833333333333,3.599999999999998,0.3000000000000007
2020-07-19,29.7,32.5,28.1,0.2041666666666667,97.58333333333333,4.399999999999999,0.1999999999999993
2020-07-20,29.5,31.5,27.9,0.09583333333333333,96.45833333333333,3.6000000000000014,-0.1999999999999993
2020-07-21,28.2,31.1,26.5,1.2458333333333333,99.58333333333333,4.600000000000001,-1.3000000000000007
2020-07-22,27.2,29.3,25.5,1.45,99.79166666666667,3.8000000000000007,-1.0
2020-07-23,27.5,30.2,25.3,0.5875,97.91666666666667,4.899999999999999,0.3000000000000007
2020-07-24,27.0,29.8,25.5,0.41250000000000003,76.08333333333333,4.300000000000001,-0.5
2020-07-25,29.1,32.0,25.6,0.07916666666666668,44.458333333333336,6.399999999999999,2.1000000000000014
2020-07-26,30.1,33.5,27.6,0.3,88.41666666666667,5.899999999999999,1.0
2020-07-27,29.4,34.3,26.4,0.375,94.66666666666667,7.899999999999999,-0.7000000000000028
2020-07-28,28.8,31.9,26.7,0.6833333333333332,98.20833333333333,5.199999999999999,-0.5999999999999979
2020-07-29,29.2,32.2,26.7,0.08333333333333333,94.29166666666667,5.5000000000000036,0.3999999999999986
2020-07-30,29.3,33.0,26.6,0.09583333333333333,97.25,6.399999999999999,0.10000000000000142
2020-07-31,29.0,32.7,26.6,0.5791666666666667,78.41666666666667,6.100000000000001,-0.3000000000000007
2020-08-01,29.8,33.0,27.4,0.15833333333333335,78.33333333333333,5.600000000000001,0.8000000000000007
2020-08-02,29.8,33.0,27.5,0.3666666666666667,88.25,5.5,0.0
2020-08-03,29.8,32.6,27.2,0.6291666666666667,90.54166666666667,5.400000000000002,0.0
2020-08-04,28.1,31.4,26.6,1.6041666666666667,97.875,4.799999999999997,-1.6999999999999993
2020-08-05,27.6,30.4,26.1,1.0,95.91666666666667,4.299999999999997,-0.5
2020-08-06,27.8,30.8,26.3,0.40416666666666673,99.375,4.5,0.1999999999999993
2020-08-07,28.9,32.1,26.6,0.09999999999999999,96.04166666666667,5.5,1.0999999999999979
2020-08-08,29.0,32.0,26.5,0.1625,98.79166666666667,5.5,0.10000000000000142
2020-08-09,28.8,31.2,26.6,0.1875,98.91666666666667,4.599999999999998,-0.1999999999999993
2020-08-10,28.9,32.7,26.9,0.16666666666666666,94.625,5.800000000000004,0.09999999999999787
2020-08-11,29.6,32.5,27.4,0.09583333333333333,93.70833333333333,5.100000000000001,0.7000000000000028
2020-08-12,29.4,32.8,27.1,0.19166666666666665,82.625,5.699999999999996,-0.20000000000000284
2020-08-13,29.4,32.6,26.9,0.09166666666666667,66.41666666666667,5.700000000000003,0.0
2020-08-14,28.8,32.2,26.7,0.35833333333333334,92.375,5.5000000000000036,-0.5999999999999979
2020-08-15,28.2,31.8,26.4,0.19583333333333333,93.04166666666667,5.400000000000002,-0.6000000000000014
2020-08-16,28.7,31.1,26.6,0.16666666666666666,87.33333333333333,4.5,0.5
2020-08-17,28.1,30.5,26.1,0.09999999999999999,86.83333333333333,4.399999999999999,-0.5999999999999979
2020-08-18,27.7,30.8,25.6,0.8624999999999999,85.0,5.199999999999999,-0.40000000000000213
2020-08-19,27.0,29.1,25.7,2.6416666666666666,88.375,3.400000000000002,-0.6999999999999993
2020-08-20,26.7,28.5,25.6,2.2041666666666666,98.58333333333333,2.8999999999999986,-0.3000000000000007
2020-08-21,26.9,28.9,25.4,0.5041666666666667,97.75,3.5,0.1999999999999993
2020-08-22,27.3,30.2,25.4,0.33749999999999997,96.33333333333333,4.800000000000001,0.40000000000000213
2020-08-23,27.3,30.6,25.8,0.7250000000000001,92.79166666666667,4.800000000000001,0.0
2020-08-24,28.0,31.3,25.8,0.9791666666666666,89.625,5.5,0.6999999999999993
2020-08-25,28.3,31.6,26.0,1.5833333333333333,93.41666666666667,5.600000000000001,0.3000000000000007
2020-08-26,27.2,29.4,25.9,0.39166666666666666,94.58333333333333,3.5,-1.1000000000000014
2020-08-27,26.9,28.5,25.9,0.5333333333333333,92.625,2.6000000000000014,-0.3000000000000007
2020-08-28,28.6,32.0,25.5,0.0375,68.125,6.5,1.7000000000000028
2020-08-29,29.4,32.7,26.5,0.03333333333333333,56.708333333333336,6.200000000000003,0.7999999999999972
2020-08-30,29.7,33.2,27.2,0.09166666666666666,87.125,6.0000000000000036,0.3000000000000007
2020-08-31,30.3,33.6,27.8,0.26666666666666666,98.04166666666667,5.800000000000001,0.6000000000000014
2020-09-01,27.2,29.6,25.5,0.425,94.20833333333333,4.100000000000001,-3.1000000000000014
2020-09-02,27.5,30.6,25.5,0.39166666666666666,55.291666666666664,5.100000000000001,0.3000000000000007
2020-09-03,27.8,31.1,25.2,0.13333333333333333,61.208333333333336,5.900000000000002,0.3000000000000007
2020-09-04,29.1,32.2,25.6,0.04583333333333334,34.708333333333336,6.600000000000001,1.3000000000000007
2020-09-05,29.5,32.2,27.0,0.024999999999999998,62.208333333333336,5.200000000000003,0.3999999999999986
2020-09-06,29.3,31.8,27.6,0.19999999999999998,74.83333333333333,4.199999999999999,-0.1999999999999993
2020-09-07,29.5,32.1,27.4,0.09583333333333333,94.70833333333333,4.700000000000003,0.1999999999999993
2020-09-08,29.0,32.6,26.5,0.4875,93.54166666666667,6.100000000000001,-0.5
2020-09-09,28.2,30.8,25.4,1.0541666666666667,95.95833333333333,5.400000000000002,-0.8000000000000007
2020-09-10,27.9,31.6,25.4,0.6083333333333333,95.33333333333333,6.200000000000003,-0.3000000000000007
2020-09-11,28.3,30.8,26.4,0.42083333333333334,95.625,4.400000000000002,0.40000000000000213
2020-09-12,28.7,31.7,26.4,0.23750000000000002,98.5,5.300000000000001,0.3999999999999986
2020-09-13,29.1,32.0,26.6,0.13333333333333333,95.54166666666667,5.399999999999999,0.40000000000000213
2020-09-14,28.4,31.4,26.4,0.13333333333333333,94.20833333333333,5.0,-0.7000000000000028
2020-09-15,28.2,30.8,26.4,0.4583333333333333,95.79166666666667,4.400000000000002,-0.1999999999999993
2020-09-16,28.8,32.2,26.6,0.23750000000000002,85.75,5.600000000000001,0.6000000000000014
2020-09-17,29.5,32.7,26.9,0.05833333333333333,83.70833333333333,5.800000000000004,0.6999999999999993
2020-09-18,29.2,32.8,26.5,0.17500000000000002,71.08333333333333,6.299999999999997,-0.3000000000000007
2020-09-19,30.0,33.3,26.8,0.03333333333333333,81.58333333333333,6.4999999999999964,0.8000000000000007
2020-09-20,28.3,30.5,26.4,0.9,99.41666666666667,4.100000000000001,-1.6999999999999993
2020-09-21,27.4,29.9,25.9,0.5333333333333333,98.75,4.0,-0.9000000000000021
2020-09-22,27.9,31.2,25.4,0.7583333333333333,99.08333333333333,5.800000000000001,0.5
2020-09-23,27.4,30.2,25.8,1.0,99.5,4.399999999999999,-0.5
2020-09-24,28.5,30.9,26.7,0.22083333333333333,98.16666666666667,4.199999999999999,1.1000000000000014
2020-09-25,28.4,30.5,26.7,0.46249999999999997,92.33333333333333,3.8000000000000007,-0.10000000000000142
2020-09-26,27.8,30.8,26.0,0.3958333333333333,97.16666666666667,4.800000000000001,-0.5999999999999979
2020-09-27,28.5,31.9,25.7,0.13333333333333333,64.08333333333333,6.199999999999999,0.6999999999999993
2020-09-28,28.6,32.0,26.1,0.0625,62.083333333333336,5.899999999999999,0.10000000000000142
2020-09-29,28.3,31.6,26.0,0.7374999999999999,94.125,5.600000000000001,-0.3000000000000007
2020-09-30,28.3,31.1,26.2,1.1624999999999999,98.04166666666667,4.900000000000002,0.0
2020-10-01,27.5,30.6,25.4,0.7166666666666667,98.29166666666667,5.200000000000003,-0.8000000000000007
2020-10-02,27.5,30.8,25.8,0.3875,89.625,5.0,0.0
2020-10-03,27.6,30.9,25.3,0.32916666666666666,86.16666666666667,5.599999999999998,0.10000000000000142
2020-10-04,27.8,31.0,25.6,0.5833333333333334,94.20833333333333,5.399999999999999,0.1999999999999993
2020-10-05,27.4,29.9,25.6,0.325,90.375,4.299999999999997,-0.40000000000000213
2020-10-06,27.4,31.1,25.3,0.5125,91.04166666666667,5.800000000000001,0.0
2020-10-07,27.2,29.8,25.2,0.39166666666666666,89.83333333333333,4.600000000000001,-0.1999999999999993
2020-10-08,28.1,31.6,25.6,0.09999999999999999,71.29166666666667,6.0,0.9000000000000021
2020-10-09,29.3,32.4,26.4,0.025000000000000005,61.166666666666664,6.0,1.1999999999999993
2020-10-10,28.9,32.7,26.2,0.2125,35.541666666666664,6.5000000000000036,-0.40000000000000213
2020-10-11,29.0,33.1,26.4,0.0625,35.416666666666664,6.700000000000003,0.10000000000000142
2020-10-12,29.2,32.7,26.4,0.05833333333333333,32.333333333333336,6.300000000000004,0.1999999999999993
2020-10-13,29.1,32.7,26.2,0.016666666666666666,51.375,6.5000000000000036,-0.09999999999999787
2020-10-14,28.9,32.7,26.3,0.02916666666666667,33.916666666666664,6.400000000000002,-0.20000000000000284
2020-10-15,28.3,32.0,25.5,0.05416666666666667,30.875,6.5,-0.5999999999999979
2020-10-16,29.1,32.5,26.0,0.03333333333333333,22.75,6.5,0.8000000000000007
2020-10-17,29.0,32.8,26.0,0.05833333333333333,60.75,6.799999999999997,-0.10000000000000142
2020-10-18,28.7,32.5,26.1,0.0375,73.875,6.399999999999999,-0.3000000000000007
2020-10-19,28.4,31.8,26.0,0.14166666666666666,34.0,5.800000000000001,-0.3000000000000007
2020-10-20,28.8,32.7,26.1,0.012500000000000002,42.5,6.600000000000001,0.40000000000000213
2020-10-21,27.2,30.9,25.2,0.6208333333333333,90.04166666666667,5.699999999999999,-1.6000000000000014
2020-10-22,25.2,28.0,23.5,1.3041666666666667,99.91666666666667,4.5,-2.0
2020-10-23,25.4,28.8,22.9,0.0375,98.91666666666667,5.900000000000002,0.1999999999999993
2020-10-24,26.4,30.1,23.2,0.029166666666666664,50.75,6.900000000000002,1.0
2020-10-25,27.4,31.4,23.6,0.0,38.208333333333336,7.799999999999997,1.0
2020-10-26,26.8,31.3,20.6,0.0,1.2916666666666667,10.7,-0.5999999999999979
2020-10-27,25.8,30.5,20.8,0.0,0.0,9.7,-1.0
2020-10-28,25.8,30.1,21.2,0.0,16.625,8.900000000000002,0.0
2020-10-29,26.9,31.0,22.6,0.0,32.666666666666664,8.399999999999999,1.0999999999999979
2020-10-30,27.3,31.6,23.9,0.0,77.25,7.700000000000003,0.40000000000000213
2020-10-31,26.8,31.0,23.9,0.029166666666666664,84.91666666666667,7.100000000000001,-0.5
2020-11-01,26.5,29.4,23.8,0.09999999999999999,73.33333333333333,5.599999999999998,-0.3000000000000007
2020-11-02,26.7,30.6,23.8,0.0,41.625,6.800000000000001,0.1999999999999993
2020-11-03,26.7,31.0,21.2,0.008333333333333333,34.916666666666664,9.8,0.0
2020-11-04,25.1,29.8,19.8,0.0,0.16666666666666666,10.0,-1.5999999999999979
2020-11-05,24.4,30.1,19.0,0.0,0.0,11.100000000000001,-0.7000000000000028
2020-11-06,23.9,29.6,17.8,0.0,0.0,11.8,-0.5
2020-11-07,22.5,29.0,17.5,0.0,0.0,11.5,-1.3999999999999986
2020-11-08,22.9,28.9,18.0,0.0,0.3333333333333333,10.899999999999999,0.3999999999999986
2020-11-09,23.8,29.5,18.5,0.0,0.75,11.0,0.9000000000000021
2020-11-10,25.3,30.2,19.5,0.0,14.791666666666666,10.7,1.5
2020-11-11,25.6,31.4,20.9,0.0,21.041666666666668,10.5,0.3000000000000007
2020-11-12,24.9,31.0,20.7,0.0,18.583333333333332,10.3,-0.7000000000000028
2020-11-13,25.0,31.0,21.0,0.0,9.083333333333334,10.0,0.10000000000000142
2020-11-14,24.8,31.5,19.8,0.0,0.3333333333333333,11.7,-0.1999999999999993
2020-11-15,24.8,31.1,18.8,0.0,3.1666666666666665,12.3,0.0
2020-11-16,24.6,31.1,19.0,0.0,0.375,12.100000000000001,-0.1999999999999993
2020-11-17,24.9,31.0,19.0,0.0,1.4166666666666667,12.0,0.29999999999999716
2020-11-18,25.5,30.5,20.0,0.008333333333333333,12.458333333333334,10.5,0.6000000000000014
2020-11-19,25.8,30.1,22.4,0.06666666666666667,22.041666666666668,7.700000000000003,0.3000000000000007
2020-11-20,26.1,30.9,23.0,0.0625,28.166666666666668,7.899999999999999,0.3000000000000007
2020-11-21,23.8,27.6,19.6,0.004166666666666667,40.125,8.0,-2.3000000000000007
2020-11-22,22.5,27.5,15.6,0.0,0.9166666666666666,11.9,-1.3000000000000007
2020-11-23,20.4,26.6,15.2,0.0,11.291666666666666,11.400000000000002,-2.1000000000000014
2020-11-24,20.6,27.1,14.3,0.0,95.5,12.8,0.20000000000000284
2020-11-25,21.3,27.8,15.6,0.0,96.25,12.200000000000001,0.6999999999999993
2020-11-26,22.8,28.5,17.1,0.0,92.0,11.399999999999999,1.5
2020-11-27,22.2,26.4,19.0,0.0,80.16666666666667,7.399999999999999,-0.6000000000000014
2020-11-28,22.0,28.4,17.1,0.0,10.041666666666666,11.299999999999997,-0.1999999999999993
2020-11-29,21.4,28.1,15.9,0.0,0.0,12.200000000000001,-0.6000000000000014
2020-11-30,21.5,28.2,15.1,0.0,0.0,13.1,0.10000000000000142
2020-12-01,21.7,28.0,15.4,0.0,0.0,12.6,0.1999999999999993
2020-12-02,22.4,28.5,15.4,0.0,0.0,13.1,0.6999999999999993
2020-12-03,22.6,28.2,15.9,0.0,0.0,12.299999999999999,0.20000000000000284
2020-12-04,22.0,28.1,15.9,0.0,4.75,12.200000000000001,-0.6000000000000014
2020-12-05,22.1,28.4,16.9,0.0,14.333333333333334,11.5,0.10000000000000142
2020-12-06,22.2,28.6,17.5,0.0,11.916666666666666,11.100000000000001,0.09999999999999787
2020-12-07,22.5,29.1,16.8,0.0,0.0,12.3,0.3000000000000007
2020-12-08,21.9,28.4,17.2,0.0,23.791666666666668,11.2,-0.6000000000000014
2020-12-09,21.9,27.1,16.8,0.0,10.166666666666666,10.3,0.0
2020-12-10,21.2,27.0,16.2,0.0,13.458333333333334,10.8,-0.6999999999999993
2020-12-11,20.4,26.5,16.3,0.0,0.75,10.2,-0.8000000000000007
2020-12-12,20.7,26.0,15.7,0.0,2.5416666666666665,10.3,0.3000000000000007
2020-12-13,21.4,26.9,16.7,0.0,11.541666666666666,10.2,0.6999999999999993
2020-12-14,21.6,26.8,17.5,0.0,3.625,9.3,0.20000000000000284
2020-12-15,21.8,27.0,18.0,0.0,7.541666666666667,9.0,0.1999999999999993
2020-12-16,21.9,27.2,18.0,0.0,0.2916666666666667,9.2,0.09999999999999787
2020-12-17,21.1,26.2,17.3,0.0,26.541666666666668,8.899999999999999,-0.7999999999999972
2020-12-18,18.5,24.4,13.1,0.0,36.25,11.299999999999999,-2.6000000000000014
2020-12-19,16.4,22.8,11.9,0.0,0.9583333333333334,10.9,-2.1000000000000014
2020-12-20,16.1,22.7,10.8,0.0,0.0,11.899999999999999,-0.29999999999999716
2020-12-21,16.8,23.4,10.9,0.0,0.0,12.499999999999998,0.6999999999999993
2020-12-22,17.9,24.3,12.2,0.0,0.0,12.100000000000001,1.0999999999999979
2020-12-23,17.9,24.9,11.6,0.0,0.9583333333333334,13.299999999999999,0.0
2020-12-24,18.6,25.5,13.2,0.0,0.7916666666666666,12.3,0.7000000000000028
2020-12-25,18.2,25.5,13.0,0.0,0.0,12.5,-0.40000000000000213
2020-12-26,18.0,24.6,11.6,0.0,0.0,13.000000000000002,-0.1999999999999993
2020-12-27,17.3,24.2,11.1,0.0,0.0,13.1,-0.6999999999999993
2020-12-28,18.3,24.8,10.6,0.0,0.0,14.200000000000001,1.0
2020-12-29,18.3,25.5,12.1,0.0,0.041666666666666664,13.4,0.0
2020-12-30,18.1,25.9,12.1,0.0,2.5,13.799999999999999,-0.1999999999999993
2020-12-31,18.2,25.7,12.2,0.0,18.166666666666668,13.5,0.09999999999999787
2021-01-01,17.8,25.2,11.9,0.0,3.25,13.299999999999999,-0.3999999999999986
2021-01-02,18.0,25.1,11.9,0.0,5.666666666666667,13.200000000000001,0.1999999999999993
2021-01-03,18.2,26.1,11.7,0.0,3.2083333333333335,14.400000000000002,0.1999999999999993
2021-01-04,19.8,27.5,13.2,0.0,0.0,14.3,1.6000000000000014
2021-01-05,21.7,28.4,14.2,0.0,8.041666666666666,14.2,1.8999999999999986
2021-01-06,22.3,29.0,14.9,0.0,6.0,14.1,0.6000000000000014
2021-01-07,23.5,30.4,17.6,0.0,3.5833333333333335,12.799999999999997,1.1999999999999993
2021-01-08,22.8,29.8,17.1,0.0,10.041666666666666,12.7,-0.6999999999999993
2021-01-09,23.2,29.0,17.0,0.0,2.625,12.0,0.3999999999999986
2021-01-10,23.7,30.0,18.0,0.0,9.958333333333334,12.0,0.5
2021-01-11,23.2,29.5,18.5,0.0,34.375,11.0,-0.5
2021-01-12,21.9,27.5,18.0,0.0,36.75,9.5,-1.3000000000000007
2021-01-13,20.2,24.2,17.2,0.0,51.25,7.0,-1.6999999999999993
2021-01-14,19.6,24.9,14.5,0.0,21.541666666666668,10.399999999999999,-0.5999999999999979
2021-01-15,18.9,25.2,13.9,0.0,4.291666666666667,11.299999999999999,-0.7000000000000028
2021-01-16,18.7,24.5,13.8,0.0,10.666666666666666,10.7,-0.1999999999999993
2021-01-17,18.2,24.6,12.8,0.0,1.875,11.8,-0.5
2021-01-18,18.6,24.6,12.8,0.0,0.375,11.8,0.40000000000000213
2021-01-19,21.2,27.5,13.8,0.0,12.75,13.7,2.599999999999998
2021-01-20,22.5,28.4,17.0,0.004166666666666667,24.958333333333332,11.399999999999999,1.3000000000000007
2021-01-21,19.9,26.6,13.1,0.0,0.0,13.500000000000002,-2.6000000000000014
2021-01-22,19.1,26.0,13.1,0.0,0.0,12.9,-0.7999999999999972
2021-01-23,19.5,25.5,12.6,0.0,0.0,12.9,0.3999999999999986
2021-01-24,20.9,27.0,14.3,0.0,12.541666666666666,12.7,1.3999999999999986
2021-01-25,21.0,25.5,17.0,0.0,48.208333333333336,8.5,0.10000000000000142
2021-01-26,19.9,26.2,14.9,0.0,32.625,11.299999999999999,-1.1000000000000014
2021-01-27,18.3,24.5,13.2,0.0,15.458333333333334,11.3,-1.5999999999999979
2021-01-28,16.7,24.6,10.8,0.0,5.958333333333333,13.8,-1.6000000000000014
2021-01-29,18.6,25.6,11.2,0.0,9.916666666666666,14.400000000000002,1.9000000000000021
2021-01-30,17.4,23.0,12.4,0.0,19.375,10.6,-1.2000000000000028
2021-01-31,16.4,23.4,10.6,0.0,4.416666666666667,12.799999999999999,-1.0
2021-02-01,16.1,23.0,10.4,0.0,0.0,12.6,-0.29999999999999716
2021-02-02,17.0,24.7,10.6,0.0,0.0,14.1,0.8999999999999986
2021-02-03,17.9,25.5,10.4,0.0,0.0,15.1,0.8999999999999986
2021-02-04,19.3,26.6,11.9,0.0,0.0,14.700000000000001,1.4000000000000021
2021-02-05,20.3,27.2,12.6,0.0,0.0,14.6,1.0
2021-02-06,21.1,27.9,13.5,0.0,14.916666666666666,14.399999999999999,0.8000000000000007
2021-02-07,19.4,26.3,13.2,0.0,9.458333333333334,13.100000000000001,-1.7000000000000028
2021-02-08,19.1,26.9,12.2,0.0,0.0,14.7,-0.29999999999999716
2021-02-09,20.0,27.5,12.8,0.0,0.0,14.7,0.8999999999999986
2021-02-10,20.6,28.0,14.6,0.0,0.0,13.4,0.6000000000000014
2021-02-11,21.3,29.1,15.2,0.0,37.708333333333336,13.900000000000002,0.6999999999999993
2021-02-12,21.9,29.8,16.5,0.0,57.583333333333336,13.3,0.5999999999999979
2021-02-13,22.5,29.3,17.5,0.0,33.791666666666664,11.8,0.6000000000000014
2021-02-14,23.3,30.1,18.8,0.0,24.083333333333332,11.3,0.8000000000000007
2021-02-15,22.5,30.0,16.3,0.0,18.5,13.7,-0.8000000000000007
2021-02-16,23.6,30.9,17.6,0.0,7.458333333333333,13.299999999999997,1.1000000000000014
2021-02-17,23.3,30.4,18.1,0.0,9.208333333333334,12.299999999999997,-0.3000000000000007
2021-02-18,23.5,29.6,17.2,0.0,24.333333333333332,12.400000000000002,0.1999999999999993
2021-02-19,23.7,29.9,18.5,0.0,87.16666666666667,11.399999999999999,0.1999999999999993
2021-02-20,22.8,27.5,17.5,0.0,71.58333333333333,10.0,-0.8999999999999986
2021-02-21,23.6,30.0,17.2,0.0,0.2916666666666667,12.8,0.8000000000000007
2021-02-22,23.2,30.5,16.8,0.0,0.25,13.7,-0.40000000000000213
2021-02-23,23.9,31.1,16.9,0.0,6.166666666666667,14.200000000000003,0.6999999999999993
2021-02-24,24.8,31.5,18.4,0.0,9.625,13.100000000000001,0.9000000000000021
2021-02-25,25.4,32.9,18.8,0.0,0.0,14.099999999999998,0.5999999999999979
2021-02-26,26.1,34.5,18.8,0.0,0.0,15.7,0.7000000000000028
2021-02-27,26.6,34.2,21.0,0.0,0.4583333333333333,13.200000000000003,0.5
2021-02-28,27.5,35.2,21.3,0.0,16.208333333333332,13.900000000000002,0.8999999999999986
2021-03-01,27.3,35.0,22.1,0.0,18.375,12.899999999999999,-0.1999999999999993
2021-03-02,26.5,32.8,21.6,0.0,26.5,11.199999999999996,-0.8000000000000007
2021-03-03,25.4,32.2,17.8,0.0,0.0,14.400000000000002,-1.1000000000000014
2021-03-04,25.8,32.9,19.2,0.0,0.375,13.7,0.40000000000000213
2021-03-05,27.4,34.8,21.2,0.0,5.25,13.599999999999998,1.5999999999999979
2021-03-06,27.3,35.0,19.5,0.0,0.0,15.5,-0.09999999999999787
2021-03-07,26.9,34.1,20.2,0.0,11.416666666666666,13.900000000000002,-0.40000000000000213
2021-03-08,27.4,34.5,23.0,0.0,17.208333333333332,11.5,0.5
2021-03-09,28.3,36.2,23.9,0.0,12.375,12.300000000000004,0.9000000000000021
2021-03-10,27.9,34.8,23.6,0.008333333333333333,19.958333333333332,11.199999999999996,-0.40000000000000213
2021-03-11,27.6,32.8,23.7,0.0,36.333333333333336,9.099999999999998,-0.29999999999999716
2021-03-12,27.9,33.3,23.7,0.0,29.458333333333332,9.599999999999998,0.29999999999999716
2021-03-13,25.2,32.5,19.4,0.15,16.541666666666668,13.100000000000001,-2.6999999999999993
2021-03-14,25.6,32.0,19.1,0.0,2.0416666666666665,12.899999999999999,0.40000000000000213
2021-03-15,27.1,33.2,21.4,0.0,16.833333333333332,11.800000000000004,1.5
2021-03-16,27.3,34.8,20.6,0.0,1.2083333333333333,14.199999999999996,0.1999999999999993
2021-03-17,27.5,35.5,20.5,0.0,15.291666666666666,15.0,0.1999999999999993
2021-03-18,27.8,35.5,21.2,0.0,72.79166666666667,14.3,0.3000000000000007
2021-03-19,28.2,35.8,21.8,0.0,89.0,13.999999999999996,0.3999999999999986
2021-03-20,29.3,36.0,22.0,0.0,59.333333333333336,14.0,1.1000000000000014
2021-03-21,29.2,36.2,23.6,0.0,6.75,12.600000000000001,-0.10000000000000142
2021-03-22,29.4,36.2,23.9,0.0,10.666666666666666,12.300000000000004,0.1999999999999993
2021-03-23,30.3,36.5,24.6,0.0,13.041666666666666,11.899999999999999,0.9000000000000021
2021-03-24,29.6,36.2,23.5,0.0,16.75,12.700000000000003,-0.6999999999999993
2021-03-25,29.7,36.8,23.2,0.0,12.833333333333334,13.599999999999998,0.09999999999999787
2021-03-26,29.1,35.7,22.9,0.0,33.458333333333336,12.800000000000004,-0.5999999999999979
2021-03-27,29.6,36.2,23.8,0.0,11.166666666666666,12.400000000000002,0.5
2021-03-28,29.3,36.5,23.6,0.0,9.125,12.899999999999999,-0.3000000000000007
2021-03-29,30.0,37.0,25.1,0.016666666666666666,14.0,11.899999999999999,0.6999999999999993
2021-03-30,31.4,39.3,26.0,0.0,16.208333333333332,13.299999999999997,1.3999999999999986
2021-03-31,31.5,40.8,23.0,0.0,19.166666666666668,17.799999999999997,0.10000000000000142
2021-04-01,30.7,38.2,25.0,0.0,15.291666666666666,13.200000000000003,-0.8000000000000007
2021-04-02,29.8,36.2,25.1,0.004166666666666667,23.166666666666668,11.100000000000001,-0.8999999999999986
2021-04-03,29.8,36.3,25.1,0.0,26.458333333333332,11.199999999999996,0.0
2021-04-04,28.3,34.7,23.0,0.041666666666666664,20.625,11.700000000000003,-1.5
2021-04-05,28.9,36.0,22.6,0.0,3.5833333333333335,13.399999999999999,0.5999999999999979
2021-04-06,29.0,35.3,24.2,0.0,10.083333333333334,11.099999999999998,0.10000000000000142
2021-04-07,29.3,34.3,25.6,0.0,28.541666666666668,8.699999999999996,0.3000000000000007
2021-04-08,29.5,34.1,26.5,0.016666666666666666,44.833333333333336,7.600000000000001,0.1999999999999993
2021-04-09,28.3,31.0,25.8,0.22083333333333333,46.666666666666664,5.199999999999999,-1.1999999999999993
2021-04-10,29.2,34.0,25.5,0.12916666666666668,36.0,8.5,0.8999999999999986
2021-04-11,30.5,37.4,25.6,0.0,35.958333333333336,11.799999999999997,1.3000000000000007
2021-04-12,29.7,34.3,25.8,0.05000000000000001,26.041666666666668,8.499999999999996,-0.8000000000000007
2021-04-13,30.4,36.9,25.9,0.008333333333333333,14.958333333333334,11.0,0.6999999999999993
2021-04-14,31.1,38.8,26.5,0.0,71.0,12.299999999999997,0.7000000000000028
2021-04-15,30.3,35.8,26.0,0.0,78.875,9.799999999999997,-0.8000000000000007
2021-04-16,29.7,36.0,24.9,0.0,36.083333333333336,11.100000000000001,-0.6000000000000014
2021-04-17,29.7,35.0,26.0,0.0,11.916666666666666,9.0,0.0
2021-04-18,29.3,35.0,25.7,0.041666666666666664,21.416666666666668,9.3,-0.3999999999999986
2021-04-19,30.6,37.1,25.9,0.0,12.458333333333334,11.200000000000003,1.3000000000000007
2021-04-20,30.5,37.2,27.0,0.09166666666666667,25.583333333333332,10.200000000000003,-0.10000000000000142
2021-04-21,30.8,36.6,26.9,0.13749999999999998,44.291666666666664,9.700000000000003,0.3000000000000007
2021-04-22,28.6,33.3,24.5,0.525,53.875,8.799999999999997,-2.1999999999999993
2021-04-23,29.8,35.7,24.9,0.0,69.375,10.800000000000004,1.1999999999999993
2021-04-24,30.8,37.5,25.1,0.0,30.291666666666668,12.399999999999999,1.0
2021-04-25,32.0,38.8,26.5,0.0,40.166666666666664,12.299999999999997,1.1999999999999993
2021-04-26,31.6,38.3,27.1,0.0,59.166666666666664,11.199999999999996,-0.3999999999999986
2021-04-27,31.5,38.5,26.9,0.0,10.583333333333334,11.600000000000001,-0.10000000000000142
2021-04-28,31.0,37.8,25.9,0.049999999999999996,19.458333333333332,11.899999999999999,-0.5
2021-04-29,30.7,36.9,26.1,0.0,12.5,10.799999999999997,-0.3000000000000007
2021-04-30,30.6,35.5,26.5,0.016666666666666666,27.083333333333332,9.0,-0.09999999999999787
2021-05-01,29.3,35.0,25.4,0.19166666666666668,25.791666666666668,9.600000000000001,-1.3000000000000007
2021-05-02,30.0,34.9,26.5,0.05833333333333334,67.45833333333333,8.399999999999999,0.6999999999999993
2021-05-03,29.2,35.0,25.8,0.05000000000000001,50.625,9.2,-0.8000000000000007
2021-05-04,26.3,30.2,23.1,0.1875,77.20833333333333,7.099999999999998,-2.8999999999999986
2021-05-05,26.8,29.8,24.5,0.35833333333333334,79.70833333333333,5.300000000000001,0.5
2021-05-06,28.9,33.0,24.5,0.020833333333333332,56.791666666666664,8.5,2.099999999999998
2021-05-07,29.3,33.1,26.7,0.09166666666666667,42.75,6.400000000000002,0.40000000000000213
2021-05-08,29.0,33.2,25.5,0.0,19.791666666666668,7.700000000000003,-0.3000000000000007
2021-05-09,29.7,34.5,26.2,0.0,40.541666666666664,8.3,0.6999999999999993
2021-05-10,28.6,33.7,25.9,0.5125000000000001,33.375,7.800000000000004,-1.0999999999999979
2021-05-11,27.0,31.2,24.2,0.9208333333333333,48.0,7.0,-1.6000000000000014
2021-05-12,28.4,32.8,23.7,0.008333333333333333,29.125,9.099999999999998,1.3999999999999986
2021-05-13,27.8,31.1,24.6,0.19999999999999998,58.833333333333336,6.5,-0.5999999999999979
2021-05-14,29.6,33.8,25.8,0.016666666666666666,18.291666666666668,7.9999999999999964,1.8000000000000007
2021-05-15,30.9,35.8,27.5,0.0,17.916666666666668,8.299999999999997,1.2999999999999972
2021-05-16,31.1,35.5,28.1,0.0,11.041666666666666,7.399999999999999,0.20000000000000284
2021-05-17,31.9,37.7,28.1,0.0,15.208333333333334,9.600000000000001,0.7999999999999972
2021-05-18,32.0,38.2,28.2,0.0,61.875,10.000000000000004,0.10000000000000142
2021-05-19,31.8,36.5,28.1,0.025000000000000005,91.25,8.399999999999999,-0.1999999999999993
2021-05-20,31.7,36.2,28.7,0.0,44.5,7.5000000000000036,-0.10000000000000142
2021-05-21,31.7,36.3,27.8,0.008333333333333333,39.375,8.499999999999996,0.0
2021-05-22,31.5,36.5,28.0,0.05000000000000001,25.166666666666668,8.5,-0.1999999999999993
2021-05-23,32.0,35.8,28.0,0.05833333333333333,59.291666666666664,7.799999999999997,0.5
2021-05-24,29.5,32.7,27.3,0.3333333333333333,96.0,5.400000000000002,-2.5
2021-05-25,27.8,30.8,25.5,0.5041666666666667,97.75,5.300000000000001,-1.6999999999999993
2021-05-26,27.3,30.1,25.4,0.7333333333333334,98.83333333333333,4.700000000000003,-0.5
2021-05-27,28.7,32.5,27.1,0.6458333333333334,91.125,5.399999999999999,1.3999999999999986
2021-05-28,30.0,33.7,27.1,0.016666666666666666,58.875,6.600000000000001,1.3000000000000007
2021-05-29,29.6,33.0,27.1,0.03333333333333333,36.875,5.899999999999999,-0.3999999999999986
2021-05-30,29.9,32.2,27.7,0.13333333333333333,76.45833333333333,4.5000000000000036,0.29999999999999716
2021-05-31,30.0,32.7,28.6,0.6124999999999999,92.66666666666667,4.100000000000001,0.10000000000000142
2021-06-01,31.0,35.2,28.5,0.04583333333333334,65.91666666666667,6.700000000000003,1.0
2021-06-02,29.7,33.7,27.3,0.3,56.333333333333336,6.400000000000002,-1.3000000000000007
2021-06-03,30.1,32.7,27.8,0.1625,53.041666666666664,4.900000000000002,0.40000000000000213
2021-06-04,31.0,34.8,28.1,0.008333333333333333,53.666666666666664,6.699999999999996,0.8999999999999986
2021-06-05,31.5,36.2,28.6,0.125,52.25,7.600000000000001,0.5
2021-06-06,31.0,35.7,29.0,0.2333333333333333,85.5,6.700000000000003,-0.5
2021-06-07,31.4,36.2,29.1,0.3083333333333333,92.875,7.100000000000001,0.3999999999999986
2021-06-08,30.6,34.9,28.6,0.19583333333333333,62.375,6.299999999999997,-0.7999999999999972
2021-06-09,28.8,32.5,26.5,0.5083333333333334,84.70833333333333,6.0,-1.8000000000000007
2021-06-10,28.2,31.0,26.1,0.30416666666666664,91.70833333333333,4.899999999999999,-0.6000000000000014
2021-06-11,28.1,30.8,25.6,0.2875,87.66666666666667,5.199999999999999,-0.09999999999999787
2021-06-12,28.0,31.8,26.0,0.7625000000000001,83.25,5.800000000000001,-0.10000000000000142
2021-06-13,27.9,31.0,25.9,0.5458333333333333,87.91666666666667,5.100000000000001,-0.10000000000000142
2021-06-14,28.0,30.4,25.5,0.9,81.875,4.899999999999999,0.10000000000000142
2021-06-15,27.6,29.5,26.1,0.7208333333333333,98.875,3.3999999999999986,-0.3999999999999986
2021-06-16,26.6,28.4,25.5,1.2333333333333334,97.54166666666667,2.8999999999999986,-1.0
2021-06-17,26.1,27.4,24.1,1.0833333333333333,97.83333333333333,3.299999999999997,-0.5
2021-06-18,26.1,27.6,24.2,0.8583333333333334,99.33333333333333,3.400000000000002,0.0
2021-06-19,26.9,28.8,25.5,0.625,98.375,3.3000000000000007,0.7999999999999972
2021-06-20,27.1,29.0,25.2,0.8375,98.375,3.8000000000000007,0.20000000000000284
2021-06-21,27.6,29.8,25.6,0.2333333333333333,81.25,4.199999999999999,0.5
2021-06-22,27.8,31.0,25.4,0.2625,69.83333333333333,5.600000000000001,0.1999999999999993
2021-06-23,27.4,30.6,25.5,0.3833333333333333,80.33333333333333,5.100000000000001,-0.40000000000000213
2021-06-24,28.7,31.5,26.1,0.125,37.833333333333336,5.399999999999999,1.3000000000000007
2021-06-25,28.7,32.0,26.4,0.19166666666666668,41.291666666666664,5.600000000000001,0.0
2021-06-26,28.6,32.0,26.3,0.21666666666666667,48.583333333333336,5.699999999999999,-0.09999999999999787
2021-06-27,28.9,31.5,26.9,0.21666666666666667,71.125,4.600000000000001,0.29999999999999716
2021-06-28,29.3,32.0,27.4,0.0375,97.125,4.600000000000001,0.40000000000000213
2021-06-29,29.9,32.5,27.8,0.12083333333333333,98.0,4.699999999999999,0.5999999999999979
2021-06-30,30.0,33.3,28.4,0.45416666666666666,98.45833333333333,4.899999999999999,0.10000000000000142
2021-07-01,29.7,33.3,27.9,0.5083333333333333,96.625,5.399999999999999,-0.3000000000000007
2021-07-02,29.1,32.0,27.4,0.37916666666666665,94.08333333333333,4.600000000000001,-0.5999999999999979
2021-07-03,29.2,32.5,26.9,0.2583333333333333,83.83333333333333,5.600000000000001,0.09999999999999787
2021-07-04,28.3,31.7,25.7,0.5625,77.08333333333333,6.0,-0.8999999999999986
2021-07-05,28.4,31.1,26.4,0.35833333333333334,68.91666666666667,4.700000000000003,0.09999999999999787
2021-07-06,29.2,32.2,27.1,0.39999999999999997,86.29166666666667,5.100000000000001,0.8000000000000007
2021-07-07,28.7,32.5,25.6,1.0125,97.04166666666667,6.899999999999999,-0.5
2021-07-08,27.4,30.0,26.0,0.6291666666666667,88.70833333333333,4.0,-1.3000000000000007
2021-07-09,28.3,31.0,26.4,0.3958333333333333,90.66666666666667,4.600000000000001,0.9000000000000021
2021-07-10,28.7,32.0,26.5,0.34166666666666673,96.29166666666667,5.5,0.3999999999999986
2021-07-11,29.1,32.6,26.8,0.225,76.70833333333333,5.800000000000001,0.40000000000000213
2021-07-12,28.5,31.4,26.3,0.19166666666666668,96.08333333333333,5.099999999999998,-0.6000000000000014
2021-07-13,28.4,31.2,26.2,0.16666666666666666,67.41666666666667,5.0,-0.10000000000000142
2021-07-14,28.6,31.4,26.2,0.20833333333333334,68.25,5.199999999999999,0.20000000000000284
2021-07-15,29.3,32.8,26.5,0.0375,87.875,6.299999999999997,0.6999999999999993
2021-07-16,29.4,32.3,27.1,0.15833333333333335,86.45833333333333,5.199999999999996,0.09999999999999787
2021-07-17,29.5,31.5,27.5,0.10416666666666667,93.125,4.0,0.10000000000000142
2021-07-18,30.0,33.4,27.6,0.041666666666666664,94.95833333333333,5.799999999999997,0.5
2021-07-19,29.6,33.2,27.4,0.25,98.58333333333333,5.800000000000004,-0.3999999999999986
2021-07-20,28.2,29.8,26.4,0.23750000000000002,99.0,3.400000000000002,-1.4000000000000021
2021-07-21,28.6,32.2,26.8,0.375,91.0,5.400000000000002,0.40000000000000213
2021-07-22,28.5,31.1,25.6,0.4291666666666667,85.45833333333333,5.5,-0.10000000000000142
2021-07-23,27.6,29.6,26.1,0.6125,99.16666666666667,3.5,-0.8999999999999986
2021-07-24,28.1,30.8,26.2,0.34166666666666673,97.0,4.600000000000001,0.5
2021-07-25,28.5,31.4,25.6,0.5416666666666666,83.125,5.799999999999997,0.3999999999999986
2021-07-26,29.0,32.6,26.5,0.7999999999999999,98.58333333333333,6.100000000000001,0.5
2021-07-27,28.1,31.5,26.0,0.9208333333333333,99.625,5.5,-0.8999999999999986
2021-07-28,27.1,29.1,25.6,2.004166666666667,91.25,3.5,-1.0
2021-07-29,26.8,29.6,25.8,3.9458333333333333,98.875,3.8000000000000007,-0.3000000000000007
2021-07-30,27.6,29.5,26.2,0.43333333333333335,98.83333333333333,3.3000000000000007,0.8000000000000007
2021-07-31,28.5,31.4,26.5,0.020833333333333332,98.41666666666667,4.899999999999999,0.8999999999999986
2021-08-01,28.8,32.2,26.5,0.15833333333333335,99.20833333333333,5.700000000000003,0.3000000000000007
2021-08-02,28.5,31.5,26.0,0.4458333333333333,94.08333333333333,5.5,-0.3000000000000007
2021-08-03,27.3,30.3,25.5,0.9666666666666667,95.875,4.800000000000001,-1.1999999999999993
2021-08-04,27.4,30.9,25.1,0.9624999999999999,92.625,5.799999999999997,0.09999999999999787
2021-08-05,28.1,31.3,25.5,0.23333333333333336,81.54166666666667,5.800000000000001,0.7000000000000028
2021-08-06,28.5,32.0,26.4,0.775,73.45833333333333,5.600000000000001,0.3999999999999986
2021-08-07,28.1,31.0,26.0,1.2583333333333333,87.95833333333333,5.0,-0.3999999999999986
2021-08-08,28.1,30.9,25.9,0.7333333333333334,87.16666666666667,5.0,0.0
2021-08-09,29.3,31.6,27.0,0.2708333333333333,66.875,4.600000000000001,1.1999999999999993
2021-08-10,29.5,32.4,27.9,0.725,88.58333333333333,4.5,0.1999999999999993
2021-08-11,29.8,33.0,26.9,0.22916666666666666,96.79166666666667,6.100000000000001,0.3000000000000007
2021-08-12,28.4,32.0,25.7,1.1416666666666666,96.29166666666667,6.300000000000001,-1.4000000000000021
2021-08-13,28.7,32.5,26.3,0.11666666666666665,94.375,6.199999999999999,0.3000000000000007
2021-08-14,29.2,32.5,26.6,0.15416666666666667,92.875,5.899999999999999,0.5
2021-08-15,29.3,33.0,26.8,0.14583333333333334,94.75,6.199999999999999,0.10000000000000142
2021-08-16,27.9,31.0,26.3,0.4708333333333334,98.625,4.699999999999999,-1.4000000000000021
2021-08-17,26.9,29.6,26.0,0.6625,96.70833333333333,3.6000000000000014,-1.0
2021-08-18,26.9,28.7,25.5,0.4875,96.875,3.1999999999999993,0.0
2021-08-19,26.7,29.0,25.4,0.4375,94.875,3.6000000000000014,-0.1999999999999993
2021-08-20,26.9,28.9,25.9,0.27499999999999997,97.125,3.0,0.1999999999999993
2021-08-21,27.6,30.2,25.8,0.05416666666666667,76.08333333333333,4.399999999999999,0.7000000000000028
2021-08-22,29.2,32.5,26.1,0.02916666666666667,77.54166666666667,6.399999999999999,1.5999999999999979
2021-08-23,29.2,32.8,27.0,0.3208333333333333,92.79166666666667,5.799999999999997,0.0
2021-08-24,29.6,32.8,27.1,0.12916666666666668,90.0,5.699999999999996,0.40000000000000213
2021-08-25,29.3,32.3,27.3,0.2333333333333333,98.25,4.9999999999999964,-0.3000000000000007
2021-08-26,28.0,31.4,25.5,1.7958333333333334,99.79166666666667,5.899999999999999,-1.3000000000000007
2021-08-27,27.7,30.9,25.6,0.28750000000000003,97.375,5.299999999999997,-0.3000000000000007
2021-08-28,28.1,31.1,26.1,0.15833333333333335,95.41666666666667,5.0,0.40000000000000213
2021-08-29,27.7,30.8,25.6,0.25833333333333336,96.83333333333333,5.199999999999999,-0.40000000000000213
2021-08-30,27.2,29.5,25.6,0.3875,90.75,3.8999999999999986,-0.5
2021-08-31,27.9,30.8,25.6,0.17083333333333336,75.54166666666667,5.199999999999999,0.6999999999999993
2021-09-01,28.8,32.3,25.8,0.05416666666666667,94.5,6.4999999999999964,0.9000000000000021
2021-09-02,28.3,31.9,25.8,0.18333333333333335,86.95833333333333,6.099999999999998,-0.5
2021-09-03,28.6,31.8,26.2,0.125,74.58333333333333,5.600000000000001,0.3000000000000007
2021-09-04,29.1,32.7,26.6,0.06666666666666667,78.91666666666667,6.100000000000001,0.5
2021-09-05,29.4,32.7,26.4,0.0625,84.58333333333333,6.300000000000004,0.29999999999999716
2021-09-06,27.7,30.7,25.5,0.4708333333333334,92.875,5.199999999999999,-1.6999999999999993
2021-09-07,26.8,28.5,25.2,0.65,97.79166666666667,3.3000000000000007,-0.8999999999999986
2021-09-08,27.0,30.5,25.0,0.3125,80.75,5.5,0.1999999999999993
2021-09-09,27.7,30.5,25.2,0.11666666666666668,81.54166666666667,5.300000000000001,0.6999999999999993
2021-09-10,28.8,32.9,25.9,0.39999999999999997,96.66666666666667,7.0,1.1000000000000014
2021-09-11,27.7,30.8,25.9,0.32916666666666666,91.20833333333333,4.900000000000002,-1.1000000000000014
2021-09-12,27.7,30.6,25.3,0.8541666666666666,95.45833333333333,5.300000000000001,0.0
2021-09-13,26.9,29.0,25.3,1.5083333333333335,98.20833333333333,3.6999999999999993,-0.8000000000000007
2021-09-14,26.5,28.5,25.1,0.7791666666666667,99.95833333333333,3.3999999999999986,-0.3999999999999986
2021-09-15,26.8,29.5,25.0,0.25833333333333336,95.95833333333333,4.5,0.3000000000000007
2021-09-16,27.3,30.7,25.2,0.32916666666666666,98.29166666666667,5.5,0.5
2021-09-17,27.6,31.2,25.1,0.19583333333333333,98.0,6.099999999999998,0.3000000000000007
2021-09-18,27.1,29.9,25.0,0.9041666666666667,96.625,4.899999999999999,-0.5
2021-09-19,25.7,27.4,24.8,2.65,99.29166666666667,2.599999999999998,-1.4000000000000021
2021-09-20,25.5,27.2,24.2,1.6375,97.70833333333333,3.0,-0.1999999999999993
2021-09-21,25.6,27.1,24.3,1.4083333333333332,99.25,2.8000000000000007,0.10000000000000142
2021-09-22,26.0,28.0,24.4,0.8583333333333334,98.08333333333333,3.6000000000000014,0.3999999999999986
2021-09-23,26.9,29.9,24.0,0.075,45.375,5.899999999999999,0.8999999999999986
2021-09-24,28.7,32.7,24.8,0.0,36.5,7.900000000000002,1.8000000000000007
2021-09-25,28.1,31.2,26.0,0.2333333333333333,94.0,5.199999999999999,-0.5999999999999979
2021-09-26,27.8,31.4,25.9,0.32916666666666666,43.625,5.5,-0.3000000000000007
2021-09-27,27.4,29.6,26.0,0.5416666666666666,88.25,3.6000000000000014,-0.40000000000000213
2021-09-28,25.9,28.5,24.4,2.0708333333333333,99.33333333333333,4.100000000000001,-1.5
2021-09-29,26.1,28.1,25.1,0.9708333333333333,99.54166666666667,3.0,0.20000000000000284
2021-09-30,27.1,30.6,24.6,0.16666666666666666,95.29166666666667,6.0,1.0
2021-10-01,28.0,31.7,25.5,0.0375,22.708333333333332,6.199999999999999,0.8999999999999986
2021-10-02,28.7,32.2,25.6,0.016666666666666666,22.375,6.600000000000001,0.6999999999999993
2021-10-03,28.0,31.3,25.6,0.6708333333333334,73.08333333333333,5.699999999999999,-0.6999999999999993
2021-10-04,27.9,31.0,25.0,0.5499999999999999,88.66666666666667,6.0,-0.10000000000000142
2021-10-05,27.8,30.0,25.8,0.3833333333333333,73.91666666666667,4.199999999999999,-0.09999999999999787
2021-10-06,28.0,31.2,25.5,0.12083333333333333,42.625,5.699999999999999,0.1999999999999993
2021-10-07,28.4,31.4,25.5,0.0375,46.833333333333336,5.899999999999999,0.3999999999999986
2021-10-08,28.6,32.0,25.9,0.029166666666666664,16.333333333333332,6.100000000000001,0.20000000000000284
2021-10-09,28.7,32.0,26.1,0.049999999999999996,25.75,5.899999999999999,0.09999999999999787
2021-10-10,28.5,31.6,26.0,0.0375,25.375,5.600000000000001,-0.1999999999999993
2021-10-11,29.2,32.3,26.2,0.03333333333333333,20.75,6.099999999999998,0.6999999999999993
2021-10-12,29.5,32.9,26.1,0.0,81.16666666666667,6.799999999999997,0.3000000000000007
2021-10-13,27.7,31.2,25.0,0.3125,98.58333333333333,6.199999999999999,-1.8000000000000007
2021-10-14,27.8,31.5,25.5,0.5625,99.20833333333333,6.0,0.10000000000000142
2021-10-15,29.4,33.5,25.9,0.14583333333333334,65.04166666666667,7.600000000000001,1.5999999999999979
2021-10-16,27.1,30.5,25.3,0.6083333333333333,100.0,5.199999999999999,-2.299999999999997
2021-10-17,26.5,30.1,24.5,1.45,100.0,5.600000000000001,-0.6000000000000014
2021-10-18,25.0,25.6,23.9,2.3583333333333334,100.0,1.7000000000000028,-1.5
2021-10-19,25.2,25.8,24.4,1.5458333333333334,99.41666666666667,1.4000000000000021,0.1999999999999993
2021-10-20,25.7,29.0,23.5,0.6083333333333333,73.79166666666667,5.5,0.5
2021-10-21,26.6,30.6,23.2,0.0,16.666666666666668,7.400000000000002,0.9000000000000021
2021-10-22,26.5,31.3,21.9,0.0,7.291666666666667,9.400000000000002,-0.10000000000000142
2021-10-23,26.9,31.3,23.2,0.0,21.791666666666668,8.100000000000001,0.3999999999999986
2021-10-24,25.9,30.4,22.2,0.004166666666666667,39.916666666666664,8.2,-1.0
2021-10-25,25.8,29.6,22.3,0.0,7.375,7.300000000000001,-0.09999999999999787
2021-10-26,26.2,30.0,22.5,0.004166666666666667,10.5,7.5,0.3999999999999986
2021-10-27,25.4,29.8,23.0,0.23333333333333336,47.625,6.800000000000001,-0.8000000000000007
2021-10-28,25.3,28.8,23.4,0.19583333333333333,71.41666666666667,5.400000000000002,-0.09999999999999787
2021-10-29,26.2,30.1,22.6,0.0,37.583333333333336,7.5,0.8999999999999986
2021-10-30,25.5,30.2,22.0,0.0,38.875,8.2,-0.6999999999999993
2021-10-31,25.2,29.8,20.9,0.0,5.541666666666667,8.900000000000002,-0.3000000000000007
2021-11-01,25.1,29.9,19.9,0.0,25.666666666666668,10.0,-0.09999999999999787
2021-11-02,24.5,29.2,20.0,0.0,73.125,9.2,-0.6000000000000014
2021-11-03,24.0,29.3,19.3,0.0,29.041666666666668,10.0,-0.5
2021-11-04,23.4,28.9,17.9,0.0,44.291666666666664,11.0,-0.6000000000000014
2021-11-05,22.9,28.3,17.9,0.0,34.5,10.400000000000002,-0.5
2021-11-06,23.3,28.1,17.8,0.0,12.041666666666666,10.3,0.40000000000000213
2021-11-07,22.7,28.3,17.8,0.0,16.541666666666668,10.5,-0.6000000000000014
2021-11-08,22.7,28.8,17.6,0.0,10.916666666666666,11.2,0.0
2021-11-09,23.2,28.9,17.3,0.0,2.0,11.599999999999998,0.5
2021-11-10,24.0,29.0,17.8,0.0,15.833333333333334,11.2,0.8000000000000007
2021-11-11,25.1,29.4,19.9,0.0,88.66666666666667,9.5,1.1000000000000014
2021-11-12,25.8,30.0,22.2,0.0,92.5,7.800000000000001,0.6999999999999993
2021-11-13,22.8,25.4,20.9,0.23750000000000002,96.375,4.5,-3.0
2021-11-14,23.3,26.6,21.2,0.2333333333333333,79.83333333333333,5.400000000000002,0.5
2021-11-15,22.9,25.4,21.1,0.7625000000000001,77.70833333333333,4.299999999999997,-0.40000000000000213
2021-11-16,22.8,27.9,18.9,0.0,25.833333333333332,9.0,-0.09999999999999787
2021-11-17,21.7,27.5,16.7,0.0,1.75,10.8,-1.1000000000000014
2021-11-18,22.5,27.7,16.8,0.0,59.583333333333336,10.899999999999999,0.8000000000000007
2021-11-19,23.2,28.6,17.8,0.0,29.416666666666668,10.8,0.6999999999999993
2021-11-20,24.5,29.2,19.2,0.0,8.791666666666666,10.0,1.3000000000000007
2021-11-21,25.5,29.6,20.8,0.0,15.166666666666666,8.8,1.0
2021-11-22,25.4,30.1,21.5,0.0,9.125,8.600000000000001,-0.10000000000000142
2021-11-23,25.0,29.8,21.5,0.004166666666666667,22.916666666666668,8.3,-0.3999999999999986
2021-11-24,24.0,29.3,19.5,0.0,4.541666666666667,9.8,-1.0
2021-11-25,23.8,28.9,19.1,0.0,8.0,9.799999999999997,-0.1999999999999993
2021-11-26,23.2,28.2,18.9,0.0,13.625,9.3,-0.6000000000000014
2021-11-27,21.5,27.5,16.4,0.0,24.583333333333332,11.100000000000001,-1.6999999999999993
2021-11-28,21.1,27.2,15.6,0.0,42.291666666666664,11.6,-0.3999999999999986
2021-11-29,21.0,27.4,15.6,0.0,18.791666666666668,11.799999999999999,-0.10000000000000142
2021-11-30,20.9,27.4,15.8,0.0,45.625,11.599999999999998,-0.10000000000000142
2021-12-01,21.6,27.6,16.2,0.0,7.458333333333333,11.400000000000002,0.7000000000000028
2021-12-02,22.4,28.0,16.5,0.0,77.95833333333333,11.5,0.7999999999999972
2021-12-03,23.4,28.7,17.0,0.0,88.41666666666667,11.7,1.0
2021-12-04,20.9,22.8,19.8,2.4458333333333333,99.75,3.0,-2.5
2021-12-05,20.5,21.9,19.6,1.0458333333333334,100.0,2.299999999999997,-0.3999999999999986
2021-12-06,20.8,22.5,19.3,1.1416666666666666,96.125,3.1999999999999993,0.3000000000000007
2021-12-07,21.7,26.6,17.4,0.0,30.25,9.200000000000003,0.8999999999999986
2021-12-08,22.3,27.3,18.0,0.0,21.583333333333332,9.3,0.6000000000000014
2021-12-09,22.5,26.8,19.0,0.025000000000000005,84.0,7.800000000000001,0.1999999999999993
2021-12-10,22.3,26.4,17.9,0.0,30.0,8.5,-0.1999999999999993
2021-12-11,21.9,26.9,18.1,0.004166666666666667,8.333333333333334,8.799999999999997,-0.40000000000000213
2021-12-12,19.7,25.6,14.3,0.0,3.375,11.3,-2.1999999999999993
2021-12-13,19.0,24.8,13.8,0.0,24.5,11.0,-0.6999999999999993
2021-12-14,18.3,24.5,13.6,0.0,81.16666666666667,10.9,-0.6999999999999993
2021-12-15,17.8,24.3,13.1,0.0,73.54166666666667,11.200000000000001,-0.5
2021-12-16,17.4,24.0,12.2,0.0,34.833333333333336,11.8,-0.40000000000000213
2021-12-17,18.2,24.4,12.3,0.0,20.833333333333332,12.099999999999998,0.8000000000000007
2021-12-18,19.3,25.4,13.1,0.0,18.083333333333332,12.299999999999999,1.1000000000000014
2021-12-19,16.6,23.0,10.8,0.0,0.0,12.2,-2.6999999999999993
2021-12-20,14.9,21.4,10.4,0.0,0.0,10.999999999999998,-1.700000000000001
2021-12-21,15.9,22.1,10.1,0.0,6.083333333333333,12.000000000000002,1.0
2021-12-22,17.1,23.8,12.1,0.0,15.458333333333334,11.700000000000001,1.200000000000001
2021-12-23,18.0,24.7,12.1,0.0,2.3333333333333335,12.6,0.8999999999999986
2021-12-24,19.6,24.7,13.6,0.0,0.08333333333333333,11.1,1.6000000000000014
2021-12-25,19.6,25.6,14.6,0.0,1.7083333333333333,11.000000000000002,0.0
2021-12-26,20.1,25.2,14.7,0.008333333333333333,35.666666666666664,10.5,0.5
2021-12-27,20.3,25.3,15.6,0.02916666666666667,41.041666666666664,9.700000000000001,0.1999999999999993
2021-12-28,20.4,25.9,15.4,0.0,39.083333333333336,10.499999999999998,0.09999999999999787
2021-12-29,19.5,24.0,15.8,0.0,55.791666666666664,8.2,-0.8999999999999986
2021-12-30,19.0,24.5,15.6,0.14583333333333334,28.25,8.9,-0.5
2021-12-31,19.0,24.5,14.6,0.0,2.125,9.9,0.0
2022-01-01,17.8,23.5,13.9,0.0,22.916666666666668,9.6,-1.1999999999999993
2022-01-02,17.5,23.9,13.4,0.0,39.458333333333336,10.499999999999998,-0.3000000000000007
2022-01-03,17.1,23.7,12.2,0.0,4.625,11.5,-0.3999999999999986
2022-01-04,16.9,23.8,12.1,0.0,0.9166666666666666,11.700000000000001,-0.20000000000000284
2022-01-05,17.2,24.5,11.9,0.0,0.20833333333333334,12.6,0.3000000000000007
2022-01-06,18.2,25.1,12.1,0.0,0.0,13.000000000000002,1.0
2022-01-07,19.1,26.0,13.8,0.0,0.0,12.2,0.9000000000000021
2022-01-08,19.9,26.9,15.1,0.0,3.9583333333333335,11.799999999999999,0.7999999999999972
2022-01-09,20.8,27.3,14.8,0.0,1.0833333333333333,12.5,0.9000000000000021
2022-01-10,21.9,27.5,15.7,0.0,38.125,11.8,1.0999999999999979
2022-01-11,21.2,27.6,17.0,0.39999999999999997,80.5,10.600000000000001,-0.6999999999999993
2022-01-12,19.1,23.7,14.9,0.10833333333333334,61.208333333333336,8.799999999999999,-2.099999999999998
2022-01-13,20.5,26.0,16.4,0.0,47.541666666666664,9.600000000000001,1.3999999999999986
2022-01-14,17.9,22.1,15.0,0.30833333333333335,92.875,7.100000000000001,-2.6000000000000014
2022-01-15,18.1,23.5,14.7,0.012500000000000002,32.416666666666664,8.8,0.20000000000000284
2022-01-16,17.2,23.0,11.6,0.0,0.0,11.4,-0.9000000000000021
2022-01-17,16.3,22.6,11.6,0.0,0.0,11.000000000000002,-0.8999999999999986
2022-01-18,16.4,22.2,11.6,0.0,21.583333333333332,10.6,0.09999999999999787
2022-01-19,16.8,22.4,12.6,0.0,6.833333333333333,9.799999999999999,0.40000000000000213
2022-01-20,18.0,23.0,12.0,0.0,2.875,11.0,1.1999999999999993
2022-01-21,18.8,25.1,13.8,0.012500000000000002,27.375,11.3,0.8000000000000007
2022-01-22,18.9,24.5,15.4,0.06666666666666667,32.708333333333336,9.1,0.09999999999999787
2022-01-23,19.7,25.5,15.9,0.425,70.33333333333333,9.6,0.8000000000000007
2022-01-24,18.1,22.4,13.9,0.004166666666666667,59.833333333333336,8.499999999999998,-1.5999999999999979
2022-01-25,19.8,24.5,15.1,0.0,48.083333333333336,9.4,1.6999999999999993
2022-01-26,19.0,24.6,15.0,0.0625,39.416666666666664,9.600000000000001,-0.8000000000000007
2022-01-27,17.3,23.2,12.2,0.0,2.1666666666666665,11.0,-1.6999999999999993
2022-01-28,15.8,21.4,10.9,0.0,5.041666666666667,10.499999999999998,-1.5
2022-01-29,16.2,21.8,10.7,0.0,0.0,11.100000000000001,0.3999999999999986
2022-01-30,17.3,23.3,11.1,0.0,0.2916666666666667,12.200000000000001,1.1000000000000014
2022-01-31,19.1,26.0,12.5,0.0,11.125,13.5,1.8000000000000007
2022-02-01,20.0,26.9,15.1,0.0,19.833333333333332,11.799999999999999,0.8999999999999986
2022-02-02,21.2,28.0,17.4,0.0,28.583333333333332,10.600000000000001,1.1999999999999993
2022-02-03,23.0,28.6,19.3,0.0,19.958333333333332,9.3,1.8000000000000007
2022-02-04,19.9,26.5,15.9,0.30416666666666664,63.291666666666664,10.6,-3.1000000000000014
2022-02-05,18.1,23.3,12.1,0.0,10.833333333333334,11.200000000000001,-1.7999999999999972
2022-02-06,17.5,23.4,12.6,0.0,19.875,10.799999999999999,-0.6000000000000014
2022-02-07,18.7,24.8,12.8,0.0,7.458333333333333,12.0,1.1999999999999993
2022-02-08,19.9,26.2,14.6,0.0,9.458333333333334,11.6,1.1999999999999993
2022-02-09,21.2,27.7,15.9,0.008333333333333333,8.625,11.799999999999999,1.3000000000000007
2022-02-10,20.0,25.6,15.3,0.020833333333333332,49.0,10.3,-1.1999999999999993
2022-02-11,19.2,25.4,13.4,0.0,4.208333333333333,11.999999999999998,-0.8000000000000007
2022-02-12,18.0,24.5,11.9,0.0,0.0,12.6,-1.1999999999999993
2022-02-13,18.2,25.5,12.0,0.0,0.0,13.5,0.1999999999999993
2022-02-14,18.7,26.0,12.1,0.0,15.666666666666666,13.9,0.5
2022-02-15,19.7,26.9,12.1,0.0,1.375,14.799999999999999,1.0
2022-02-16,20.1,27.1,12.6,0.0,10.5,14.500000000000002,0.40000000000000213
2022-02-17,21.3,27.8,14.4,0.0,3.75,13.4,1.1999999999999993
2022-02-18,22.0,28.9,14.0,0.0,2.7916666666666665,14.899999999999999,0.6999999999999993
2022-02-19,22.0,29.1,14.2,0.0,13.75,14.900000000000002,0.0
2022-02-20,21.7,28.0,16.1,0.016666666666666666,41.833333333333336,11.899999999999999,-0.3000000000000007
2022-02-21,21.6,29.9,15.9,0.0,22.666666666666668,13.999999999999998,-0.09999999999999787
2022-02-22,23.3,30.4,16.5,0.008333333333333333,17.916666666666668,13.899999999999999,1.6999999999999993
2022-02-23,23.4,30.3,19.3,0.004166666666666667,24.208333333333332,11.0,0.09999999999999787
2022-02-24,24.7,31.0,20.1,0.0,31.291666666666668,10.899999999999999,1.3000000000000007
2022-02-25,24.3,32.3,19.0,0.0,13.0,13.299999999999997,-0.3999999999999986
2022-02-26,24.8,31.6,19.5,0.0,5.166666666666667,12.100000000000001,0.5
2022-02-27,23.6,31.6,19.0,0.2333333333333333,19.583333333333332,12.600000000000001,-1.1999999999999993
2022-02-28,24.9,31.0,19.9,0.004166666666666667,6.458333333333333,11.100000000000001,1.2999999999999972
2022-03-01,25.0,30.5,19.3,0.0,16.208333333333332,11.2,0.10000000000000142
2022-03-02,24.6,30.7,19.0,0.0,0.625,11.7,-0.3999999999999986
2022-03-03,25.3,31.8,19.2,0.0,0.25,12.600000000000001,0.6999999999999993
2022-03-04,25.1,32.1,19.0,0.0,29.833333333333332,13.100000000000001,-0.1999999999999993
2022-03-05,25.9,34.0,19.6,0.0,22.375,14.399999999999999,0.7999999999999972
2022-03-06,25.7,32.7,19.1,0.0,2.9583333333333335,13.600000000000001,-0.1999999999999993
2022-03-07,24.9,32.2,18.6,0.0,0.0,13.600000000000001,-0.8000000000000007
2022-03-08,25.1,32.9,18.4,0.0,0.0,14.5,0.20000000000000284
2022-03-09,25.8,33.2,17.8,0.0,0.0,15.400000000000002,0.6999999999999993
2022-03-10,25.5,33.2,17.7,0.0,28.041666666666668,15.500000000000004,-0.3000000000000007
2022-03-11,26.1,33.4,18.4,0.0,36.125,15.0,0.6000000000000014
2022-03-12,26.5,33.7,18.9,0.0,22.5,14.800000000000004,0.3999999999999986
2022-03-13,26.4,33.7,19.1,0.0,48.458333333333336,14.600000000000001,-0.10000000000000142
2022-03-14,26.7,34.3,19.0,0.0,3.7916666666666665,15.299999999999997,0.3000000000000007
2022-03-15,27.4,35.4,19.0,0.0,0.0,16.4,0.6999999999999993
2022-03-16,28.6,36.2,22.6,0.0,8.625,13.600000000000001,1.2000000000000028
2022-03-17,28.5,36.8,22.2,0.0,25.375,14.599999999999998,-0.10000000000000142
2022-03-18,28.6,36.7,22.0,0.0,25.0,14.700000000000003,0.10000000000000142
2022-03-19,28.7,36.3,22.2,0.0,13.708333333333334,14.099999999999998,0.09999999999999787
2022-03-20,28.9,37.5,23.4,0.0,31.583333333333332,14.100000000000001,0.1999999999999993
2022-03-21,29.5,36.8,24.5,0.0,40.541666666666664,12.299999999999997,0.6000000000000014
2022-03-22,29.4,37.0,24.1,0.0,33.25,12.899999999999999,-0.10000000000000142
2022-03-23,29.1,36.2,24.6,0.016666666666666666,20.208333333333332,11.600000000000001,-0.29999999999999716
2022-03-24,29.2,36.9,24.7,0.024999999999999998,10.666666666666666,12.2,0.09999999999999787
2022-03-25,29.1,36.0,25.5,0.05833333333333333,39.125,10.5,-0.09999999999999787
2022-03-26,29.2,34.2,25.6,0.008333333333333333,37.958333333333336,8.600000000000001,0.09999999999999787
2022-03-27,29.1,35.6,25.1,0.008333333333333333,32.291666666666664,10.5,-0.09999999999999787
2022-03-28,29.8,37.2,25.5,0.0,7.25,11.700000000000003,0.6999999999999993
2022-03-29,29.4,35.5,25.8,0.0,42.083333333333336,9.7,-0.40000000000000213
2022-03-30,29.3,34.3,25.9,0.012500000000000002,51.958333333333336,8.399999999999999,-0.09999999999999787
2022-03-31,29.4,33.8,26.6,0.012500000000000002,50.541666666666664,7.199999999999996,0.09999999999999787
2022-04-01,29.8,34.2,26.9,0.0,49.75,7.300000000000004,0.40000000000000213
2022-04-02,29.4,34.1,25.5,0.0,41.0,8.600000000000001,-0.40000000000000213
2022-04-03,29.6,34.7,25.9,0.020833333333333332,50.166666666666664,8.800000000000004,0.20000000000000284
2022-04-04,29.3,33.7,26.1,0.0,35.166666666666664,7.600000000000001,-0.3000000000000007
2022-04-05,29.2,34.0,26.1,0.0,34.666666666666664,7.899999999999999,-0.10000000000000142
2022-04-06,28.8,34.1,24.8,0.0,14.833333333333334,9.3,-0.3999999999999986
2022-04-07,29.3,34.8,25.1,0.0,20.125,9.699999999999996,0.5
2022-04-08,29.7,35.0,25.9,0.0,10.083333333333334,9.100000000000001,0.3999999999999986
2022-04-09,29.9,35.5,26.3,0.0,10.541666666666666,9.2,0.1999999999999993
2022-04-10,30.0,34.8,26.4,0.0,11.75,8.399999999999999,0.10000000000000142
2022-04-11,30.3,35.9,26.4,0.0,6.666666666666667,9.5,0.3000000000000007
2022-04-12,30.4,36.0,26.5,0.004166666666666667,37.333333333333336,9.5,0.09999999999999787
2022-04-13,30.7,35.6,27.0,0.004166666666666667,48.0,8.600000000000001,0.3000000000000007
2022-04-14,31.1,37.3,27.0,0.24583333333333332,35.791666666666664,10.299999999999997,0.40000000000000213
2022-04-15,32.0,39.5,27.1,0.0,35.0,12.399999999999999,0.8999999999999986
2022-04-16,31.2,37.5,26.7,0.0,56.333333333333336,10.8,-0.8000000000000007
2022-04-17,30.6,36.3,26.9,0.0,66.70833333333333,9.399999999999999,-0.5999999999999979
2022-04-18,30.4,37.1,26.1,0.020833333333333332,21.166666666666668,11.0,-0.20000000000000284
2022-04-19,30.2,34.8,26.5,0.008333333333333333,25.083333333333332,8.299999999999997,-0.1999999999999993
2022-04-20,29.8,35.5,26.9,0.03333333333333333,57.0,8.600000000000001,-0.3999999999999986
2022-04-21,30.1,35.3,27.0,0.15,49.708333333333336,8.299999999999997,0.3000000000000007
2022-04-22,29.1,33.6,26.5,0.20833333333333334,48.458333333333336,7.100000000000001,-1.0
2022-04-23,31.1,38.0,26.5,0.016666666666666666,14.083333333333334,11.5,2.0
2022-04-24,32.3,39.4,27.2,0.0,8.166666666666666,12.2,1.1999999999999957
2022-04-25,32.1,39.8,27.0,0.0,10.375,12.799999999999997,-0.19999999999999574
2022-04-26,31.7,39.5,26.8,0.008333333333333333,15.416666666666666,12.7,-0.40000000000000213
2022-04-27,30.6,38.2,26.5,0.0625,10.791666666666666,11.700000000000003,-1.0999999999999979
2022-04-28,31.1,37.3,26.6,0.0,8.5,10.699999999999996,0.5
2022-04-29,30.6,36.7,26.8,0.0,32.541666666666664,9.900000000000002,-0.5
2022-04-30,30.6,36.8,26.6,0.0,24.666666666666668,10.199999999999996,0.0
2022-05-01,30.1,36.2,26.1,0.0,57.333333333333336,10.100000000000001,-0.5
2022-05-02,29.4,34.8,26.4,0.19166666666666665,46.833333333333336,8.399999999999999,-0.7000000000000028
2022-05-03,26.8,31.0,24.9,1.2791666666666666,64.08333333333333,6.100000000000001,-2.599999999999998
2022-05-04,27.8,32.0,24.9,0.25416666666666665,41.708333333333336,7.100000000000001,1.0
2022-05-05,26.1,29.5,23.9,0.6791666666666667,42.666666666666664,5.600000000000001,-1.6999999999999993
2022-05-06,28.3,32.0,24.9,0.008333333333333333,24.791666666666668,7.100000000000001,2.1999999999999993
2022-05-07,28.7,33.3,25.3,0.19583333333333333,20.916666666666668,7.9999999999999964,0.3999999999999986
2022-05-08,29.7,34.2,25.9,0.020833333333333332,32.75,8.300000000000004,1.0
2022-05-09,26.9,31.0,25.3,0.6375,90.5,5.699999999999999,-2.8000000000000007
2022-05-10,27.4,31.9,23.8,1.1041666666666667,85.0,8.099999999999998,0.5
2022-05-11,28.3,31.9,26.2,0.16666666666666666,79.83333333333333,5.699999999999999,0.9000000000000021
2022-05-12,29.7,32.8,26.8,0.03333333333333333,36.75,5.9999999999999964,1.3999999999999986
2022-05-13,30.4,34.2,27.7,0.0,80.08333333333333,6.5000000000000036,0.6999999999999993
2022-05-14,30.5,34.1,28.5,0.029166666666666664,43.541666666666664,5.600000000000001,0.10000000000000142
2022-05-15,30.8,34.8,27.9,0.07083333333333335,54.125,6.899999999999999,0.3000000000000007
2022-05-16,30.9,35.2,28.2,0.0,61.916666666666664,7.0000000000000036,0.09999999999999787
2022-05-17,31.0,34.5,28.1,0.0,40.083333333333336,6.399999999999999,0.10000000000000142
2022-05-18,31.2,35.5,28.2,0.041666666666666664,38.416666666666664,7.300000000000001,0.1999999999999993
2022-05-19,31.2,35.3,28.0,0.17916666666666667,52.0,7.299999999999997,0.0
2022-05-20,31.6,37.1,28.1,0.004166666666666667,16.208333333333332,9.0,0.40000000000000213
2022-05-21,30.6,36.9,27.4,0.5875,59.041666666666664,9.5,-1.0
2022-05-22,29.2,34.4,25.1,0.0,53.916666666666664,9.299999999999997,-1.4000000000000021
2022-05-23,29.4,33.5,24.9,0.3041666666666667,35.625,8.600000000000001,0.1999999999999993
2022-05-24,29.2,34.2,24.6,0.029166666666666664,20.625,9.600000000000001,-0.1999999999999993
2022-05-25,28.0,33.4,25.0,0.8958333333333334,35.916666666666664,8.399999999999999,-1.1999999999999993
2022-05-26,30.6,36.2,26.4,0.008333333333333333,18.041666666666668,9.800000000000004,2.6000000000000014
2022-05-27,30.5,35.8,25.9,0.03333333333333333,18.833333333333332,9.899999999999999,-0.10000000000000142
2022-05-28,31.2,38.3,26.8,0.21666666666666667,21.291666666666668,11.499999999999996,0.6999999999999993
2022-05-29,30.2,34.3,27.5,0.17916666666666667,74.41666666666667,6.799999999999997,-1.0
2022-05-30,29.8,34.2,27.1,0.7083333333333334,85.0,7.100000000000001,-0.3999999999999986
2022-05-31,29.6,33.5,27.1,0.43333333333333335,77.125,6.399999999999999,-0.1999999999999993
2022-06-01,29.6,32.4,27.9,0.075,99.95833333333333,4.5,0.0
2022-06-02,29.6,33.3,27.0,0.7583333333333333,99.83333333333333,6.299999999999997,0.0
2022-06-03,30.7,35.0,27.5,0.0,99.875,7.5,1.0999999999999979
2022-06-04,31.2,35.5,28.0,0.004166666666666667,68.33333333333333,7.5,0.5
2022-06-05,31.4,35.4,28.5,0.016666666666666666,35.916666666666664,6.899999999999999,0.1999999999999993
2022-06-06,31.4,35.5,28.5,0.029166666666666664,61.958333333333336,7.0,0.0
2022-06-07,31.9,36.5,28.7,0.004166666666666667,97.45833333333333,7.800000000000001,0.5
2022-06-08,32.0,36.3,29.1,0.0,99.20833333333333,7.199999999999996,0.10000000000000142
2022-06-09,31.3,35.8,28.1,0.008333333333333333,99.04166666666667,7.699999999999996,-0.6999999999999993
2022-06-10,30.9,34.7,27.9,0.008333333333333333,97.79166666666667,6.800000000000004,-0.40000000000000213
2022-06-11,31.4,36.3,28.6,0.0,50.708333333333336,7.699999999999996,0.5
2022-06-12,32.1,36.8,28.9,0.0,34.458333333333336,7.899999999999999,0.7000000000000028
2022-06-13,32.6,37.8,29.4,0.5083333333333333,86.83333333333333,8.399999999999999,0.5
2022-06-14,31.7,35.8,29.1,0.0,95.20833333333333,6.699999999999996,-0.9000000000000021
2022-06-15,29.9,32.7,28.4,0.17500000000000002,99.83333333333333,4.300000000000004,-1.8000000000000007
2022-06-16,30.0,33.5,28.5,0.2791666666666667,100.0,5.0,0.10000000000000142
2022-06-17,29.0,32.6,26.5,0.8416666666666667,100.0,6.100000000000001,-1.0
2022-06-18,27.7,30.5,26.3,1.741666666666667,100.0,4.199999999999999,-1.3000000000000007
2022-06-19,28.0,32.2,25.5,1.0708333333333333,100.0,6.700000000000003,0.3000000000000007
2022-06-20,27.7,30.4,25.6,0.7041666666666666,94.54166666666667,4.799999999999997,-0.3000000000000007
2022-06-21,28.5,32.4,24.8,1.0333333333333334,95.91666666666667,7.599999999999998,0.8000000000000007
2022-06-22,27.4,31.6,25.6,1.2583333333333333,88.95833333333333,6.0,-1.1000000000000014
2022-06-23,28.2,31.2,25.9,0.15416666666666667,99.75,5.300000000000001,0.8000000000000007
2022-06-24,28.1,31.9,25.9,0.32916666666666666,97.04166666666667,6.0,-0.09999999999999787
2022-06-25,27.9,31.4,25.8,0.4958333333333333,85.83333333333333,5.599999999999998,-0.20000000000000284
2022-06-26,28.4,31.4,25.9,0.17500000000000002,98.91666666666667,5.5,0.5
2022-06-27,29.2,32.2,27.0,0.17500000000000002,93.66666666666667,5.200000000000003,0.8000000000000007
2022-06-28,29.4,32.5,26.5,0.02916666666666667,99.66666666666667,6.0,0.1999999999999993
2022-06-29,29.0,32.5,26.5,0.425,99.875,6.0,-0.3999999999999986
2022-06-30,28.5,31.6,25.7,0.47500000000000003,99.91666666666667,5.900000000000002,-0.5
2022-07-01,27.3,31.0,24.8,2.525,100.0,6.199999999999999,-1.1999999999999993
2022-07-02,27.1,30.6,24.9,1.7291666666666667,91.25,5.700000000000003,-0.1999999999999993
2022-07-03,27.8,31.0,25.8,0.16666666666666666,98.41666666666667,5.199999999999999,0.6999999999999993
2022-07-04,28.8,32.0,26.4,0.13333333333333333,68.66666666666667,5.600000000000001,1.0
2022-07-05,28.8,32.1,26.5,0.09166666666666667,90.125,5.600000000000001,0.0
2022-07-06,28.4,31.8,26.2,0.20833333333333334,91.33333333333333,5.600000000000001,-0.40000000000000213
2022-07-07,28.9,31.7,26.0,0.13749999999999998,69.20833333333333,5.699999999999999,0.5
2022-07-08,28.8,31.9,26.2,0.0625,65.91666666666667,5.699999999999999,-0.09999999999999787
2022-07-09,28.7,32.2,26.4,0.11666666666666665,56.208333333333336,5.800000000000004,-0.10000000000000142
2022-07-10,28.5,31.5,26.1,0.3,83.45833333333333,5.399999999999999,-0.1999999999999993
2022-07-11,28.9,31.4,26.1,0.17500000000000002,69.25,5.299999999999997,0.3999999999999986
2022-07-12,29.0,32.2,26.7,0.1875,72.45833333333333,5.5000000000000036,0.10000000000000142
2022-07-13,28.9,32.2,26.5,0.225,60.708333333333336,5.700000000000003,-0.10000000000000142
2022-07-14,28.5,31.7,25.6,0.2625,94.79166666666667,6.099999999999998,-0.3999999999999986
2022-07-15,28.8,32.2,26.3,0.12916666666666668,68.41666666666667,5.900000000000002,0.3000000000000007
2022-07-16,28.8,32.0,26.4,0.25833333333333336,63.75,5.600000000000001,0.0
2022-07-17,28.9,32.1,26.5,0.15,62.541666666666664,5.600000000000001,0.09999999999999787
2022-07-18,29.2,32.5,26.8,0.0375,84.70833333333333,5.699999999999999,0.3000000000000007
2022-07-19,29.4,32.7,26.9,0.32916666666666666,73.125,5.800000000000004,0.1999999999999993
2022-07-20,29.4,33.4,26.5,0.13749999999999998,96.66666666666667,6.899999999999999,0.0
2022-07-21,28.9,32.0,26.3,0.2708333333333333,99.95833333333333,5.699999999999999,-0.5
2022-07-22,28.7,32.8,26.1,0.3,99.29166666666667,6.699999999999996,-0.1999999999999993
2022-07-23,27.5,29.8,25.5,0.30833333333333335,99.95833333333333,4.300000000000001,-1.1999999999999993
2022-07-24,27.3,30.5,25.4,0.6583333333333333,100.0,5.100000000000001,-0.1999999999999993
2022-07-25,26.9,30.4,24.6,0.5833333333333334,99.58333333333333,5.799999999999997,-0.40000000000000213
2022-07-26,27.5,31.4,25.5,0.22083333333333333,95.29166666666667,5.899999999999999,0.6000000000000014
2022-07-27,28.3,32.3,26.1,0.20833333333333334,83.125,6.199999999999996,0.8000000000000007
2022-07-28,29.3,32.6,26.9,0.1625,93.25,5.700000000000003,1.0
2022-07-29,29.5,33.0,27.1,0.48333333333333334,86.08333333333333,5.899999999999999,0.1999999999999993
2022-07-30,29.7,33.3,27.7,0.2875,99.66666666666667,5.599999999999998,0.1999999999999993
2022-07-31,29.5,31.9,26.9,0.525,99.75,5.0,-0.1999999999999993
2022-08-01,28.5,31.8,26.2,0.36250000000000004,100.0,5.600000000000001,-1.0
2022-08-02,28.6,32.1,26.5,0.09583333333333334,100.0,5.600000000000001,0.10000000000000142
2022-08-03,27.8,30.7,25.8,0.22083333333333333,100.0,4.899999999999999,-0.8000000000000007
2022-08-04,27.9,31.8,25.1,0.12916666666666668,85.375,6.699999999999999,0.09999999999999787
2022-08-05,28.7,32.2,26.5,0.10833333333333334,93.25,5.700000000000003,0.8000000000000007
2022-08-06,28.3,31.6,26.3,0.3166666666666667,96.41666666666667,5.300000000000001,-0.3999999999999986
2022-08-07,28.5,32.0,26.2,0.21666666666666667,82.25,5.800000000000001,0.1999999999999993
2022-08-08,27.7,31.2,25.6,0.5166666666666667,97.66666666666667,5.599999999999998,-0.8000000000000007
2022-08-09,26.5,28.0,25.3,0.5041666666666667,99.79166666666667,2.6999999999999993,-1.1999999999999993
2022-08-10,26.6,29.8,24.9,1.75,99.70833333333333,4.900000000000002,0.10000000000000142
2022-08-11,26.4,29.1,25.0,0.7875,99.91666666666667,4.100000000000001,-0.20000000000000284
2022-08-12,27.6,30.6,24.9,0.2791666666666667,92.20833333333333,5.700000000000003,1.2000000000000028
2022-08-13,28.0,31.7,25.8,0.5,89.375,5.899999999999999,0.3999999999999986
2022-08-14,26.4,27.2,25.1,1.0458333333333334,97.41666666666667,2.099999999999998,-1.6000000000000014
2022-08-15,28.1,30.9,25.2,0.22916666666666666,76.125,5.699999999999999,1.7000000000000028
2022-08-16,29.2,33.0,26.4,0.016666666666666666,70.70833333333333,6.600000000000001,1.0999999999999979
2022-08-17,29.1,32.2,27.0,0.275,98.20833333333333,5.200000000000003,-0.09999999999999787
2022-08-18,28.9,32.7,26.1,0.3666666666666667,100.0,6.600000000000001,-0.20000000000000284
2022-08-19,26.6,28.9,25.7,1.2958333333333334,98.125,3.1999999999999993,-2.299999999999997
2022-08-20,26.4,28.0,25.2,0.3125,96.79166666666667,2.8000000000000007,-0.20000000000000284
2022-08-21,28.1,31.2,25.2,0.10416666666666667,67.625,6.0,1.7000000000000028
2022-08-22,28.9,32.8,25.8,0.425,86.54166666666667,6.9999999999999964,0.7999999999999972
2022-08-23,26.7,28.7,25.0,1.3458333333333332,99.70833333333333,3.6999999999999993,-2.1999999999999993
2022-08-24,26.7,29.5,24.8,0.5499999999999999,75.83333333333333,4.699999999999999,0.0
2022-08-25,28.3,32.2,25.5,0.03333333333333333,20.125,6.700000000000003,1.6000000000000014
2022-08-26,29.1,32.2,25.9,0.05416666666666667,91.625,6.300000000000004,0.8000000000000007
2022-08-27,28.9,32.3,27.4,0.2041666666666667,100.0,4.899999999999999,-0.20000000000000284
2022-08-28,27.5,31.0,25.9,0.8125,92.04166666666667,5.100000000000001,-1.3999999999999986
2022-08-29,28.4,31.5,26.0,0.3875,96.95833333333333,5.5,0.8999999999999986
2022-08-30,29.3,33.0,26.5,0.15,81.66666666666667,6.5,0.9000000000000021
2022-08-31,29.6,32.8,27.2,0.3458333333333334,95.70833333333333,5.599999999999998,0.3000000000000007
2022-09-01,29.6,32.7,27.4,0.0625,90.75,5.300000000000004,0.0
2022-09-02,30.1,33.8,27.4,0.008333333333333333,49.333333333333336,6.399999999999999,0.5
2022-09-03,29.2,31.5,27.1,0.7291666666666666,87.41666666666667,4.399999999999999,-0.9000000000000021
2022-09-04,29.0,32.7,26.9,0.5666666666666667,97.04166666666667,5.800000000000004,-0.1999999999999993
2022-09-05,28.3,31.0,25.6,0.6833333333333335,98.625,5.399999999999999,-0.6999999999999993
2022-09-06,28.1,31.1,26.1,0.5666666666666668,97.29166666666667,5.0,-0.1999999999999993
2022-09-07,28.6,32.2,26.6,0.85,98.95833333333333,5.600000000000001,0.5
2022-09-08,29.3,33.0,26.4,0.016666666666666666,95.75,6.600000000000001,0.6999999999999993
2022-09-09,29.0,32.9,26.9,0.10416666666666667,99.875,6.0,-0.3000000000000007
2022-09-10,27.0,30.1,25.3,0.5041666666666667,99.16666666666667,4.800000000000001,-2.0
2022-09-11,25.5,27.0,24.2,1.8625,100.0,2.8000000000000007,-1.5
2022-09-12,25.9,27.6,24.5,1.1166666666666667,100.0,3.1000000000000014,0.3999999999999986
2022-09-13,26.0,28.0,24.9,1.4416666666666667,100.0,3.1000000000000014,0.10000000000000142
2022-09-14,26.5,27.4,25.2,0.8583333333333334,100.0,2.1999999999999993,0.5
2022-09-15,26.5,30.0,24.2,1.1166666666666667,99.875,5.800000000000001,0.0
2022-09-16,27.9,31.9,25.2,0.15,90.125,6.699999999999999,1.3999999999999986
2022-09-17,27.9,30.9,25.5,0.37916666666666665,91.79166666666667,5.399999999999999,0.0
2022-09-18,28.2,31.2,25.8,0.18333333333333335,85.5,5.399999999999999,0.3000000000000007
2022-09-19,27.2,30.2,25.5,0.37916666666666665,69.58333333333333,4.699999999999999,-1.0
2022-09-20,27.5,30.5,25.6,0.2833333333333333,58.666666666666664,4.899999999999999,0.3000000000000007
2022-09-21,27.7,30.1,25.5,0.2875,53.75,4.600000000000001,0.1999999999999993
2022-09-22,27.5,31.1,24.8,0.14583333333333334,69.125,6.300000000000001,-0.1999999999999993
2022-09-23,27.8,31.0,25.4,0.25833333333333336,93.375,5.600000000000001,0.3000000000000007
2022-09-24,28.0,31.3,25.2,0.17500000000000002,93.625,6.100000000000001,0.1999999999999993
2022-09-25,27.3,30.9,25.4,0.3541666666666667,99.04166666666667,5.5,-0.6999999999999993
2022-09-26,27.6,31.3,25.4,0.19583333333333333,86.125,5.900000000000002,0.3000000000000007
2022-09-27,27.8,30.4,26.2,0.17500000000000002,90.75,4.199999999999999,0.1999999999999993
2022-09-28,27.4,31.0,25.2,0.15,82.58333333333333,5.800000000000001,-0.40000000000000213
2022-09-29,28.6,32.2,25.5,0.049999999999999996,28.083333333333332,6.700000000000003,1.2000000000000028
2022-09-30,28.2,32.2,25.7,0.025000000000000005,71.58333333333333,6.5000000000000036,-0.40000000000000213
2022-10-01,28.1,32.8,24.6,0.3583333333333334,99.66666666666667,8.199999999999996,-0.09999999999999787
2022-10-02,26.8,30.5,24.5,0.9708333333333333,99.95833333333333,6.0,-1.3000000000000007
2022-10-03,26.4,29.5,24.7,0.43333333333333335,100.0,4.800000000000001,-0.40000000000000213
2022-10-04,27.0,29.5,25.0,0.17916666666666667,98.66666666666667,4.5,0.6000000000000014
2022-10-05,26.8,30.6,24.1,0.28750000000000003,70.58333333333333,6.5,-0.1999999999999993
2022-10-06,26.2,30.1,24.1,0.3125,54.916666666666664,6.0,-0.6000000000000014
2022-10-07,27.3,30.8,25.2,0.5041666666666668,36.875,5.600000000000001,1.1000000000000014
2022-10-08,27.7,31.9,24.9,0.225,36.333333333333336,7.0,0.3999999999999986
2022-10-09,28.2,31.6,25.6,0.3125,79.04166666666667,6.0,0.5
2022-10-10,27.8,30.8,25.6,0.07083333333333335,81.20833333333333,5.199999999999999,-0.3999999999999986
2022-10-11,27.5,30.4,25.4,0.3041666666666667,71.66666666666667,5.0,-0.3000000000000007
2022-10-12,26.7,30.6,24.5,0.6458333333333334,78.25,6.100000000000001,-0.8000000000000007
2022-10-13,26.3,29.6,24.4,0.5875,85.79166666666667,5.200000000000003,-0.3999999999999986
2022-10-14,27.1,30.6,24.5,0.27499999999999997,43.416666666666664,6.100000000000001,0.8000000000000007
2022-10-15,27.4,30.8,24.4,0.19166666666666668,26.791666666666668,6.400000000000002,0.29999999999999716
2022-10-16,27.6,31.5,24.2,0.0,7.833333333333333,7.300000000000001,0.20000000000000284
2022-10-17,27.3,31.0,23.6,0.0,0.16666666666666666,7.399999999999999,-0.3000000000000007
2022-10-18,27.1,31.0,23.8,0.0,51.333333333333336,7.199999999999999,-0.1999999999999993
2022-10-19,26.1,30.3,23.4,0.029166666666666664,16.0,6.900000000000002,-1.0
2022-10-20,26.6,30.9,22.8,0.0,5.375,8.099999999999998,0.5
2022-10-21,26.6,31.1,22.9,0.0,0.4583333333333333,8.200000000000003,0.0
2022-10-22,27.1,31.4,23.4,0.0,41.875,8.0,0.5
2022-10-23,26.0,28.7,23.8,0.08750000000000001,99.91666666666667,4.899999999999999,-1.1000000000000014
2022-10-24,23.0,24.5,21.0,2.2125,99.95833333333333,3.5,-3.0
2022-10-25,24.6,28.6,20.5,0.0,27.625,8.100000000000001,1.6000000000000014
2022-10-26,25.9,30.5,21.6,0.0,11.666666666666666,8.899999999999999,1.2999999999999972
2022-10-27,25.6,30.2,21.2,0.0,7.75,9.0,-0.29999999999999716
2022-10-28,24.9,29.8,18.7,0.0,13.708333333333334,11.100000000000001,-0.7000000000000028
2022-10-29,24.7,29.4,19.5,0.0,11.541666666666666,9.899999999999999,-0.1999999999999993
2022-10-30,24.8,29.4,19.8,0.0,0.0,9.599999999999998,0.10000000000000142
2022-10-31,25.7,30.1,20.8,0.0,15.583333333333334,9.3,0.8999999999999986
2022-11-01,26.2,30.8,21.7,0.0,1.3333333333333333,9.100000000000001,0.5
2022-11-02,25.6,30.4,21.0,0.0,26.625,9.399999999999999,-0.5999999999999979
2022-11-03,24.7,29.4,19.7,0.0,48.125,9.7,-0.9000000000000021
2022-11-04,25.7,30.0,19.9,0.0,3.875,10.100000000000001,1.0
2022-11-05,24.7,29.5,20.4,0.0,2.5,9.100000000000001,-1.0
2022-11-06,24.9,29.4,20.0,0.0,14.791666666666666,9.399999999999999,0.1999999999999993
2022-11-07,24.5,29.2,19.9,0.0,14.541666666666666,9.3,-0.3999999999999986
2022-11-08,24.8,29.5,20.2,0.0,17.333333333333332,9.3,0.3000000000000007
2022-11-09,24.5,28.5,20.2,0.0,37.166666666666664,8.3,-0.3000000000000007
2022-11-10,24.3,29.5,19.8,0.0,25.666666666666668,9.7,-0.1999999999999993
2022-11-11,24.9,29.2,18.9,0.0,40.416666666666664,10.3,0.5999999999999979
2022-11-12,23.9,29.1,18.5,0.0,19.208333333333332,10.600000000000001,-1.0
2022-11-13,22.4,28.2,16.2,0.0,0.0,12.0,-1.5
2022-11-14,22.4,27.7,15.9,0.0,0.0,11.799999999999999,0.0
2022-11-15,22.0,27.7,16.3,0.0,0.0,11.399999999999999,-0.3999999999999986
2022-11-16,22.1,28.0,16.2,0.0,0.0,11.8,0.10000000000000142
2022-11-17,22.2,28.5,16.5,0.0,0.0,12.0,0.09999999999999787
2022-11-18,21.9,28.2,17.5,0.0,44.875,10.7,-0.3000000000000007
2022-11-19,21.5,27.3,18.1,0.0,70.45833333333333,9.2,-0.3999999999999986
2022-11-20,23.0,28.4,18.2,0.0,72.125,10.2,1.5
2022-11-21,22.7,28.5,16.6,0.0,27.958333333333332,11.899999999999999,-0.3000000000000007
2022-11-22,22.1,28.0,15.8,0.0,31.25,12.2,-0.5999999999999979
2022-11-23,21.6,27.8,15.6,0.0,41.791666666666664,12.200000000000001,-0.5
2022-11-24,21.0,27.4,15.3,0.0,65.54166666666667,12.099999999999998,-0.6000000000000014
2022-11-25,21.1,27.5,15.6,0.0,24.916666666666668,11.9,0.10000000000000142
2022-11-26,20.7,27.5,15.1,0.0,0.0,12.4,-0.40000000000000213
2022-11-27,21.6,27.6,15.1,0.0,0.0,12.500000000000002,0.9000000000000021
2022-11-28,22.0,28.1,16.4,0.0,0.041666666666666664,11.700000000000003,0.3999999999999986
2022-11-29,23.0,28.1,18.3,0.0,26.0,9.8,1.0
2022-11-30,23.3,29.0,18.9,0.0,0.0,10.100000000000001,0.3000000000000007
2022-12-01,22.1,28.7,16.9,0.0,0.0,11.8,-1.1999999999999993
2022-12-02,21.4,28.0,15.6,0.0,0.0,12.4,-0.7000000000000028
2022-12-03,20.8,27.5,14.9,0.0,0.0,12.6,-0.5999999999999979
2022-12-04,19.8,27.1,14.6,0.0,0.0,12.500000000000002,-1.0
2022-12-05,20.3,26.8,14.7,0.0,0.0,12.100000000000001,0.5
2022-12-06,20.3,26.8,15.1,0.0,10.083333333333334,11.700000000000001,0.0
2022-12-07,19.4,25.8,15.1,0.0,78.375,10.700000000000001,-0.9000000000000021
2022-12-08,19.6,26.5,14.3,0.0,31.958333333333332,12.2,0.20000000000000284
2022-12-09,20.3,26.4,13.9,0.0,64.91666666666667,12.499999999999998,0.6999999999999993
2022-12-10,21.4,27.0,16.0,0.0,73.79166666666667,11.0,1.0999999999999979
2022-12-11,21.1,27.4,15.4,0.0,6.25,11.999999999999998,-0.29999999999999716
2022-12-12,22.4,27.9,16.0,0.0,6.25,11.899999999999999,1.2999999999999972
2022-12-13,22.5,28.8,17.6,0.0,0.08333333333333333,11.2,0.10000000000000142
2022-12-14,21.9,28.0,16.2,0.0,0.0,11.8,-0.6000000000000014
2022-12-15,20.1,26.2,14.6,0.0,0.0,11.6,-1.7999999999999972
2022-12-16,18.4,25.4,13.2,0.0,1.2083333333333333,12.2,-1.7000000000000028
2022-12-17,18.1,24.8,12.4,0.0,46.458333333333336,12.4,-0.29999999999999716
2022-12-18,19.7,25.5,14.0,0.0,36.625,11.5,1.5999999999999979
2022-12-19,20.3,26.4,14.4,0.0,40.541666666666664,11.999999999999998,0.6000000000000014
2022-12-20,20.1,26.5,14.4,0.0,12.375,12.1,-0.1999999999999993
2022-12-21,19.8,26.1,14.4,0.0,24.125,11.700000000000001,-0.3000000000000007
2022-12-22,20.1,26.0,13.6,0.0,34.583333333333336,12.4,0.3000000000000007
2022-12-23,20.2,26.6,13.4,0.0,5.125,13.200000000000001,0.09999999999999787
2022-12-24,20.5,27.5,15.3,0.0,1.4166666666666667,12.2,0.3000000000000007
2022-12-25,21.9,28.5,16.1,0.0,4.958333333333333,12.399999999999999,1.3999999999999986
2022-12-26,22.4,28.5,17.8,0.0,12.0,10.7,0.5
2022-12-27,22.5,27.6,18.4,0.004166666666666667,41.375,9.200000000000003,0.10000000000000142
2022-12-28,20.4,26.5,14.2,0.0,47.875,12.3,-2.1000000000000014
2022-12-29,18.4,24.7,13.2,0.0,17.916666666666668,11.5,-2.0
2022-12-30,18.6,24.6,12.9,0.0,0.0,11.700000000000001,0.20000000000000284
2022-12-31,20.3,26.2,14.6,0.0,3.1666666666666665,11.6,1.6999999999999993
2023-01-01,19.7,24.6,15.8,0.025000000000000005,29.041666666666668,8.8,-0.6000000000000014
2023-01-02,19.7,25.5,14.8,0.0,13.041666666666666,10.7,0.0
2023-01-03,18.6,25.1,14.1,0.0,5.583333333333333,11.000000000000002,-1.0999999999999979
2023-01-04,17.7,24.0,13.1,0.0,1.4166666666666667,10.9,-0.9000000000000021
2023-01-05,16.6,23.1,10.6,0.0,0.041666666666666664,12.500000000000002,-1.0999999999999979
2023-01-06,16.1,23.1,10.4,0.0,0.0,12.700000000000001,-0.5
2023-01-07,15.7,22.2,10.5,0.0,6.291666666666667,11.7,-0.40000000000000213
2023-01-08,17.2,23.5,11.1,0.0,0.25,12.4,1.5
2023-01-09,18.0,25.0,12.1,0.0,0.0,12.9,0.8000000000000007
2023-01-10,18.1,25.1,12.6,0.0,0.0,12.500000000000002,0.10000000000000142
2023-01-11,17.3,24.9,11.5,0.0,0.0,13.399999999999999,-0.8000000000000007
2023-01-12,18.1,25.2,10.9,0.0,0.08333333333333333,14.299999999999999,0.8000000000000007
2023-01-13,20.9,27.9,13.9,0.0,8.416666666666666,13.999999999999998,2.799999999999997
2023-01-14,21.9,28.0,17.2,0.0,23.291666666666668,10.8,1.0
2023-01-15,21.4,27.5,17.5,0.0,24.708333333333332,10.0,-0.5
2023-01-16,18.9,24.6,14.4,0.0,15.0,10.200000000000001,-2.5
2023-01-17,19.3,25.2,14.4,0.004166666666666667,12.0,10.799999999999999,0.40000000000000213
2023-01-18,19.5,25.3,15.1,0.029166666666666664,30.791666666666668,10.200000000000001,0.1999999999999993
2023-01-19,18.6,24.8,13.9,0.0,10.916666666666666,10.9,-0.8999999999999986
2023-01-20,18.7,25.1,13.1,0.0,0.0,12.000000000000002,0.09999999999999787
2023-01-21,20.5,27.0,15.4,0.0,0.0,11.6,1.8000000000000007
2023-01-22,21.7,28.4,15.9,0.0,0.7083333333333334,12.499999999999998,1.1999999999999993
2023-01-23,23.0,29.4,17.0,0.0,0.041666666666666664,12.399999999999999,1.3000000000000007
2023-01-24,22.8,29.6,17.2,0.0,19.333333333333332,12.400000000000002,-0.1999999999999993
2023-01-25,23.5,29.5,18.3,0.0,13.958333333333334,11.2,0.6999999999999993
2023-01-26,23.9,30.6,18.1,0.0,0.75,12.5,0.3999999999999986
2023-01-27,23.5,29.1,18.4,0.0,0.75,10.700000000000003,-0.3999999999999986
2023-01-28,21.9,28.0,16.9,0.0,0.0,11.100000000000001,-1.6000000000000014
2023-01-29,19.9,27.0,13.9,0.0,15.666666666666666,13.1,-2.0
2023-01-30,21.9,28.1,14.4,0.0,5.791666666666667,13.700000000000001,2.0
2023-01-31,22.2,26.8,17.1,0.0,86.5,9.7,0.3000000000000007
2023-02-01,21.0,24.5,17.0,0.0,44.791666666666664,7.5,-1.1999999999999993
2023-02-02,19.3,26.0,14.4,0.0,48.041666666666664,11.6,-1.6999999999999993
2023-02-03,19.4,25.8,13.4,0.0,35.833333333333336,12.4,0.09999999999999787
2023-02-04,20.1,26.9,13.5,0.0,33.5,13.399999999999999,0.7000000000000028
2023-02-05,20.7,27.5,14.1,0.0,6.458333333333333,13.4,0.5999999999999979
2023-02-06,22.1,29.6,16.9,0.0,0.0,12.700000000000003,1.4000000000000021
2023-02-07,23.1,30.2,17.6,0.0,11.833333333333334,12.599999999999998,1.0
2023-02-08,23.8,30.8,18.6,0.0,16.208333333333332,12.2,0.6999999999999993
2023-02-09,23.2,29.6,15.6,0.0,14.541666666666666,14.000000000000002,-0.6000000000000014
2023-02-10,23.0,30.0,16.6,0.0,25.666666666666668,13.399999999999999,-0.1999999999999993
2023-02-11,24.6,32.5,18.5,0.0,11.75,14.0,1.6000000000000014
2023-02-12,24.5,31.2,15.8,0.0,13.333333333333334,15.399999999999999,-0.10000000000000142
2023-02-13,21.8,28.8,15.0,0.0,0.0,13.8,-2.6999999999999993
2023-02-14,20.9,27.4,14.2,0.0,0.0,13.2,-0.9000000000000021
2023-02-15,21.3,27.8,14.2,0.0,0.0,13.600000000000001,0.40000000000000213
2023-02-16,23.0,29.1,16.8,0.0,7.208333333333333,12.3,1.6999999999999993
2023-02-17,23.5,29.6,19.2,0.012500000000000002,29.916666666666668,10.400000000000002,0.5
2023-02-18,23.6,29.0,19.2,0.024999999999999998,23.75,9.8,0.10000000000000142
2023-02-19,24.5,30.7,19.8,0.0,23.916666666666668,10.899999999999999,0.8999999999999986
2023-02-20,25.4,31.1,21.5,0.0,23.833333333333332,9.600000000000001,0.8999999999999986
2023-02-21,26.4,33.1,22.0,0.0,24.75,11.100000000000001,1.0
2023-02-22,26.4,32.4,21.5,0.0,17.875,10.899999999999999,0.0
2023-02-23,26.9,33.6,22.0,0.0,37.458333333333336,11.600000000000001,0.5
2023-02-24,26.7,32.6,22.5,0.0,54.375,10.100000000000001,-0.1999999999999993
2023-02-25,26.7,33.1,22.1,0.0,35.166666666666664,11.0,0.0
2023-02-26,26.0,31.9,19.7,0.0,10.083333333333334,12.2,-0.6999999999999993
2023-02-27,25.9,33.3,19.0,0.0,12.583333333333334,14.299999999999997,-0.10000000000000142
2023-02-28,25.6,33.2,19.5,0.0,0.08333333333333333,13.700000000000003,-0.29999999999999716
2023-03-01,26.1,33.2,20.1,0.0,13.333333333333334,13.100000000000001,0.5
2023-03-02,27.5,34.4,21.2,0.0,4.875,13.2,1.3999999999999986
2023-03-03,26.6,34.7,19.6,0.0,0.20833333333333334,15.100000000000001,-0.8999999999999986
2023-03-04,27.6,34.9,19.9,0.0,0.0,15.0,1.0
2023-03-05,27.1,34.5,20.0,0.0,0.041666666666666664,14.5,-0.5
2023-03-06,27.0,34.2,20.0,0.0,0.9583333333333334,14.200000000000003,-0.10000000000000142
2023-03-07,27.3,34.5,20.3,0.0,57.416666666666664,14.2,0.3000000000000007
2023-03-08,27.3,34.4,20.9,0.0,67.125,13.5,0.0
2023-03-09,27.5,33.7,20.8,0.0,66.0,12.900000000000002,0.1999999999999993
2023-03-10,27.1,33.3,22.8,0.0,87.08333333333333,10.499999999999996,-0.3999999999999986
2023-03-11,26.8,33.3,20.9,0.004166666666666667,45.291666666666664,12.399999999999999,-0.3000000000000007
2023-03-12,27.8,34.8,20.5,0.0,7.166666666666667,14.299999999999997,1.0
2023-03-13,28.3,35.7,21.0,0.0,27.625,14.700000000000003,0.5
2023-03-14,27.9,34.0,22.5,0.024999999999999998,78.79166666666667,11.5,-0.40000000000000213
2023-03-15,28.1,34.1,23.1,0.004166666666666667,41.541666666666664,11.0,0.20000000000000284
2023-03-16,25.3,32.5,21.3,0.19583333333333333,87.375,11.2,-2.8000000000000007
2023-03-17,23.4,29.0,19.9,0.5916666666666667,82.0,9.100000000000001,-1.9000000000000021
2023-03-18,24.1,27.1,21.4,0.20833333333333334,90.41666666666667,5.700000000000003,0.7000000000000028
2023-03-19,21.7,24.5,19.2,0.6625,91.625,5.300000000000001,-2.400000000000002
2023-03-20,23.4,27.4,19.9,0.13749999999999998,54.166666666666664,7.5,1.6999999999999993
2023-03-21,23.0,27.4,19.7,0.6041666666666666,68.375,7.699999999999999,-0.3999999999999986
2023-03-22,24.2,29.3,20.8,0.09583333333333333,21.333333333333332,8.5,1.1999999999999993
2023-03-23,24.9,30.2,20.4,0.02916666666666667,11.416666666666666,9.8,0.6999999999999993
2023-03-24,25.8,31.6,22.3,0.012499999999999999,22.083333333333332,9.3,0.9000000000000021
2023-03-25,27.7,32.4,24.5,0.04583333333333334,18.916666666666668,7.899999999999999,1.8999999999999986
2023-03-26,27.3,32.5,22.3,0.23749999999999996,47.708333333333336,10.2,-0.3999999999999986
2023-03-27,26.7,31.2,22.5,0.13333333333333333,30.75,8.7,-0.6000000000000014
2023-03-28,28.0,34.0,24.0,0.0,14.083333333333334,10.0,1.3000000000000007
2023-03-29,28.0,33.0,24.9,0.0375,23.75,8.100000000000001,0.0
2023-03-30,28.3,32.9,25.5,0.1125,39.708333333333336,7.399999999999999,0.3000000000000007
2023-03-31,25.2,30.0,21.0,0.2833333333333334,67.04166666666667,9.0,-3.1000000000000014
2023-04-01,24.8,28.5,21.6,0.0375,51.958333333333336,6.899999999999999,-0.3999999999999986
2023-04-02,26.6,31.5,22.0,0.0,38.208333333333336,9.5,1.8000000000000007
2023-04-03,27.8,33.4,23.3,0.0,10.083333333333334,10.099999999999998,1.1999999999999993
2023-04-04,28.6,34.8,23.9,0.0,12.625,10.899999999999999,0.8000000000000007
2023-04-05,29.3,35.6,23.9,0.0,5.416666666666667,11.700000000000003,0.6999999999999993
2023-04-06,29.3,36.3,22.7,0.0,3.5833333333333335,13.599999999999998,0.0
2023-04-07,29.8,36.8,23.7,0.0,11.375,13.099999999999998,0.5
2023-04-08,30.3,36.5,24.0,0.0,40.458333333333336,12.5,0.5
2023-04-09,31.2,38.5,25.4,0.0,6.25,13.100000000000001,0.8999999999999986
2023-04-10,31.1,37.9,24.5,0.0,11.458333333333334,13.399999999999999,-0.09999999999999787
2023-04-11,31.6,39.2,24.0,0.0,2.4166666666666665,15.200000000000003,0.5
2023-04-12,31.7,39.7,23.2,0.0,0.0,16.500000000000004,0.09999999999999787
2023-04-13,32.6,41.4,23.8,0.0,0.0,17.599999999999998,0.9000000000000021
2023-04-14,33.4,42.2,26.4,0.0,32.583333333333336,15.800000000000004,0.7999999999999972
2023-04-15,33.7,41.0,26.1,0.0,87.95833333333333,14.899999999999999,0.30000000000000426
2023-04-16,33.3,41.5,27.3,0.0,47.416666666666664,14.2,-0.4000000000000057
2023-04-17,32.9,39.2,27.0,0.012499999999999999,26.791666666666668,12.200000000000003,-0.3999999999999986
2023-04-18,32.5,40.0,26.6,0.024999999999999998,21.125,13.399999999999999,-0.3999999999999986
2023-04-19,33.0,41.9,26.8,0.0,25.041666666666668,15.099999999999998,0.5
2023-04-20,32.9,41.0,26.6,0.004166666666666667,39.208333333333336,14.399999999999999,-0.10000000000000142
2023-04-21,32.5,40.7,24.7,0.0,58.375,16.000000000000004,-0.3999999999999986
2023-04-22,30.4,35.3,24.8,0.03333333333333333,68.45833333333333,10.499999999999996,-2.1000000000000014
2023-04-23,27.2,33.2,22.9,0.1708333333333333,55.833333333333336,10.300000000000004,-3.1999999999999993
2023-04-24,26.6,29.8,22.6,0.6708333333333334,47.708333333333336,7.199999999999999,-0.5999999999999979
2023-04-25,28.0,31.7,23.8,0.025000000000000005,79.45833333333333,7.899999999999999,1.3999999999999986
2023-04-26,28.6,32.8,25.2,0.012500000000000002,42.208333333333336,7.599999999999998,0.6000000000000014
2023-04-27,27.6,34.0,23.4,0.5583333333333335,50.583333333333336,10.600000000000001,-1.0
2023-04-28,27.4,33.5,24.5,0.07916666666666668,76.29166666666667,9.0,-0.20000000000000284
2023-04-29,28.8,34.0,25.5,0.22083333333333333,72.91666666666667,8.5,1.4000000000000021
2023-04-30,27.9,33.5,24.5,0.03333333333333333,95.0,9.0,-0.9000000000000021
2023-05-01,27.0,30.3,23.4,0.0,87.83333333333333,6.900000000000002,-0.8999999999999986
2023-05-02,28.5,33.0,24.1,0.0,38.666666666666664,8.899999999999999,1.5
2023-05-03,27.3,30.4,24.6,0.44166666666666665,93.29166666666667,5.799999999999997,-1.1999999999999993
2023-05-04,27.0,30.2,23.6,0.10000000000000002,59.916666666666664,6.599999999999998,-0.3000000000000007
2023-05-05,29.0,33.9,24.9,0.0,33.5,9.0,2.0
2023-05-06,29.8,34.5,26.1,0.016666666666666666,34.5,8.399999999999999,0.8000000000000007
2023-05-07,30.9,37.2,25.8,0.0,2.0416666666666665,11.400000000000002,1.0999999999999979
2023-05-08,31.8,38.4,26.4,0.0,7.791666666666667,12.0,0.9000000000000021
2023-05-09,32.2,38.2,27.3,0.004166666666666667,6.083333333333333,10.900000000000002,0.40000000000000213
2023-05-10,31.5,37.8,26.6,0.0375,28.791666666666668,11.199999999999996,-0.7000000000000028
2023-05-11,31.1,37.8,26.4,0.016666666666666666,52.375,11.399999999999999,-0.3999999999999986
2023-05-12,31.5,37.3,26.6,0.004166666666666667,98.33333333333333,10.699999999999996,0.3999999999999986
2023-05-13,30.7,35.3,26.8,0.04583333333333334,95.79166666666667,8.499999999999996,-0.8000000000000007
2023-05-14,30.9,37.0,24.3,0.0,67.75,12.7,0.1999999999999993
2023-05-15,29.7,36.8,24.9,0.025000000000000005,24.208333333333332,11.899999999999999,-1.1999999999999993
2023-05-16,31.3,37.3,28.0,0.28750000000000003,37.875,9.299999999999997,1.6000000000000014
2023-05-17,29.9,36.5,25.8,0.29583333333333334,22.458333333333332,10.7,-1.4000000000000021
2023-05-18,28.7,34.8,24.2,0.6250000000000001,57.583333333333336,10.599999999999998,-1.1999999999999993
2023-05-19,29.7,36.5,24.6,1.1708333333333334,48.791666666666664,11.899999999999999,1.0
2023-05-20,30.9,36.2,27.8,0.16666666666666666,10.125,8.400000000000002,1.1999999999999993
2023-05-21,31.6,35.8,28.2,0.0,34.291666666666664,7.599999999999998,0.7000000000000028
2023-05-22,31.4,35.7,28.0,0.0,12.708333333333334,7.700000000000003,-0.20000000000000284
2023-05-23,30.8,38.3,26.5,0.08333333333333333,46.541666666666664,11.799999999999997,-0.5999999999999979
2023-05-24,28.9,34.0,25.8,0.30416666666666664,45.791666666666664,8.2,-1.9000000000000021
2023-05-25,30.7,37.2,25.7,0.33749999999999997,53.75,11.500000000000004,1.8000000000000007
2023-05-26,28.2,36.0,24.1,0.9333333333333332,75.625,11.899999999999999,-2.5
2023-05-27,28.4,32.0,25.0,0.19166666666666668,46.625,7.0,0.1999999999999993
2023-05-28,29.2,35.0,25.5,0.09583333333333334,29.791666666666668,9.5,0.8000000000000007
2023-05-29,31.6,35.8,27.0,0.0,28.833333333333332,8.799999999999997,2.400000000000002
2023-05-30,31.0,36.3,28.0,0.029166666666666664,76.875,8.299999999999997,-0.6000000000000014
2023-05-31,32.2,37.6,28.8,0.05833333333333333,77.66666666666667,8.8,1.2000000000000028
2023-06-01,32.3,37.5,28.7,0.1625,67.66666666666667,8.8,0.09999999999999432
2023-06-02,31.3,36.5,28.1,0.49583333333333335,35.5,8.399999999999999,-0.9999999999999964
2023-06-03,31.5,38.5,28.5,0.7374999999999999,42.583333333333336,10.0,0.1999999999999993
2023-06-04,32.0,38.6,28.0,0.21666666666666667,28.25,10.600000000000001,0.5
2023-06-05,32.5,39.3,28.5,0.07916666666666668,34.916666666666664,10.799999999999997,0.5
2023-06-06,31.6,38.8,28.5,0.3875,50.166666666666664,10.299999999999997,-0.8999999999999986
2023-06-07,33.2,39.8,30.1,0.23750000000000002,93.33333333333333,9.699999999999996,1.6000000000000014
2023-06-08,31.6,38.0,28.8,0.2333333333333333,100.0,9.2,-1.6000000000000014
2023-06-09,28.9,32.7,27.1,0.08333333333333333,100.0,5.600000000000001,-2.700000000000003
2023-06-10,30.4,34.8,27.4,0.09166666666666667,92.08333333333333,7.399999999999999,1.5
2023-06-11,30.2,37.8,27.4,1.4083333333333334,96.625,10.399999999999999,-0.1999999999999993
2023-06-12,30.4,35.5,25.8,0.125,96.875,9.7,0.1999999999999993
2023-06-13,32.3,38.0,28.5,0.041666666666666664,89.70833333333333,9.5,1.8999999999999986
2023-06-14,33.8,38.7,30.5,0.0,99.625,8.200000000000003,1.5
2023-06-15,33.8,39.1,30.6,0.0,98.66666666666667,8.5,0.0
2023-06-16,32.3,38.7,29.0,0.24166666666666667,95.625,9.700000000000003,-1.5
2023-06-17,32.7,37.5,29.9,0.0,90.625,7.600000000000001,0.4000000000000057
2023-06-18,31.3,34.2,28.9,0.020833333333333332,98.41666666666667,5.300000000000004,-1.4000000000000021
2023-06-19,29.8,33.6,26.6,0.5083333333333333,89.79166666666667,7.0,-1.5
2023-06-20,31.5,34.3,29.0,0.029166666666666664,95.875,5.299999999999997,1.6999999999999993
2023-06-21,30.0,34.5,27.6,0.1791666666666667,98.16666666666667,6.899999999999999,-1.5
2023-06-22,28.3,32.8,26.0,0.3541666666666667,99.95833333333333,6.799999999999997,-1.6999999999999993
2023-06-23,28.6,32.8,25.3,0.8166666666666665,87.5,7.4999999999999964,0.3000000000000007
2023-06-24,28.0,32.2,26.4,1.2041666666666666,99.0,5.800000000000004,-0.6000000000000014
2023-06-25,28.0,31.5,25.9,0.3958333333333333,85.70833333333333,5.600000000000001,0.0
2023-06-26,26.7,30.0,25.2,0.8916666666666667,100.0,4.800000000000001,-1.3000000000000007
2023-06-27,26.4,29.5,25.1,1.0250000000000001,97.04166666666667,4.399999999999999,-0.3000000000000007
2023-06-28,27.9,31.3,25.8,0.375,95.95833333333333,5.5,1.5
2023-06-29,29.1,32.3,26.6,0.19583333333333333,89.16666666666667,5.699999999999996,1.2000000000000028
2023-06-30,29.1,32.0,27.3,0.6875,91.91666666666667,4.699999999999999,0.0
2023-07-01,28.9,32.8,27.0,0.9583333333333334,97.79166666666667,5.799999999999997,-0.20000000000000284
2023-07-02,29.1,32.0,27.6,0.8916666666666666,95.70833333333333,4.399999999999999,0.20000000000000284
2023-07-03,29.7,33.5,27.5,0.4416666666666667,81.08333333333333,6.0,0.5999999999999979
2023-07-04,29.7,33.8,26.1,0.22083333333333333,73.45833333333333,7.699999999999996,0.0
2023-07-05,28.1,31.5,26.1,0.7458333333333332,95.5,5.399999999999999,-1.5999999999999979
2023-07-06,28.2,31.5,25.8,0.9916666666666667,91.91666666666667,5.699999999999999,0.09999999999999787
2023-07-07,28.6,31.4,25.6,0.47083333333333327,95.5,5.799999999999997,0.40000000000000213
2023-07-08,29.0,32.2,25.9,0.15416666666666667,77.70833333333333,6.300000000000004,0.3999999999999986
2023-07-09,29.8,32.7,26.2,0.05833333333333334,85.41666666666667,6.5000000000000036,0.8000000000000007
2023-07-10,29.1,32.2,26.2,0.25416666666666665,99.79166666666667,6.0000000000000036,-0.6999999999999993
2023-07-11,29.2,33.0,26.2,0.041666666666666664,96.04166666666667,6.800000000000001,0.09999999999999787
2023-07-12,28.9,32.2,26.1,0.11666666666666668,93.5,6.100000000000001,-0.3000000000000007
2023-07-13,28.7,31.1,27.0,0.5625,98.33333333333333,4.100000000000001,-0.1999999999999993
2023-07-14,27.9,31.7,25.3,1.8166666666666667,97.45833333333333,6.399999999999999,-0.8000000000000007
2023-07-15,27.6,31.6,25.4,0.5958333333333333,94.70833333333333,6.200000000000003,-0.29999999999999716
2023-07-16,28.1,32.1,26.0,0.21250000000000002,96.58333333333333,6.100000000000001,0.5
2023-07-17,28.2,31.0,26.1,0.225,71.20833333333333,4.899999999999999,0.09999999999999787
2023-07-18,28.9,32.2,26.6,0.1875,65.25,5.600000000000001,0.6999999999999993
2023-07-19,28.9,32.1,26.8,0.16666666666666666,61.083333333333336,5.300000000000001,0.0
2023-07-20,29.5,32.8,27.1,0.08750000000000001,83.375,5.699999999999996,0.6000000000000014
2023-07-21,28.4,31.0,26.1,0.5333333333333333,99.54166666666667,4.899999999999999,-1.1000000000000014
2023-07-22,28.5,31.8,26.6,0.24583333333333335,92.95833333333333,5.199999999999999,0.10000000000000142
2023-07-23,29.0,32.4,26.0,0.0625,93.04166666666667,6.399999999999999,0.5
2023-07-24,29.3,32.3,26.6,0.041666666666666664,62.791666666666664,5.699999999999996,0.3000000000000007
2023-07-25,28.5,32.0,26.8,0.5958333333333333,83.70833333333333,5.199999999999999,-0.8000000000000007
2023-07-26,28.4,31.1,26.2,0.42083333333333334,95.79166666666667,4.900000000000002,-0.10000000000000142
2023-07-27,28.8,31.8,26.0,0.13749999999999998,58.375,5.800000000000001,0.40000000000000213
2023-07-28,29.1,32.5,26.3,0.08750000000000001,71.5,6.199999999999999,0.3000000000000007
2023-07-29,28.8,32.2,26.4,0.39166666666666666,87.95833333333333,5.800000000000004,-0.3000000000000007
2023-07-30,29.1,33.1,26.9,0.1625,67.20833333333333,6.200000000000003,0.3000000000000007
2023-07-31,28.8,32.8,26.3,2.1374999999999997,99.91666666666667,6.4999999999999964,-0.3000000000000007
2023-08-01,28.8,33.6,26.2,3.6875,98.54166666666667,7.400000000000002,0.0
2023-08-02,28.2,31.0,26.2,0.425,99.54166666666667,4.800000000000001,-0.6000000000000014
2023-08-03,29.5,31.8,26.9,0.05416666666666666,99.66666666666667,4.900000000000002,1.3000000000000007
2023-08-04,29.8,33.1,27.7,0.016666666666666666,99.875,5.400000000000002,0.3000000000000007
2023-08-05,29.3,32.2,27.0,0.42083333333333334,98.25,5.200000000000003,-0.5
2023-08-06,28.7,31.4,27.0,0.35833333333333334,100.0,4.399999999999999,-0.6000000000000014
2023-08-07,27.9,31.1,26.5,1.0083333333333333,100.0,4.600000000000001,-0.8000000000000007
2023-08-08,27.8,31.9,25.8,0.47500000000000003,100.0,6.099999999999998,-0.09999999999999787
2023-08-09,27.6,32.5,25.5,0.5416666666666666,98.45833333333333,7.0,-0.1999999999999993
2023-08-10,29.2,33.2,26.1,0.3083333333333333,92.04166666666667,7.100000000000001,1.5999999999999979
2023-08-11,29.2,33.5,26.6,0.4583333333333333,95.45833333333333,6.899999999999999,0.0
2023-08-12,28.3,31.6,26.9,1.7416666666666665,96.29166666666667,4.700000000000003,-0.8999999999999986
2023-08-13,27.5,29.9,25.3,0.525,99.91666666666667,4.599999999999998,-0.8000000000000007
2023-08-14,28.1,32.1,25.5,0.625,85.83333333333333,6.600000000000001,0.6000000000000014
2023-08-15,28.9,32.6,26.7,0.12916666666666668,88.375,5.900000000000002,0.7999999999999972
2023-08-16,28.7,32.3,26.8,0.8208333333333333,89.41666666666667,5.4999999999999964,-0.1999999999999993
2023-08-17,28.6,33.3,26.0,0.6541666666666667,46.958333333333336,7.299999999999997,-0.09999999999999787
2023-08-18,28.6,31.5,26.5,0.15,67.0,5.0,0.0
2023-08-19,28.9,31.5,26.4,0.05416666666666667,82.5,5.100000000000001,0.29999999999999716
2023-08-20,29.3,32.5,26.3,0.03333333333333333,98.16666666666667,6.199999999999999,0.40000000000000213
2023-08-21,29.7,32.5,27.2,0.041666666666666664,94.125,5.300000000000001,0.3999999999999986
2023-08-22,28.5,31.2,25.8,0.5750000000000001,98.5,5.399999999999999,-1.1999999999999993
2023-08-23,27.7,31.5,26.0,0.5625,99.54166666666667,5.5,-0.8000000000000007
2023-08-24,27.9,31.3,26.0,1.2125000000000001,99.875,5.300000000000001,0.1999999999999993
2023-08-25,27.5,31.1,25.8,1.425,99.95833333333333,5.300000000000001,-0.3999999999999986
2023-08-26,27.3,31.2,25.8,1.2458333333333333,99.41666666666667,5.399999999999999,-0.1999999999999993
2023-08-27,29.2,33.3,26.4,0.012500000000000002,82.0,6.899999999999999,1.8999999999999986
2023-08-28,29.9,33.8,26.2,0.0,49.75,7.599999999999998,0.6999999999999993
2023-08-29,30.1,33.5,27.0,0.008333333333333333,84.16666666666667,6.5,0.20000000000000284
2023-08-30,30.3,34.2,25.9,0.10416666666666667,90.20833333333333,8.300000000000004,0.1999999999999993
2023-08-31,29.6,33.8,26.9,0.025000000000000005,92.75,6.899999999999999,-0.6999999999999993
2023-09-01,29.6,33.1,27.2,0.29583333333333334,94.25,5.900000000000002,0.0
2023-09-02,28.9,32.8,26.8,1.1791666666666667,99.70833333333333,5.9999999999999964,-0.7000000000000028
2023-09-03,28.2,32.9,26.0,0.7166666666666667,93.41666666666667,6.899999999999999,-0.6999999999999993
2023-09-04,27.1,31.4,25.1,0.9541666666666667,98.0,6.299999999999997,-1.0999999999999979
2023-09-05,27.3,30.5,25.6,0.35000000000000003,99.875,4.899999999999999,0.1999999999999993
2023-09-06,28.0,31.1,26.0,0.24166666666666667,100.0,5.100000000000001,0.6999999999999993
2023-09-07,26.7,30.2,25.2,1.4875,99.79166666666667,5.0,-1.3000000000000007
2023-09-08,27.5,29.2,25.5,0.23750000000000002,99.95833333333333,3.6999999999999993,0.8000000000000007
2023-09-09,28.3,31.4,25.9,0.4458333333333333,89.45833333333333,5.5,0.8000000000000007
2023-09-10,29.2,32.6,26.4,0.03333333333333333,78.5,6.200000000000003,0.8999999999999986
2023-09-11,29.0,32.3,26.2,0.18333333333333335,92.54166666666667,6.099999999999998,-0.1999999999999993
2023-09-12,28.2,32.0,26.2,0.5458333333333334,92.66666666666667,5.800000000000001,-0.8000000000000007
2023-09-13,27.9,31.6,26.0,0.7125,98.66666666666667,5.600000000000001,-0.3000000000000007
2023-09-14,27.5,30.6,25.8,0.37083333333333335,99.41666666666667,4.800000000000001,-0.3999999999999986
2023-09-15,27.4,29.9,25.5,0.30416666666666664,89.79166666666667,4.399999999999999,-0.10000000000000142
2023-09-16,28.4,32.4,25.6,0.10833333333333334,60.125,6.799999999999997,1.0
2023-09-17,29.2,33.3,26.2,0.012500000000000002,39.125,7.099999999999998,0.8000000000000007
2023-09-18,27.4,30.8,25.5,0.5333333333333333,99.95833333333333,5.300000000000001,-1.8000000000000007
2023-09-19,27.2,29.5,25.8,0.6208333333333333,99.79166666666667,3.6999999999999993,-0.1999999999999993
2023-09-20,27.2,29.5,25.7,0.5458333333333333,100.0,3.8000000000000007,0.0
2023-09-21,27.7,30.4,25.7,0.3416666666666666,99.875,4.699999999999999,0.5
2023-09-22,27.6,30.9,26.0,0.2833333333333333,99.83333333333333,4.899999999999999,-0.09999999999999787
2023-09-23,28.0,30.2,25.4,0.33749999999999997,99.29166666666667,4.800000000000001,0.3999999999999986
2023-09-24,27.2,31.0,24.9,1.1624999999999999,99.5,6.100000000000001,-0.8000000000000007
2023-09-25,27.4,31.3,25.4,0.3333333333333333,74.875,5.900000000000002,0.1999999999999993
2023-09-26,27.9,32.2,24.4,0.07916666666666666,51.916666666666664,7.800000000000004,0.5
2023-09-27,28.2,33.0,24.1,0.15833333333333333,99.20833333333333,8.899999999999999,0.3000000000000007
2023-09-28,28.6,31.8,25.4,0.6291666666666667,98.0,6.400000000000002,0.40000000000000213
2023-09-29,28.3,32.4,25.4,0.7666666666666666,100.0,7.0,-0.3000000000000007
2023-09-30,26.4,29.7,25.1,0.8624999999999999,99.0,4.599999999999998,-1.9000000000000021
2023-10-01,27.1,30.0,25.2,0.5416666666666666,89.375,4.800000000000001,0.7000000000000028
2023-10-02,26.9,30.0,24.6,0.7833333333333333,98.08333333333333,5.399999999999999,-0.20000000000000284
2023-10-03,26.2,28.6,24.5,1.1583333333333334,99.66666666666667,4.100000000000001,-0.6999999999999993
2023-10-04,26.0,28.5,25.0,1.6791666666666665,100.0,3.5,-0.1999999999999993
2023-10-05,26.8,30.1,25.2,1.3083333333333333,100.0,4.900000000000002,0.8000000000000007
2023-10-06,27.5,31.9,25.0,0.17500000000000002,97.29166666666667,6.899999999999999,0.6999999999999993
2023-10-07,28.3,32.2,25.2,0.016666666666666666,65.54166666666667,7.0000000000000036,0.8000000000000007
2023-10-08,27.9,32.2,24.8,0.2708333333333333,69.58333333333333,7.400000000000002,-0.40000000000000213
2023-10-09,28.3,33.3,25.0,0.016666666666666666,52.458333333333336,8.299999999999997,0.40000000000000213
2023-10-10,29.5,33.7,25.2,0.0,7.25,8.500000000000004,1.1999999999999993
2023-10-11,29.3,33.7,24.5,0.0,5.625,9.200000000000003,-0.1999999999999993
2023-10-12,28.8,33.5,23.4,0.0,11.791666666666666,10.100000000000001,-0.5
2023-10-13,28.4,33.6,23.0,0.0,6.958333333333333,10.600000000000001,-0.40000000000000213
2023-10-14,27.7,33.0,23.1,0.0,8.291666666666666,9.899999999999999,-0.6999999999999993
2023-10-15,28.0,32.7,23.2,0.0,4.416666666666667,9.500000000000004,0.3000000000000007
2023-10-16,27.3,31.4,23.3,0.029166666666666664,8.916666666666666,8.099999999999998,-0.6999999999999993
2023-10-17,27.6,31.1,23.6,0.008333333333333333,11.666666666666666,7.5,0.3000000000000007
2023-10-18,27.0,31.9,22.6,0.0,9.916666666666666,9.299999999999997,-0.6000000000000014
2023-10-19,26.7,31.3,21.9,0.0,6.583333333333333,9.400000000000002,-0.3000000000000007
2023-10-20,26.3,31.2,20.6,0.0,1.2083333333333333,10.599999999999998,-0.3999999999999986
2023-10-21,26.1,30.8,21.4,0.0,21.166666666666668,9.400000000000002,-0.1999999999999993
2023-10-22,27.0,31.3,23.5,0.0,83.41666666666667,7.800000000000001,0.8999999999999986
2023-10-23,25.5,30.4,23.0,0.04583333333333334,98.91666666666667,7.399999999999999,-1.5
2023-10-24,25.4,28.8,22.5,0.004166666666666667,81.45833333333333,6.300000000000001,-0.10000000000000142
2023-10-25,26.9,31.0,22.4,0.004166666666666667,30.666666666666668,8.600000000000001,1.5
2023-10-26,26.6,31.1,22.4,0.016666666666666666,14.541666666666666,8.700000000000003,-0.29999999999999716
2023-10-27,25.7,30.5,22.1,0.05833333333333334,22.958333333333332,8.399999999999999,-0.9000000000000021
2023-10-28,25.7,29.9,20.8,0.008333333333333333,13.625,9.099999999999998,0.0
2023-10-29,25.3,30.5,20.0,0.0,23.583333333333332,10.5,-0.3999999999999986
2023-10-30,25.9,30.5,19.9,0.0,3.2083333333333335,10.600000000000001,0.5999999999999979
2023-10-31,26.5,31.3,20.7,0.0,3.5,10.600000000000001,0.6000000000000014
2023-11-01,27.5,32.0,22.1,0.0,15.166666666666666,9.899999999999999,1.0
2023-11-02,27.4,31.8,23.9,0.0,11.666666666666666,7.900000000000002,-0.10000000000000142
2023-11-03,26.5,30.4,22.8,0.0375,30.916666666666668,7.599999999999998,-0.8999999999999986
2023-11-04,25.4,30.5,22.0,0.1708333333333333,46.541666666666664,8.5,-1.1000000000000014
2023-11-05,25.2,29.6,22.0,0.37083333333333335,41.125,7.600000000000001,-0.1999999999999993
2023-11-06,25.1,31.1,19.6,0.0,35.333333333333336,11.5,-0.09999999999999787
2023-11-07,24.5,30.5,19.0,0.0,29.083333333333332,11.5,-0.6000000000000014
2023-11-08,25.1,30.1,18.7,0.0,5.791666666666667,11.400000000000002,0.6000000000000014
2023-11-09,25.1,30.5,18.6,0.0,5.375,11.899999999999999,0.0
2023-11-10,25.1,30.5,18.7,0.0,29.25,11.8,0.0
2023-11-11,24.7,30.4,19.1,0.0,27.416666666666668,11.299999999999997,-0.40000000000000213
2023-11-12,24.6,30.6,19.4,0.0,14.333333333333334,11.200000000000003,-0.09999999999999787
2023-11-13,24.1,30.1,19.2,0.0,38.625,10.900000000000002,-0.5
2023-11-14,24.0,30.1,19.0,0.0,93.25,11.100000000000001,-0.10000000000000142
2023-11-15,25.4,30.2,19.8,0.0,96.375,10.399999999999999,1.3999999999999986
2023-11-16,23.7,27.4,22.2,0.5875,99.66666666666667,5.199999999999999,-1.6999999999999993
2023-11-17,24.1,29.5,18.8,0.004166666666666667,34.583333333333336,10.7,0.40000000000000213
2023-11-18,23.5,28.6,18.6,0.0,19.833333333333332,10.0,-0.6000000000000014
2023-11-19,23.6,29.2,18.8,0.0,17.583333333333332,10.399999999999999,0.10000000000000142
2023-11-20,24.4,29.2,19.1,0.0,71.20833333333333,10.099999999999998,0.7999999999999972
2023-11-21,23.9,29.8,18.5,0.0,31.166666666666668,11.3,-0.5
2023-11-22,22.5,28.7,16.9,0.0,0.5833333333333334,11.8,-1.3999999999999986
2023-11-23,22.5,27.9,16.6,0.0,0.08333333333333333,11.299999999999997,0.0
2023-11-24,22.9,28.2,17.3,0.0,6.166666666666667,10.899999999999999,0.3999999999999986
2023-11-25,22.6,28.4,17.9,0.0,13.208333333333334,10.5,-0.29999999999999716
2023-11-26,23.0,28.5,17.8,0.0,6.583333333333333,10.7,0.3999999999999986
2023-11-27,23.3,28.6,17.2,0.0,79.79166666666667,11.400000000000002,0.3000000000000007
2023-11-28,23.6,29.2,19.0,0.0,15.25,10.2,0.3000000000000007
2023-11-29,23.8,29.5,19.2,0.0,39.125,10.3,0.1999999999999993
2023-11-30,23.6,29.4,18.9,0.0,32.666666666666664,10.5,-0.1999999999999993
2023-12-01,24.0,30.0,18.9,0.0,25.583333333333332,11.100000000000001,0.3999999999999986
2023-12-02,23.6,29.5,19.0,0.0,73.875,10.5,-0.3999999999999986
2023-12-03,24.4,29.9,19.4,0.0,99.45833333333333,10.5,0.7999999999999972
2023-12-04,24.3,27.4,20.1,0.0,99.125,7.299999999999997,-0.09999999999999787
2023-12-05,23.3,25.8,21.1,0.0,99.875,4.699999999999999,-1.0
2023-12-06,22.9,27.6,19.0,0.2833333333333334,98.375,8.600000000000001,-0.40000000000000213
2023-12-07,20.0,22.0,18.5,1.1041666666666667,91.75,3.5,-2.8999999999999986
2023-12-08,20.7,25.1,16.8,0.0,48.083333333333336,8.3,0.6999999999999993
2023-12-09,20.4,26.1,15.4,0.0,4.416666666666667,10.700000000000001,-0.3000000000000007
2023-12-10,19.0,25.6,13.4,0.0,0.08333333333333333,12.200000000000001,-1.3999999999999986
2023-12-11,18.4,24.8,13.1,0.0,0.9583333333333334,11.700000000000001,-0.6000000000000014
2023-12-12,18.4,24.5,13.4,0.0,22.125,11.1,0.0
2023-12-13,19.4,25.0,13.4,0.0,16.958333333333332,11.6,1.0
2023-12-14,18.2,25.0,12.8,0.0,41.875,12.2,-1.1999999999999993
2023-12-15,17.7,24.2,12.6,0.0,0.0,11.6,-0.5
2023-12-16,18.0,24.5,12.2,0.0,0.0,12.3,0.3000000000000007
2023-12-17,17.9,24.5,11.8,0.0,6.083333333333333,12.7,-0.10000000000000142
2023-12-18,17.9,24.6,12.3,0.0,49.541666666666664,12.3,0.0
2023-12-19,17.3,24.0,13.2,0.0,34.333333333333336,10.8,-0.5999999999999979
2023-12-20,18.1,24.5,13.0,0.0,38.416666666666664,11.5,0.8000000000000007
2023-12-21,18.3,24.4,13.4,0.0,74.91666666666667,10.999999999999998,0.1999999999999993
2023-12-22,19.6,25.5,13.8,0.0,60.375,11.7,1.3000000000000007
2023-12-23,20.1,26.0,14.2,0.0,47.208333333333336,11.8,0.5
2023-12-24,19.8,25.2,14.9,0.0,18.416666666666668,10.299999999999999,-0.3000000000000007
2023-12-25,20.7,25.8,14.8,0.0,1.5833333333333333,11.0,0.8999999999999986
2023-12-26,19.8,26.4,14.7,0.0,5.916666666666667,11.7,-0.8999999999999986
2023-12-27,20.8,26.5,15.1,0.0,15.541666666666666,11.4,1.0
2023-12-28,20.1,26.5,15.0,0.0,5.708333333333333,11.5,-0.6999999999999993
2023-12-29,20.0,26.6,14.4,0.0,0.6666666666666666,12.200000000000001,-0.10000000000000142
2023-12-30,19.7,26.4,14.9,0.0,0.0,11.499999999999998,-0.3000000000000007
2023-12-31,19.1,25.8,14.7,0.0,7.375,11.100000000000001,-0.5999999999999979
2024-01-01,18.8,25.0,14.4,0.0,0.0,10.6,-0.3000000000000007
2024-01-02,16.9,23.5,12.4,0.0,0.0,11.1,-1.9000000000000021
2024-01-03,18.1,24.4,12.6,0.0,8.25,11.799999999999999,1.2000000000000028
2024-01-04,19.2,25.4,13.4,0.0,16.916666666666668,11.999999999999998,1.0999999999999979
2024-01-05,19.5,25.8,14.2,0.0,0.4583333333333333,11.600000000000001,0.3000000000000007
2024-01-06,19.8,26.6,14.4,0.0,42.875,12.200000000000001,0.3000000000000007
2024-01-07,19.8,26.2,15.4,0.0,0.75,10.799999999999999,0.0
2024-01-08,19.2,25.9,14.2,0.0,0.625,11.7,-0.6000000000000014
2024-01-09,19.6,25.3,14.1,0.0,1.0833333333333333,11.200000000000001,0.40000000000000213
2024-01-10,19.7,25.9,13.9,0.0,13.083333333333334,11.999999999999998,0.09999999999999787
2024-01-11,18.5,25.2,12.2,0.0,1.0833333333333333,13.0,-1.1999999999999993
2024-01-12,16.3,23.2,10.4,0.0,0.041666666666666664,12.799999999999999,-2.1999999999999993
2024-01-13,16.1,22.7,10.9,0.0,0.0,11.799999999999999,-0.1999999999999993
2024-01-14,15.6,22.5,10.2,0.0,0.5,12.3,-0.5000000000000018
2024-01-15,15.6,22.2,10.6,0.0,5.208333333333333,11.6,0.0
2024-01-16,16.7,22.7,11.9,0.0,2.75,10.799999999999999,1.0999999999999996
2024-01-17,18.4,24.0,11.9,0.325,31.75,12.1,1.6999999999999993
2024-01-18,17.3,19.0,15.7,0.975,88.75,3.3000000000000007,-1.0999999999999979
2024-01-19,17.8,23.1,13.4,0.0,37.375,9.700000000000001,0.5
2024-01-20,17.9,23.0,13.6,0.0,55.75,9.4,0.09999999999999787
2024-01-21,17.0,19.9,12.8,0.0375,70.625,7.099999999999998,-0.8999999999999986
2024-01-22,15.2,21.6,10.6,0.0,50.291666666666664,11.000000000000002,-1.8000000000000007
2024-01-23,17.3,22.9,10.6,0.004166666666666667,57.625,12.299999999999999,2.1000000000000014
2024-01-24,17.2,21.4,12.5,0.24166666666666667,57.791666666666664,8.899999999999999,-0.10000000000000142
2024-01-25,17.3,22.5,12.9,0.0,35.333333333333336,9.6,0.10000000000000142
2024-01-26,16.8,23.0,11.6,0.0,47.75,11.4,-0.5
2024-01-27,16.3,23.0,10.9,0.0,27.583333333333332,12.1,-0.5
2024-01-28,17.0,23.5,10.5,0.0,13.125,13.0,0.6999999999999993
2024-01-29,18.0,24.8,12.7,0.0,15.583333333333334,12.100000000000001,1.0
2024-01-30,20.5,26.8,13.5,1.1208333333333333,43.041666666666664,13.3,2.5
2024-01-31,20.0,25.5,17.0,0.08333333333333333,71.70833333333333,8.5,-0.5
2024-02-01,20.7,25.0,17.2,0.5333333333333333,54.666666666666664,7.800000000000001,0.6999999999999993
2024-02-02,20.5,26.6,17.0,0.008333333333333333,38.416666666666664,9.600000000000001,-0.1999999999999993
2024-02-03,20.1,26.0,14.3,0.0,0.375,11.7,-0.3999999999999986
2024-02-04,20.1,26.6,14.1,0.0,6.583333333333333,12.500000000000002,0.0
2024-02-05,21.8,27.1,15.8,0.0,11.958333333333334,11.3,1.6999999999999993
2024-02-06,23.1,28.4,19.5,0.06666666666666667,57.083333333333336,8.899999999999999,1.3000000000000007
2024-02-07,21.0,26.1,16.2,0.0,4.875,9.900000000000002,-2.1000000000000014
2024-02-08,19.0,24.8,13.6,0.0,54.291666666666664,11.200000000000001,-2.0
2024-02-09,17.9,23.5,12.8,0.0,34.666666666666664,10.7,-1.1000000000000014
2024-02-10,18.7,24.9,12.4,0.0,0.0,12.499999999999998,0.8000000000000007
2024-02-11,21.1,26.8,12.6,0.0,25.75,14.200000000000001,2.400000000000002
2024-02-12,21.6,27.6,16.5,0.0,59.291666666666664,11.100000000000001,0.5
2024-02-13,22.4,29.2,17.2,0.0,89.83333333333333,12.0,0.7999999999999972
2024-02-14,22.6,28.6,16.6,0.0,89.54166666666667,12.0,0.20000000000000284
2024-02-15,22.3,28.1,17.5,0.0,35.333333333333336,10.600000000000001,-0.3000000000000007
2024-02-16,22.9,29.0,15.9,0.0,4.541666666666667,13.1,0.5999999999999979
2024-02-17,21.7,28.0,15.7,0.0,3.125,12.3,-1.1999999999999993
2024-02-18,23.1,29.5,17.4,0.016666666666666666,9.25,12.100000000000001,1.4000000000000021
2024-02-19,24.5,30.1,19.0,0.008333333333333333,42.333333333333336,11.100000000000001,1.3999999999999986
2024-02-20,25.3,31.5,21.2,0.016666666666666666,23.083333333333332,10.3,0.8000000000000007
2024-02-21,25.0,32.5,21.4,0.041666666666666664,46.25,11.100000000000001,-0.3000000000000007
2024-02-22,24.4,29.5,20.0,0.0625,56.916666666666664,9.5,-0.6000000000000014
2024-02-23,22.9,28.4,18.2,0.012500000000000002,18.5,10.2,-1.5
2024-02-24,23.2,27.8,17.8,0.0,41.333333333333336,10.0,0.3000000000000007
2024-02-25,20.6,24.6,17.8,0.19999999999999998,53.083333333333336,6.800000000000001,-2.599999999999998
2024-02-26,22.3,28.5,17.5,0.0,23.083333333333332,11.0,1.6999999999999993
2024-02-27,23.2,29.0,17.7,0.008333333333333333,74.25,11.3,0.8999999999999986
2024-02-28,23.8,29.4,18.7,0.0,6.791666666666667,10.7,0.6000000000000014
2024-02-29,23.8,29.9,18.5,0.0,0.08333333333333333,11.399999999999999,0.0
2024-03-01,24.1,30.5,18.1,0.0,3.4166666666666665,12.399999999999999,0.3000000000000007
2024-03-02,25.1,30.9,18.8,0.0,11.958333333333334,12.099999999999998,1.0
2024-03-03,25.9,31.4,20.4,0.0,33.75,11.0,0.7999999999999972
2024-03-04,25.3,31.9,21.2,0.05416666666666666,38.166666666666664,10.7,-0.5999999999999979
2024-03-05,25.1,31.2,19.4,0.0,6.208333333333333,11.8,-0.1999999999999993
2024-03-06,23.7,29.5,19.0,0.0,0.625,10.5,-1.4000000000000021
2024-03-07,23.8,29.0,19.4,0.004166666666666667,31.958333333333332,9.600000000000001,0.10000000000000142
2024-03-08,23.8,30.5,16.8,0.0,0.20833333333333334,13.7,0.0
2024-03-09,23.4,30.2,16.6,0.0,0.0,13.599999999999998,-0.40000000000000213
2024-03-10,23.4,30.2,16.2,0.0,0.0,14.0,0.0
2024-03-11,25.3,31.8,15.9,0.0,0.0,15.9,1.9000000000000021
2024-03-12,27.6,33.1,21.1,0.0,27.708333333333332,12.0,2.3000000000000007
2024-03-13,27.4,33.5,22.4,0.24583333333333335,50.625,11.100000000000001,-0.20000000000000284
2024-03-14,26.1,32.4,21.8,0.9500000000000001,34.458333333333336,10.599999999999998,-1.2999999999999972
2024-03-15,26.9,33.2,23.2,0.2833333333333333,36.708333333333336,10.000000000000004,0.7999999999999972
2024-03-16,26.6,31.5,21.7,0.020833333333333332,47.125,9.8,-0.29999999999999716
2024-03-17,25.9,31.2,22.8,0.012500000000000002,28.541666666666668,8.399999999999999,-0.7000000000000028
2024-03-18,25.7,29.5,22.8,0.2708333333333333,82.91666666666667,6.699999999999999,-0.1999999999999993
2024-03-19,25.3,30.4,20.9,0.425,94.875,9.5,-0.3999999999999986
2024-03-20,20.7,23.2,18.5,0.29583333333333334,98.79166666666667,4.699999999999999,-4.600000000000001
2024-03-21,21.1,26.3,17.5,0.1875,52.166666666666664,8.8,0.40000000000000213
2024-03-22,23.4,28.1,17.7,0.004166666666666667,4.125,10.400000000000002,2.299999999999997
2024-03-23,26.1,32.2,20.4,0.09583333333333333,13.0,11.800000000000004,2.700000000000003
2024-03-24,27.6,34.0,22.4,0.0,33.916666666666664,11.600000000000001,1.5
2024-03-25,27.4,33.0,24.1,0.07916666666666668,67.83333333333333,8.899999999999999,-0.20000000000000284
2024-03-26,27.1,31.9,23.5,0.016666666666666666,24.916666666666668,8.399999999999999,-0.29999999999999716
2024-03-27,28.2,35.1,23.0,0.03333333333333333,15.208333333333334,12.100000000000001,1.0999999999999979
2024-03-28,28.1,34.3,24.5,0.020833333333333332,54.958333333333336,9.799999999999997,-0.09999999999999787
2024-03-29,28.8,35.2,25.2,0.07083333333333333,38.916666666666664,10.000000000000004,0.6999999999999993
2024-03-30,29.3,35.4,25.0,0.0,56.791666666666664,10.399999999999999,0.5
2024-03-31,28.9,36.2,25.5,0.25416666666666665,12.083333333333334,10.700000000000003,-0.40000000000000213
2024-04-01,30.3,36.7,25.0,0.0,10.666666666666666,11.700000000000003,1.4000000000000021
2024-04-02,30.1,35.8,25.2,0.0,12.625,10.599999999999998,-0.1999999999999993
2024-04-03,30.3,36.5,25.6,0.0,36.666666666666664,10.899999999999999,0.1999999999999993
2024-04-04,30.1,36.2,26.2,0.32083333333333336,27.25,10.000000000000004,-0.1999999999999993
2024-04-05,31.5,38.2,26.2,0.0,26.375,12.000000000000004,1.3999999999999986
2024-04-06,30.7,38.2,26.1,0.06666666666666667,25.625,12.100000000000001,-0.8000000000000007
2024-04-07,29.8,36.0,24.1,0.024999999999999998,60.75,11.899999999999999,-0.8999999999999986
2024-04-08,26.8,32.8,21.9,0.008333333333333333,81.79166666666667,10.899999999999999,-3.0
2024-04-09,28.4,34.7,22.1,0.0,70.20833333333333,12.600000000000001,1.5999999999999979
2024-04-10,29.3,35.8,23.0,0.0,57.125,12.799999999999997,0.9000000000000021
2024-04-11,27.0,32.5,23.1,0.0375,78.875,9.399999999999999,-2.3000000000000007
2024-04-12,28.5,34.5,22.4,0.0,44.083333333333336,12.100000000000001,1.5
2024-04-13,29.4,36.2,23.0,0.0,37.791666666666664,13.200000000000003,0.8999999999999986
2024-04-14,30.2,36.2,23.9,0.0,21.25,12.300000000000004,0.8000000000000007
2024-04-15,31.6,38.3,25.1,0.0,19.875,13.199999999999996,1.4000000000000021
2024-04-16,32.4,38.7,26.6,0.0,13.041666666666666,12.100000000000001,0.7999999999999972
2024-04-17,32.0,38.7,25.5,0.0,20.0,13.200000000000003,-0.3999999999999986
2024-04-18,31.9,38.4,25.6,0.0,24.958333333333332,12.799999999999997,-0.10000000000000142
2024-04-19,32.4,40.7,25.4,0.0,9.541666666666666,15.300000000000004,0.5
2024-04-20,33.0,41.6,26.4,0.0,3.3333333333333335,15.200000000000003,0.6000000000000014
2024-04-21,33.4,41.1,27.3,0.0,33.208333333333336,13.8,0.3999999999999986
2024-04-22,33.1,40.0,26.5,0.0,70.25,13.5,-0.29999999999999716
2024-04-23,32.5,38.5,26.3,0.0,29.541666666666668,12.2,-0.6000000000000014
2024-04-24,33.1,39.8,25.8,0.0,9.916666666666666,13.999999999999996,0.6000000000000014
2024-04-25,33.2,40.3,26.0,0.0,0.2916666666666667,14.299999999999997,0.10000000000000142
2024-04-26,33.0,40.1,27.6,0.0,5.166666666666667,12.5,-0.20000000000000284
2024-04-27,33.5,40.7,28.0,0.004166666666666667,4.583333333333333,12.700000000000003,0.5
2024-04-28,33.8,40.5,28.3,0.0,20.416666666666668,12.2,0.29999999999999716
2024-04-29,34.2,41.1,28.5,0.0,2.5,12.600000000000001,0.4000000000000057
2024-04-30,35.2,43.5,29.2,0.0,13.041666666666666,14.3,1.0
2024-05-01,34.8,41.2,28.8,0.0,10.291666666666666,12.400000000000002,-0.4000000000000057
2024-05-02,33.2,41.2,26.9,0.012499999999999999,7.333333333333333,14.300000000000004,-1.5999999999999943
2024-05-03,33.1,39.8,27.0,0.0,10.0,12.799999999999997,-0.10000000000000142
2024-05-04,32.5,38.4,28.0,0.016666666666666666,55.458333333333336,10.399999999999999,-0.6000000000000014
2024-05-05,32.2,36.7,28.5,0.004166666666666667,51.041666666666664,8.200000000000003,-0.29999999999999716
2024-05-06,29.4,36.3,25.1,1.8166666666666667,73.125,11.199999999999996,-2.8000000000000043
2024-05-07,28.4,33.9,25.0,0.012500000000000002,59.125,8.899999999999999,-1.0
2024-05-08,26.7,30.2,23.7,0.125,59.208333333333336,6.5,-1.6999999999999993
2024-05-09,26.5,30.5,24.2,0.30416666666666664,80.08333333333333,6.300000000000001,-0.1999999999999993
2024-05-10,27.2,30.9,24.9,0.4791666666666667,25.75,6.0,0.6999999999999993
2024-05-11,28.0,31.5,24.8,0.5583333333333333,75.875,6.699999999999999,0.8000000000000007
2024-05-12,27.8,32.7,24.2,0.2875,38.958333333333336,8.500000000000004,-0.1999999999999993
2024-05-13,29.4,33.5,25.5,0.0,30.583333333333332,8.0,1.5999999999999979
2024-05-14,29.9,33.9,26.0,0.10833333333333334,15.791666666666666,7.899999999999999,0.5
2024-05-15,30.3,34.8,26.5,0.0,32.125,8.299999999999997,0.40000000000000213
2024-05-16,31.0,35.8,26.8,0.0,72.29166666666667,8.999999999999996,0.6999999999999993
2024-05-17,32.1,37.6,27.6,0.0,63.916666666666664,10.0,1.1000000000000014
2024-05-18,32.1,37.2,29.0,0.0,69.5,8.200000000000003,0.0
2024-05-19,30.9,34.8,28.5,0.0,55.083333333333336,6.299999999999997,-1.2000000000000028
2024-05-20,29.0,34.0,27.1,0.7083333333333334,41.791666666666664,6.899999999999999,-1.8999999999999986
2024-05-21,29.5,34.0,27.3,0.29583333333333334,32.916666666666664,6.699999999999999,0.5
2024-05-22,29.7,33.6,26.2,0.0625,26.625,7.400000000000002,0.1999999999999993
2024-05-23,30.3,34.7,26.6,0.16666666666666666,11.041666666666666,8.100000000000001,0.6000000000000014
2024-05-24,31.1,35.5,27.4,0.0,14.166666666666666,8.100000000000001,0.8000000000000007
2024-05-25,31.3,35.7,27.9,0.02916666666666667,50.916666666666664,7.800000000000004,0.1999999999999993
2024-05-26,27.5,30.5,26.4,2.8083333333333336,100.0,4.100000000000001,-3.8000000000000007
2024-05-27,27.0,27.8,26.3,2.095833333333333,99.95833333333333,1.5,-0.5
2024-05-28,31.2,35.9,26.3,0.008333333333333333,82.54166666666667,9.599999999999998,4.199999999999999
2024-05-29,32.0,34.9,29.6,0.0,72.20833333333333,5.299999999999997,0.8000000000000007
2024-05-30,31.6,34.5,29.3,0.008333333333333333,60.625,5.199999999999999,-0.3999999999999986
2024-05-31,30.7,34.0,28.8,0.0,63.916666666666664,5.199999999999999,-0.9000000000000021
2024-06-01,30.8,34.4,27.9,0.020833333333333332,84.875,6.5,0.10000000000000142
2024-06-02,31.0,33.8,28.5,0.31666666666666665,63.208333333333336,5.299999999999997,0.1999999999999993
2024-06-03,31.1,34.5,29.0,0.004166666666666667,53.583333333333336,5.5,0.10000000000000142
2024-06-04,31.3,35.1,28.5,0.0,13.916666666666666,6.600000000000001,0.1999999999999993
2024-06-05,31.5,36.1,28.5,0.0,13.125,7.600000000000001,0.1999999999999993
2024-06-06,31.0,37.0,26.5,0.3125,50.708333333333336,10.5,-0.5
2024-06-07,31.7,36.6,27.1,0.0,67.04166666666667,9.5,0.6999999999999993
2024-06-08,31.3,35.0,28.2,0.0,60.833333333333336,6.800000000000001,-0.3999999999999986
2024-06-09,32.0,36.2,28.5,0.004166666666666667,56.708333333333336,7.700000000000003,0.6999999999999993
2024-06-10,32.0,36.0,29.0,0.0,34.541666666666664,7.0,0.0
2024-06-11,31.7,36.2,28.8,0.0,71.0,7.400000000000002,-0.3000000000000007
2024-06-12,31.5,34.7,28.9,0.0,68.25,5.800000000000004,-0.1999999999999993
2024-06-13,32.0,35.4,29.0,0.020833333333333332,68.83333333333333,6.399999999999999,0.5
2024-06-14,32.7,37.5,29.2,0.0,66.125,8.3,0.7000000000000028
2024-06-15,32.2,37.0,29.6,0.47500000000000003,78.54166666666667,7.399999999999999,-0.5
2024-06-16,32.6,36.6,29.8,0.0,97.16666666666667,6.800000000000001,0.3999999999999986
2024-06-17,32.5,37.2,29.8,0.0,97.0,7.400000000000002,-0.10000000000000142
2024-06-18,30.6,32.2,28.7,0.8916666666666667,99.95833333333333,3.5000000000000036,-1.8999999999999986
2024-06-19,30.0,34.5,28.0,0.34583333333333327,100.0,6.5,-0.6000000000000014
2024-06-20,29.4,34.7,28.1,1.0041666666666667,99.91666666666667,6.600000000000001,-0.6000000000000014
2024-06-21,28.9,31.8,27.0,0.03333333333333333,91.20833333333333,4.800000000000001,-0.5
2024-06-22,29.3,32.8,26.8,0.44999999999999996,67.91666666666667,5.9999999999999964,0.40000000000000213
2024-06-23,29.6,33.5,27.2,0.12083333333333333,79.04166666666667,6.300000000000001,0.3000000000000007
2024-06-24,30.4,33.2,27.6,0.012500000000000002,80.70833333333333,5.600000000000001,0.7999999999999972
2024-06-25,30.7,33.8,27.5,0.012500000000000002,89.33333333333333,6.299999999999997,0.3000000000000007
2024-06-26,30.1,33.5,27.5,0.020833333333333332,98.25,6.0,-0.5999999999999979
2024-06-27,28.9,32.0,27.1,0.725,95.41666666666667,4.899999999999999,-1.2000000000000028
2024-06-28,29.1,32.5,27.0,0.37916666666666665,90.04166666666667,5.5,0.20000000000000284
2024-06-29,28.9,31.7,26.6,0.30416666666666664,95.66666666666667,5.099999999999998,-0.20000000000000284
2024-06-30,28.1,31.9,26.0,1.4416666666666667,100.0,5.899999999999999,-0.7999999999999972
2024-07-01,28.1,32.0,25.9,0.7083333333333334,98.95833333333333,6.100000000000001,0.0
2024-07-02,27.3,30.5,25.8,1.3541666666666667,99.58333333333333,4.699999999999999,-0.8000000000000007
2024-07-03,27.2,28.6,25.5,1.3583333333333334,99.95833333333333,3.1000000000000014,-0.10000000000000142
2024-07-04,28.2,31.5,25.5,1.0583333333333333,99.79166666666667,6.0,1.0
2024-07-05,29.2,32.4,25.9,0.12916666666666668,99.95833333333333,6.5,1.0
2024-07-06,28.7,32.2,26.5,0.15,99.70833333333333,5.700000000000003,-0.5
2024-07-07,28.9,32.4,26.3,0.25833333333333336,93.25,6.099999999999998,0.1999999999999993
2024-07-08,29.3,32.3,26.5,0.07916666666666666,92.125,5.799999999999997,0.40000000000000213
2024-07-09,29.4,31.8,27.0,0.1708333333333333,94.875,4.800000000000001,0.09999999999999787
2024-07-10,29.7,32.4,27.4,0.05833333333333334,84.66666666666667,5.0,0.3000000000000007
2024-07-11,29.6,32.6,26.5,0.6875,96.20833333333333,6.100000000000001,-0.09999999999999787
2024-07-12,28.0,32.5,25.6,0.775,92.70833333333333,6.899999999999999,-1.6000000000000014
2024-07-13,28.8,32.0,25.7,0.3541666666666667,91.08333333333333,6.300000000000001,0.8000000000000007
2024-07-14,29.3,32.0,26.3,0.05833333333333333,87.25,5.699999999999999,0.5
2024-07-15,29.2,32.0,26.8,0.12083333333333333,97.375,5.199999999999999,-0.10000000000000142
2024-07-16,29.2,31.9,26.5,0.0375,98.83333333333333,5.399999999999999,0.0
2024-07-17,29.3,33.0,26.8,0.15833333333333333,95.83333333333333,6.199999999999999,0.10000000000000142
2024-07-18,30.0,33.2,27.1,0.0375,87.95833333333333,6.100000000000001,0.6999999999999993
2024-07-19,29.2,31.8,27.1,0.19999999999999998,89.58333333333333,4.699999999999999,-0.8000000000000007
2024-07-20,29.4,32.8,26.8,0.08750000000000001,99.79166666666667,5.9999999999999964,0.1999999999999993
2024-07-21,29.0,31.4,26.6,0.29583333333333334,98.375,4.799999999999997,-0.3999999999999986
2024-07-22,28.8,32.1,26.0,0.19583333333333333,98.20833333333333,6.100000000000001,-0.1999999999999993
2024-07-23,28.7,31.9,26.1,0.8875000000000001,89.875,5.799999999999997,-0.10000000000000142
2024-07-24,28.8,32.0,26.5,0.8791666666666668,94.41666666666667,5.5,0.10000000000000142
2024-07-25,28.2,31.5,26.3,0.9041666666666667,98.625,5.199999999999999,-0.6000000000000014
2024-07-26,28.4,30.5,26.5,1.2333333333333332,93.91666666666667,4.0,0.1999999999999993
2024-07-27,28.5,31.6,26.5,0.2333333333333333,99.0,5.100000000000001,0.10000000000000142
2024-07-28,28.5,31.8,26.4,0.375,88.70833333333333,5.400000000000002,0.0
2024-07-29,28.2,30.8,26.2,0.6291666666666667,91.16666666666667,4.600000000000001,-0.3000000000000007
2024-07-30,29.0,32.8,26.0,0.4291666666666667,99.70833333333333,6.799999999999997,0.8000000000000007
2024-07-31,28.0,31.1,26.0,0.8375,99.75,5.100000000000001,-1.0
2024-08-01,26.9,27.9,25.9,1.7874999999999999,100.0,2.0,-1.1000000000000014
2024-08-02,27.3,30.5,25.0,0.9416666666666668,100.0,5.5,0.40000000000000213
2024-08-03,27.4,31.4,24.9,0.9916666666666667,99.83333333333333,6.5,0.09999999999999787
2024-08-04,27.7,31.0,25.2,2.4416666666666664,99.79166666666667,5.800000000000001,0.3000000000000007
2024-08-05,28.4,32.7,25.3,0.4583333333333333,99.45833333333333,7.400000000000002,0.6999999999999993
2024-08-06,27.8,31.0,25.9,0.18333333333333335,97.79166666666667,5.100000000000001,-0.5999999999999979
2024-08-07,27.8,30.8,25.9,0.43333333333333335,98.75,4.900000000000002,0.0
2024-08-08,28.0,31.1,25.9,0.13333333333333333,99.125,5.200000000000003,0.1999999999999993
2024-08-09,27.7,30.8,25.2,0.5291666666666667,81.29166666666667,5.600000000000001,-0.3000000000000007
2024-08-10,27.6,31.9,25.1,1.3,98.5,6.799999999999997,-0.09999999999999787
2024-08-11,28.2,32.5,25.5,0.17500000000000002,89.875,7.0,0.5999999999999979
2024-08-12,28.8,32.2,25.5,0.33749999999999997,98.45833333333333,6.700000000000003,0.6000000000000014
2024-08-13,28.3,32.5,25.5,0.9625,99.70833333333333,7.0,-0.5
2024-08-14,28.1,32.1,25.5,1.2625,99.95833333333333,6.600000000000001,-0.1999999999999993
2024-08-15,28.1,32.5,24.5,0.2333333333333333,99.79166666666667,8.0,0.0
2024-08-16,28.1,30.8,24.6,0.09166666666666667,91.33333333333333,6.199999999999999,0.0
2024-08-17,28.3,32.5,25.5,0.325,88.58333333333333,7.0,0.1999999999999993
2024-08-18,27.3,30.1,25.6,0.9333333333333332,100.0,4.5,-1.0
2024-08-19,27.0,30.5,25.0,0.3833333333333333,99.875,5.5,-0.3000000000000007
2024-08-20,27.2,30.6,25.1,1.1333333333333333,100.0,5.5,0.1999999999999993
2024-08-21,28.0,32.0,25.5,0.5666666666666667,98.91666666666667,6.5,0.8000000000000007
2024-08-22,27.7,31.5,25.2,1.8541666666666667,99.91666666666667,6.300000000000001,-0.3000000000000007
2024-08-23,26.7,29.6,25.1,0.6124999999999999,99.91666666666667,4.5,-1.0
2024-08-24,25.8,27.4,24.8,0.9541666666666666,99.875,2.599999999999998,-0.8999999999999986
2024-08-25,26.3,28.8,24.6,1.5166666666666666,100.0,4.199999999999999,0.5
2024-08-26,26.6,29.4,24.8,1.633333333333333,99.95833333333333,4.599999999999998,0.3000000000000007
2024-08-27,26.9,29.8,24.8,0.36250000000000004,98.91666666666667,5.0,0.29999999999999716
2024-08-28,27.8,31.5,25.3,0.17916666666666667,57.25,6.199999999999999,0.9000000000000021
2024-08-29,28.4,32.2,25.0,0.13333333333333333,32.75,7.200000000000003,0.5999999999999979
2024-08-30,28.8,32.8,25.1,0.13333333333333333,55.916666666666664,7.699999999999996,0.40000000000000213
2024-08-31,28.8,32.2,26.3,0.1875,89.83333333333333,5.900000000000002,0.0
2024-09-01,27.7,30.8,25.5,0.3958333333333333,95.41666666666667,5.300000000000001,-1.1000000000000014
2024-09-02,28.0,32.2,25.5,0.4291666666666667,89.04166666666667,6.700000000000003,0.3000000000000007
2024-09-03,28.0,32.0,25.5,0.33749999999999997,96.41666666666667,6.5,0.0
2024-09-04,27.9,31.2,25.5,0.2333333333333333,93.04166666666667,5.699999999999999,-0.10000000000000142
2024-09-05,28.6,32.1,25.5,0.14166666666666666,98.25,6.600000000000001,0.7000000000000028
2024-09-06,29.4,32.8,25.6,0.2625,85.625,7.199999999999996,0.7999999999999972
2024-09-07,29.1,33.5,25.6,0.3958333333333333,65.45833333333333,7.899999999999999,-0.29999999999999716
2024-09-08,28.7,32.2,26.5,0.2583333333333333,62.458333333333336,5.700000000000003,-0.40000000000000213
2024-09-09,28.9,32.2,26.5,0.15,75.0,5.700000000000003,0.1999999999999993
2024-09-10,28.7,32.0,26.4,0.14583333333333334,84.5,5.600000000000001,-0.1999999999999993
2024-09-11,28.8,31.7,26.3,0.5541666666666667,95.5,5.399999999999999,0.10000000000000142
2024-09-12,28.4,31.1,26.2,0.5916666666666667,100.0,4.900000000000002,-0.40000000000000213
2024-09-13,27.6,31.3,25.2,3.0541666666666667,99.70833333333333,6.100000000000001,-0.7999999999999972
2024-09-14,25.8,27.6,24.9,1.4333333333333333,100.0,2.700000000000003,-1.8000000000000007
2024-09-15,25.8,26.9,24.9,1.3875,100.0,2.0,0.0
2024-09-16,27.0,29.5,25.5,0.49583333333333335,97.33333333333333,4.0,1.1999999999999993
2024-09-17,28.3,32.7,24.2,0.008333333333333333,28.666666666666668,8.500000000000004,1.3000000000000007
2024-09-18,29.0,33.0,24.0,0.0,45.416666666666664,9.0,0.6999999999999993
2024-09-19,29.0,32.7,26.0,0.008333333333333333,60.041666666666664,6.700000000000003,0.0
2024-09-20,30.0,33.3,26.5,0.0375,46.458333333333336,6.799999999999997,1.0
2024-09-21,29.5,33.3,26.2,0.24166666666666667,97.20833333333333,7.099999999999998,-0.5
2024-09-22,30.2,33.8,26.5,0.5833333333333334,70.875,7.299999999999997,0.6999999999999993
2024-09-23,28.7,33.5,26.5,0.5166666666666667,99.16666666666667,7.0,-1.5
2024-09-24,27.6,30.5,25.2,0.8041666666666667,100.0,5.300000000000001,-1.0999999999999979
2024-09-25,25.9,28.8,24.6,2.1083333333333334,100.0,4.199999999999999,-1.7000000000000028
2024-09-26,26.2,28.5,24.4,0.5875,99.91666666666667,4.100000000000001,0.3000000000000007
2024-09-27,27.2,30.1,24.5,0.21666666666666665,99.45833333333333,5.600000000000001,1.0
2024-09-28,28.4,31.5,25.5,0.0375,92.91666666666667,6.0,1.1999999999999993
2024-09-29,28.9,32.4,26.4,0.0375,95.0,6.0,0.5
2024-09-30,29.9,33.4,26.4,0.10833333333333334,71.875,7.0,1.0
2024-10-01,29.5,34.2,25.0,0.8250000000000001,98.79166666666667,9.200000000000003,-0.3999999999999986
2024-10-02,28.1,31.9,25.1,0.14583333333333334,100.0,6.799999999999997,-1.3999999999999986
2024-10-03,27.9,31.6,25.5,0.7583333333333333,95.45833333333333,6.100000000000001,-0.20000000000000284
2024-10-04,27.0,30.3,25.0,0.6125,99.79166666666667,5.300000000000001,-0.8999999999999986
2024-10-05,26.6,30.2,24.6,0.5166666666666667,91.125,5.599999999999998,-0.3999999999999986
2024-10-06,26.6,30.5,24.1,0.30416666666666664,51.333333333333336,6.399999999999999,0.0
2024-10-07,27.2,30.5,24.4,0.49583333333333335,92.75,6.100000000000001,0.5999999999999979
2024-10-08,27.2,31.0,25.1,0.3541666666666667,73.375,5.899999999999999,0.0
2024-10-09,26.9,29.6,25.1,0.5083333333333333,68.83333333333333,4.5,-0.3000000000000007
2024-10-10,27.8,31.1,25.6,0.4041666666666666,40.75,5.5,0.9000000000000021
2024-10-11,28.2,32.0,25.5,0.1875,59.75,6.5,0.3999999999999986
2024-10-12,28.6,31.9,25.5,0.19583333333333333,37.208333333333336,6.399999999999999,0.40000000000000213
2024-10-13,28.3,31.9,25.0,0.012500000000000002,27.833333333333332,6.899999999999999,-0.3000000000000007
2024-10-14,28.4,32.4,25.0,0.0,36.041666666666664,7.399999999999999,0.09999999999999787
2024-10-15,27.2,31.5,24.7,0.6208333333333333,36.666666666666664,6.800000000000001,-1.1999999999999993
2024-10-16,27.3,31.3,24.5,0.008333333333333333,45.708333333333336,6.800000000000001,0.10000000000000142
2024-10-17,26.7,30.8,24.0,0.4041666666666666,64.625,6.800000000000001,-0.6000000000000014
2024-10-18,26.5,30.1,23.8,0.8125,68.54166666666667,6.300000000000001,-0.1999999999999993
2024-10-19,26.6,30.3,23.8,0.125,89.66666666666667,6.5,0.10000000000000142
2024-10-20,26.5,30.6,23.0,0.0,82.0,7.600000000000001,-0.10000000000000142
2024-10-21,26.3,30.5,22.9,0.0,26.708333333333332,7.600000000000001,-0.1999999999999993
2024-10-22,26.9,30.9,22.7,0.0,52.5,8.2,0.5999999999999979
2024-10-23,26.4,29.6,24.0,0.125,97.58333333333333,5.600000000000001,-0.5
2024-10-24,25.0,26.2,24.0,1.5083333333333335,99.875,2.1999999999999993,-1.3999999999999986
2024-10-25,25.1,25.8,24.2,2.066666666666667,100.0,1.6000000000000014,0.10000000000000142
2024-10-26,27.1,31.4,24.0,0.0,35.083333333333336,7.399999999999999,2.0
2024-10-27,26.8,30.4,23.5,0.11666666666666665,22.916666666666668,6.899999999999999,-0.3000000000000007
2024-10-28,27.3,31.5,23.1,0.0,17.708333333333332,8.399999999999999,0.5
2024-10-29,27.5,31.4,24.0,0.0,11.583333333333334,7.399999999999999,0.1999999999999993
2024-10-30,26.9,31.0,24.1,0.075,20.708333333333332,6.899999999999999,-0.6000000000000014
2024-10-31,26.9,31.2,23.8,0.12083333333333333,32.0,7.399999999999999,0.0
2024-11-01,27.8,32.4,24.0,0.0,4.5,8.399999999999999,0.9000000000000021
2024-11-02,27.0,31.4,21.5,0.0,1.0,9.899999999999999,-0.8000000000000007
2024-11-03,26.2,31.0,21.2,0.0,3.75,9.8,-0.8000000000000007
2024-11-04,26.0,30.2,21.9,0.0,4.75,8.3,-0.1999999999999993
2024-11-05,25.7,28.9,22.0,0.016666666666666666,33.25,6.899999999999999,-0.3000000000000007
2024-11-06,25.2,29.4,21.1,0.05000000000000001,16.125,8.299999999999997,-0.5
2024-11-07,25.7,30.0,21.0,0.008333333333333333,6.0,9.0,0.5
2024-11-08,25.6,30.2,21.5,0.0,4.541666666666667,8.7,-0.09999999999999787
2024-11-09,25.0,29.6,21.1,0.0,3.2083333333333335,8.5,-0.6000000000000014
2024-11-10,24.9,29.9,21.0,0.0,10.5,8.899999999999999,-0.10000000000000142
2024-11-11,25.6,30.0,20.4,0.0,58.583333333333336,9.600000000000001,0.7000000000000028
2024-11-12,25.9,29.9,20.5,0.0,78.625,9.399999999999999,0.29999999999999716
2024-11-13,26.2,31.4,21.5,0.0,15.958333333333334,9.899999999999999,0.3000000000000007
2024-11-14,25.8,30.9,20.9,0.0,11.5,10.0,-0.3999999999999986
2024-11-15,24.6,30.1,19.6,0.0,2.2916666666666665,10.5,-1.1999999999999993
2024-11-16,23.5,29.2,19.2,0.0,0.75,10.0,-1.1000000000000014
2024-11-17,23.5,28.5,19.0,0.0,7.625,9.5,0.0
2024-11-18,23.1,28.0,19.0,0.0,0.0,9.0,-0.3999999999999986
2024-11-19,23.1,28.5,18.7,0.0,2.125,9.8,0.0
2024-11-20,23.5,29.0,18.0,0.0,12.041666666666666,11.0,0.3999999999999986
2024-11-21,23.7,29.1,18.6,0.0,9.041666666666666,10.5,0.1999999999999993
2024-11-22,23.7,29.1,19.0,0.0,5.5,10.100000000000001,0.0
2024-11-23,23.3,28.9,18.7,0.0,11.0,10.2,-0.3999999999999986
2024-11-24,23.1,28.5,18.4,0.0,77.625,10.100000000000001,-0.1999999999999993
2024-11-25,22.9,27.9,18.2,0.0,55.75,9.7,-0.20000000000000284
2024-11-26,22.9,27.5,18.5,0.0,58.625,9.0,0.0
2024-11-27,23.6,28.6,18.1,0.0,92.70833333333333,10.5,0.7000000000000028
2024-11-28,24.3,28.8,19.1,0.0,95.5,9.7,0.6999999999999993
2024-11-29,24.6,27.1,21.0,0.03333333333333333,95.70833333333333,6.100000000000001,0.3000000000000007
2024-11-30,21.1,23.9,18.6,0.03333333333333333,84.20833333333333,5.299999999999997,-3.5
2024-12-01,23.4,27.5,18.6,0.016666666666666666,48.916666666666664,8.899999999999999,2.299999999999997
2024-12-02,21.8,23.6,20.0,0.020833333333333332,64.79166666666667,3.6000000000000014,-1.5999999999999979
2024-12-03,22.8,27.4,18.8,0.0,8.333333333333334,8.599999999999998,1.0
2024-12-04,22.0,26.9,18.1,0.0,8.416666666666666,8.799999999999997,-0.8000000000000007
2024-12-05,22.3,28.2,17.5,0.0,14.583333333333334,10.7,0.3000000000000007
2024-12-06,21.4,26.7,17.0,0.0,0.20833333333333334,9.7,-0.9000000000000021
2024-12-07,20.9,25.8,16.6,0.0,23.416666666666668,9.2,-0.5
2024-12-08,21.1,26.1,16.4,0.0,42.5,9.700000000000003,0.20000000000000284
2024-12-09,21.6,26.9,17.5,0.004166666666666667,93.25,9.399999999999999,0.5
2024-12-10,21.2,26.5,16.9,0.0,50.458333333333336,9.600000000000001,-0.40000000000000213
2024-12-11,19.7,24.9,14.4,0.0,66.70833333333333,10.499999999999998,-1.5
2024-12-12,18.9,24.2,14.1,0.0,82.125,10.1,-0.8000000000000007
2024-12-13,18.3,23.6,13.9,0.0,48.0,9.700000000000001,-0.5999999999999979
2024-12-14,18.2,23.5,13.4,0.0,26.541666666666668,10.1,-0.10000000000000142
2024-12-15,18.3,24.1,12.8,0.0,1.0416666666666667,11.3,0.10000000000000142
2024-12-16,19.6,25.2,13.9,0.0,0.0,11.299999999999999,1.3000000000000007
2024-12-17,21.4,26.8,15.1,0.0,62.458333333333336,11.700000000000001,1.7999999999999972
2024-12-18,21.8,27.4,16.6,0.0,88.66666666666667,10.799999999999997,0.40000000000000213
2024-12-19,21.3,27.2,16.6,0.0,89.20833333333333,10.599999999999998,-0.5
2024-12-20,21.7,26.9,16.2,0.14583333333333334,93.58333333333333,10.7,0.3999999999999986
2024-12-21,18.4,20.2,16.3,0.2916666666666667,76.16666666666667,3.8999999999999986,-3.3000000000000007
2024-12-22,20.5,25.4,16.2,0.0,82.20833333333333,9.2,2.1000000000000014
2024-12-23,21.4,26.5,17.5,0.0,45.708333333333336,9.0,0.8999999999999986
2024-12-24,21.6,26.0,18.1,0.0,60.25,7.899999999999999,0.20000000000000284
2024-12-25,20.8,23.6,17.9,0.025000000000000005,76.33333333333333,5.700000000000003,-0.8000000000000007
2024-12-26,22.0,27.4,17.5,0.0,4.916666666666667,9.899999999999999,1.1999999999999993
2024-12-27,21.6,27.1,17.2,0.0,0.0,9.900000000000002,-0.3999999999999986
2024-12-28,21.6,26.9,16.9,0.0,0.875,10.0,0.0
2024-12-29,22.3,27.6,17.1,0.0,0.20833333333333334,10.5,0.6999999999999993
2024-12-30,22.3,27.1,17.8,0.0,17.0,9.3,0.0
2024-12-31,19.6,24.5,14.8,0.0,8.625,9.7,-2.6999999999999993
2025-01-01,18.6,23.5,13.6,0.0,13.708333333333334,9.9,-1.0
2025-01-02,17.5,23.0,13.0,0.0,2.3333333333333335,10.0,-1.1000000000000014
2025-01-03,17.9,23.0,12.4,0.0,3.7916666666666665,10.6,0.3999999999999986
2025-01-04,19.7,24.4,14.5,0.0,44.208333333333336,9.899999999999999,1.8000000000000007
2025-01-05,20.1,25.9,14.6,0.0,25.625,11.299999999999999,0.40000000000000213
2025-01-06,20.2,25.4,14.7,0.0,12.0,10.7,0.09999999999999787
2025-01-07,21.6,27.0,16.4,0.0,19.375,10.600000000000001,1.4000000000000021
2025-01-08,19.1,24.1,14.7,0.0,1.25,9.400000000000002,-2.5
2025-01-09,18.7,23.7,14.1,0.0,0.0,9.6,-0.40000000000000213
2025-01-10,18.8,24.2,14.1,0.0,5.5,10.1,0.10000000000000142
2025-01-11,19.5,25.0,13.8,0.0,60.708333333333336,11.2,0.6999999999999993
2025-01-12,20.7,26.6,15.1,0.0,32.083333333333336,11.500000000000002,1.1999999999999993
2025-01-13,22.0,28.0,15.2,0.0,1.625,12.8,1.3000000000000007
2025-01-14,21.9,27.4,17.0,0.0,12.958333333333334,10.399999999999999,-0.10000000000000142
2025-01-15,20.3,25.6,15.0,0.0,55.333333333333336,10.600000000000001,-1.5999999999999979
2025-01-16,20.2,26.1,14.2,0.0,8.541666666666666,11.900000000000002,-0.10000000000000142
2025-01-17,20.7,26.1,15.0,0.0,0.0,11.100000000000001,0.5
2025-01-18,20.9,26.0,15.4,0.0,0.0,10.6,0.1999999999999993
2025-01-19,20.5,25.8,15.6,0.0,0.0,10.200000000000001,-0.3999999999999986
2025-01-20,20.0,25.1,14.8,0.0,0.0,10.3,-0.5
2025-01-21,21.4,26.7,15.2,0.0,0.0,11.5,1.3999999999999986
2025-01-22,22.3,28.5,16.4,0.0,0.125,12.100000000000001,0.9000000000000021
2025-01-23,22.4,28.5,16.5,0.0,22.958333333333332,12.0,0.09999999999999787
2025-01-24,22.9,28.4,17.4,0.0,10.708333333333334,11.0,0.5
2025-01-25,21.9,26.8,17.4,0.016666666666666666,31.416666666666668,9.400000000000002,-1.0
2025-01-26,20.6,26.0,15.4,0.0,0.125,10.6,-1.2999999999999972
2025-01-27,20.1,25.4,14.8,0.0,21.625,10.599999999999998,-0.5
2025-01-28,21.5,27.1,15.0,0.0,3.1666666666666665,12.100000000000001,1.3999999999999986
2025-01-29,22.7,28.0,17.6,0.004166666666666667,31.625,10.399999999999999,1.1999999999999993
2025-01-30,24.1,29.5,19.8,0.004166666666666667,32.916666666666664,9.7,1.4000000000000021
2025-01-31,24.5,30.0,20.6,0.041666666666666664,35.375,9.399999999999999,0.3999999999999986
2025-02-01,24.8,29.6,21.2,0.04583333333333334,42.791666666666664,8.400000000000002,0.3000000000000007
2025-02-02,24.9,30.1,20.6,0.020833333333333332,34.541666666666664,9.5,0.09999999999999787
2025-02-03,25.0,31.0,19.6,0.0,24.958333333333332,11.399999999999999,0.10000000000000142
2025-02-04,24.0,29.2,18.9,0.0,22.166666666666668,10.3,-1.0
2025-02-05,25.3,31.0,18.5,0.0,21.166666666666668,12.5,1.3000000000000007
2025-02-06,25.6,30.8,19.5,0.0,0.2916666666666667,11.3,0.3000000000000007
2025-02-07,22.4,27.8,17.5,0.0,0.0,10.3,-3.200000000000003
2025-02-08,21.9,27.9,16.5,0.0,0.0,11.399999999999999,-0.5
2025-02-09,22.3,27.8,16.0,0.0,0.125,11.8,0.40000000000000213
2025-02-10,24.2,30.5,16.8,0.0,1.5833333333333333,13.7,1.8999999999999986
2025-02-11,25.4,31.5,20.8,0.0,11.166666666666666,10.7,1.1999999999999993
2025-02-12,26.0,32.2,20.8,0.0,32.208333333333336,11.400000000000002,0.6000000000000014
2025-02-13,25.9,31.4,20.0,0.016666666666666666,18.791666666666668,11.399999999999999,-0.10000000000000142
2025-02-14,23.8,29.1,17.8,0.0,0.7916666666666666,11.3,-2.099999999999998
2025-02-15,24.5,30.9,17.8,0.0,1.9166666666666667,13.099999999999998,0.6999999999999993
2025-02-16,25.2,32.0,18.6,0.0,7.5,13.399999999999999,0.6999999999999993
2025-02-17,26.3,32.3,21.1,0.0,17.75,11.199999999999996,1.1000000000000014
2025-02-18,25.2,32.5,20.9,0.7083333333333334,15.0,11.600000000000001,-1.1000000000000014
2025-02-19,23.3,28.6,20.1,0.5333333333333333,27.958333333333332,8.5,-1.8999999999999986
2025-02-20,22.5,26.8,19.1,0.47500000000000003,46.25,7.699999999999999,-0.8000000000000007
2025-02-21,24.2,28.9,18.8,0.0,6.583333333333333,10.099999999999998,1.6999999999999993
2025-02-22,23.0,28.6,19.6,0.17083333333333336,43.958333333333336,9.0,-1.1999999999999993
2025-02-23,22.9,27.6,19.5,0.3666666666666667,13.125,8.100000000000001,-0.10000000000000142
2025-02-24,24.1,28.5,19.5,0.0,5.541666666666667,9.0,1.2000000000000028
2025-02-25,24.3,29.0,19.6,0.0,20.666666666666668,9.399999999999999,0.1999999999999993
2025-02-26,24.3,29.5,19.2,0.0,42.166666666666664,10.3,0.0
2025-02-27,25.1,30.2,19.8,0.0,5.083333333333333,10.399999999999999,0.8000000000000007
2025-02-28,26.3,32.0,21.0,0.0,37.166666666666664,11.0,1.1999999999999993
2025-03-01,27.9,34.5,22.1,0.0,2.7916666666666665,12.399999999999999,1.5999999999999979
2025-03-02,28.6,34.9,23.0,0.0,10.541666666666666,11.899999999999999,0.7000000000000028
2025-03-03,28.8,34.3,23.3,0.0,53.041666666666664,10.999999999999996,0.1999999999999993
2025-03-04,27.9,33.0,22.4,0.0,1.625,10.600000000000001,-0.9000000000000021
2025-03-05,27.2,32.5,21.7,0.0,0.0,10.8,-0.6999999999999993
2025-03-06,24.7,29.8,19.9,0.0,0.0,9.900000000000002,-2.5
2025-03-07,25.2,30.9,19.2,0.0,11.916666666666666,11.7,0.5
2025-03-08,26.6,33.2,20.2,0.0,10.666666666666666,13.000000000000004,1.4000000000000021
2025-03-09,27.5,33.2,22.0,0.0,13.666666666666666,11.200000000000003,0.8999999999999986
2025-03-10,28.1,35.2,21.9,0.0,18.458333333333332,13.300000000000004,0.6000000000000014
2025-03-11,28.3,34.5,22.5,0.0,0.5833333333333334,12.0,0.1999999999999993
2025-03-12,29.1,36.0,22.2,0.0,0.5416666666666666,13.8,0.8000000000000007
2025-03-13,29.9,37.0,24.0,0.0,0.625,13.0,0.7999999999999972
2025-03-14,30.3,37.5,24.5,0.0,0.5416666666666666,13.0,0.40000000000000213
2025-03-15,31.0,39.2,25.3,0.0,14.833333333333334,13.900000000000002,0.6999999999999993
2025-03-16,30.5,38.8,24.9,0.6041666666666666,15.291666666666666,13.899999999999999,-0.5
2025-03-17,28.7,37.0,24.8,0.2625,40.75,12.2,-1.8000000000000007
2025-03-18,30.1,36.0,24.2,0.0,13.291666666666666,11.8,1.4000000000000021
2025-03-19,29.7,36.4,24.2,0.0,3.1666666666666665,12.2,-0.40000000000000213
2025-03-20,29.4,34.3,25.1,0.049999999999999996,46.166666666666664,9.199999999999996,-0.3000000000000007
2025-03-21,27.0,35.0,21.8,0.26666666666666666,72.625,13.2,-2.3999999999999986
2025-03-22,22.9,26.3,20.7,0.25416666666666665,73.70833333333333,5.600000000000001,-4.100000000000001
2025-03-23,24.7,29.4,20.4,0.024999999999999998,34.291666666666664,9.0,1.8000000000000007
2025-03-24,27.3,32.7,21.0,0.0,5.75,11.700000000000003,2.6000000000000014
2025-03-25,28.5,33.9,21.6,0.0,6.25,12.299999999999997,1.1999999999999993
2025-03-26,29.7,36.2,23.4,0.0,2.375,12.800000000000004,1.1999999999999993
2025-03-27,31.0,38.5,24.0,0.0,0.0,14.5,1.3000000000000007
2025-03-28,31.7,39.8,25.2,0.0,2.625,14.599999999999998,0.6999999999999993
2025-03-29,31.7,38.8,25.6,0.0,20.75,13.199999999999996,0.0
2025-03-30,30.8,37.7,26.0,0.004166666666666667,27.958333333333332,11.700000000000003,-0.8999999999999986
2025-03-31,30.4,37.2,26.1,0.0,28.291666666666668,11.100000000000001,-0.40000000000000213
2025-04-01,30.2,36.7,26.1,0.0,18.583333333333332,10.600000000000001,-0.1999999999999993
2025-04-02,30.4,37.5,25.5,0.0,28.416666666666668,12.0,0.1999999999999993
2025-04-03,30.8,37.5,25.5,0.004166666666666667,58.333333333333336,12.0,0.40000000000000213
2025-04-04,29.9,34.0,25.6,0.0,51.666666666666664,8.399999999999999,-0.9000000000000021
2025-04-05,31.4,38.3,26.0,0.0,7.458333333333333,12.299999999999997,1.5
2025-04-06,31.0,37.2,26.3,0.020833333333333332,22.458333333333332,10.900000000000002,-0.3999999999999986
2025-04-07,29.9,36.5,25.9,0.0375,30.333333333333332,10.600000000000001,-1.1000000000000014
2025-04-08,29.3,36.2,25.1,0.08749999999999998,26.666666666666668,11.100000000000001,-0.5999999999999979
2025-04-09,30.0,35.7,25.1,0.0375,13.208333333333334,10.600000000000001,0.6999999999999993
2025-04-10,28.9,35.0,24.0,0.17916666666666667,61.416666666666664,11.0,-1.1000000000000014
2025-04-11,28.3,33.2,23.3,0.004166666666666667,40.875,9.900000000000002,-0.5999999999999979
2025-04-12,29.0,37.3,24.9,0.5875,79.91666666666667,12.399999999999999,0.6999999999999993
2025-04-13,28.7,33.7,25.1,0.016666666666666666,22.666666666666668,8.600000000000001,-0.3000000000000007
2025-04-14,28.4,33.4,24.0,0.35000000000000003,45.375,9.399999999999999,-0.3000000000000007
2025-04-15,28.5,34.5,24.0,0.049999999999999996,51.416666666666664,10.5,0.10000000000000142
2025-04-16,29.3,34.0,25.1,0.09583333333333333,24.958333333333332,8.899999999999999,0.8000000000000007
2025-04-17,26.5,34.4,23.3,0.48333333333333334,44.708333333333336,11.099999999999998,-2.8000000000000007
2025-04-18,27.0,32.0,24.1,0.275,50.416666666666664,7.899999999999999,0.5
2025-04-19,28.2,32.2,24.7,0.07916666666666668,41.125,7.5000000000000036,1.1999999999999993
2025-04-20,30.4,36.2,26.6,0.3,54.5,9.600000000000001,2.1999999999999993
2025-04-21,30.9,35.5,27.6,0.0,31.041666666666668,7.899999999999999,0.5
2025-04-22,31.2,36.2,27.8,0.0,10.125,8.400000000000002,0.3000000000000007
2025-04-23,32.7,41.0,27.6,0.0,3.125,13.399999999999999,1.5000000000000036
2025-04-24,32.2,37.5,28.0,0.0,9.166666666666666,9.5,-0.5
2025-04-25,32.3,38.0,28.0,0.0,14.833333333333334,10.0,0.09999999999999432
2025-04-26,31.4,36.7,27.9,0.0625,36.791666666666664,8.800000000000004,-0.8999999999999986
2025-04-27,32.0,37.7,28.0,0.0,73.20833333333333,9.700000000000003,0.6000000000000014
2025-04-28,28.6,32.2,25.4,0.2041666666666667,49.083333333333336,6.800000000000004,-3.3999999999999986
2025-04-29,26.5,34.0,23.7,0.6541666666666667,22.791666666666668,10.3,-2.1000000000000014
2025-04-30,26.8,32.8,23.5,0.1125,26.041666666666668,9.299999999999997,0.3000000000000007
2025-05-01,26.5,32.1,22.5,0.24166666666666667,38.916666666666664,9.600000000000001,-0.3000000000000007
2025-05-02,27.1,31.0,22.8,0.0,9.666666666666666,8.2,0.6000000000000014
2025-05-03,27.6,33.2,24.5,0.075,27.208333333333332,8.700000000000003,0.5
2025-05-04,27.3,31.5,24.5,0.32916666666666666,42.0,7.0,-0.3000000000000007
2025-05-05,29.5,34.3,24.9,0.024999999999999998,22.208333333333332,9.399999999999999,2.1999999999999993
2025-05-06,28.7,34.2,25.0,0.35000000000000003,32.291666666666664,9.200000000000003,-0.8000000000000007
2025-05-07,30.8,36.1,25.4,0.004166666666666667,63.958333333333336,10.700000000000003,2.1000000000000014
2025-05-08,32.5,39.3,27.5,0.0,35.041666666666664,11.799999999999997,1.6999999999999993
2025-05-09,33.4,39.9,27.6,0.0,12.833333333333334,12.299999999999997,0.8999999999999986
2025-05-10,33.9,39.8,28.4,0.0,8.25,11.399999999999999,0.5
2025-05-11,34.6,40.5,29.1,0.0,22.875,11.399999999999999,0.7000000000000028
2025-05-12,33.6,40.4,29.4,0.02916666666666667,14.833333333333334,11.0,-1.0
2025-05-13,32.3,37.4,28.9,0.0,20.958333333333332,8.5,-1.3000000000000043
2025-05-14,32.5,37.0,29.0,0.0,41.458333333333336,8.0,0.20000000000000284
2025-05-15,32.2,37.7,28.8,0.03333333333333333,61.125,8.900000000000002,-0.29999999999999716
2025-05-16,31.8,36.3,28.4,0.10416666666666667,29.833333333333332,7.899999999999999,-0.40000000000000213
2025-05-17,31.6,36.2,28.1,0.029166666666666664,64.79166666666667,8.100000000000001,-0.1999999999999993
2025-05-18,29.8,34.2,27.9,0.19166666666666665,59.666666666666664,6.300000000000004,-1.8000000000000007
2025-05-19,31.2,36.5,27.5,0.1375,64.125,9.0,1.3999999999999986
2025-05-20,31.7,36.3,28.2,0.08750000000000001,70.20833333333333,8.099999999999998,0.5
2025-05-21,31.5,36.5,26.1,0.32916666666666666,81.54166666666667,10.399999999999999,-0.1999999999999993
2025-05-22,29.9,33.8,26.4,0.02916666666666667,97.375,7.399999999999999,-1.6000000000000014
2025-05-23,28.4,32.9,26.3,0.375,88.20833333333333,6.599999999999998,-1.5
2025-05-24,29.4,33.5,26.1,0.15416666666666667,99.54166666666667,7.399999999999999,1.0
2025-05-25,28.6,31.9,26.1,0.4666666666666666,99.625,5.799999999999997,-0.7999999999999972
2025-05-26,27.8,31.2,26.3,0.49583333333333335,98.625,4.899999999999999,-0.8000000000000007
2025-05-27,28.3,30.6,26.3,0.22083333333333335,99.08333333333333,4.300000000000001,0.5
2025-05-28,27.9,30.6,25.8,0.4083333333333334,100.0,4.800000000000001,-0.40000000000000213
2025-05-29,27.2,30.2,25.5,1.125,100.0,4.699999999999999,-0.6999999999999993
2025-05-30,29.3,33.2,26.0,0.9,100.0,7.200000000000003,2.1000000000000014
2025-05-31,29.1,32.0,26.7,0.49999999999999994,99.375,5.300000000000001,-0.1999999999999993
2025-06-01,28.8,32.2,27.0,0.7083333333333334,100.0,5.200000000000003,-0.3000000000000007
2025-06-02,30.6,36.2,27.5,0.049999999999999996,99.5,8.700000000000003,1.8000000000000007
2025-06-03,30.8,35.7,27.8,0.004166666666666667,54.041666666666664,7.900000000000002,0.1999999999999993
2025-06-04,29.5,34.5,27.0,0.20000000000000004,82.16666666666667,7.5,-1.3000000000000007
2025-06-05,28.9,32.8,26.7,0.22916666666666666,54.583333333333336,6.099999999999998,-0.6000000000000014
2025-06-06,29.1,33.4,25.9,0.35000000000000003,45.125,7.5,0.20000000000000284
2025-06-07,30.5,34.7,26.6,0.0,12.041666666666666,8.100000000000001,1.3999999999999986
2025-06-08,30.9,35.0,27.7,0.020833333333333332,13.041666666666666,7.300000000000001,0.3999999999999986
2025-06-09,31.3,34.9,27.5,0.0375,61.625,7.399999999999999,0.40000000000000213
2025-06-10,31.7,36.5,27.5,0.07916666666666668,81.41666666666667,9.0,0.3999999999999986
2025-06-11,30.5,35.5,27.1,0.041666666666666664,50.541666666666664,8.399999999999999,-1.1999999999999993
2025-06-12,31.4,36.5,27.2,0.08333333333333333,12.916666666666666,9.3,0.8999999999999986
2025-06-13,31.3,35.3,28.1,0.08333333333333333,44.458333333333336,7.199999999999996,-0.09999999999999787
2025-06-14,31.2,35.3,28.4,0.10833333333333334,81.70833333333333,6.899999999999999,-0.10000000000000142
2025-06-15,28.4,31.2,26.6,0.7333333333333334,99.91666666666667,4.599999999999998,-2.8000000000000007
2025-06-16,28.1,31.8,26.1,1.2708333333333333,99.375,5.699999999999999,-0.29999999999999716
2025-06-17,26.8,28.8,25.6,1.0166666666666666,100.0,3.1999999999999993,-1.3000000000000007
2025-06-18,26.9,29.1,24.6,1.2333333333333334,99.875,4.5,0.09999999999999787
2025-06-19,27.7,31.0,24.3,0.35000000000000003,97.33333333333333,6.699999999999999,0.8000000000000007
2025-06-20,28.8,32.5,26.2,0.5458333333333333,98.08333333333333,6.300000000000001,1.1000000000000014
2025-06-21,29.9,33.7,26.3,0.24166666666666667,95.66666666666667,7.400000000000002,1.0999999999999979
2025-06-22,28.5,32.2,26.5,0.5625,99.58333333333333,5.700000000000003,-1.3999999999999986
2025-06-23,28.3,31.4,26.2,0.42916666666666664,99.91666666666667,5.199999999999999,-0.1999999999999993
2025-06-24,29.1,32.2,26.6,0.07083333333333333,95.33333333333333,5.600000000000001,0.8000000000000007
2025-06-25,28.5,31.4,26.7,0.725,98.375,4.699999999999999,-0.6000000000000014
2025-06-26,28.3,32.0,25.7,0.6166666666666666,90.91666666666667,6.300000000000001,-0.1999999999999993
2025-06-27,28.0,31.4,25.6,0.5458333333333333,95.875,5.799999999999997,-0.3000000000000007
2025-06-28,27.4,30.0,25.0,0.5416666666666666,99.91666666666667,5.0,-0.6000000000000014
2025-06-29,27.5,30.4,25.1,1.1125,98.75,5.299999999999997,0.10000000000000142
2025-06-30,27.9,31.0,24.8,0.2916666666666667,96.75,6.199999999999999,0.3999999999999986
2025-07-01,28.2,30.5,25.4,0.2791666666666667,99.75,5.100000000000001,0.3000000000000007
2025-07-02,27.9,32.4,25.8,1.05,97.04166666666667,6.599999999999998,-0.3000000000000007
2025-07-03,28.0,31.0,25.9,0.6583333333333333,98.45833333333333,5.100000000000001,0.10000000000000142
2025-07-04,27.6,31.1,25.7,0.35833333333333334,99.95833333333333,5.400000000000002,-0.3999999999999986
2025-07-05,27.5,31.2,24.8,0.7041666666666666,98.75,6.399999999999999,-0.10000000000000142
2025-07-06,27.2,30.4,25.1,0.3958333333333333,100.0,5.299999999999997,-0.3000000000000007
2025-07-07,26.4,28.9,24.5,1.1958333333333333,100.0,4.399999999999999,-0.8000000000000007
2025-07-08,26.1,28.0,24.5,1.1624999999999999,99.625,3.5,-0.29999999999999716
2025-07-09,26.9,30.1,25.0,1.0541666666666667,100.0,5.100000000000001,0.7999999999999972
2025-07-10,28.0,31.6,25.0,0.36250000000000004,99.70833333333333,6.600000000000001,1.1000000000000014
2025-07-11,28.5,31.3,25.8,0.29583333333333334,90.5,5.5,0.5
2025-07-12,29.0,33.0,25.5,0.3833333333333333,98.25,7.5,0.5
2025-07-13,28.2,31.0,25.7,0.8458333333333333,100.0,5.300000000000001,-0.8000000000000007
2025-07-14,26.3,27.8,25.2,1.3416666666666668,100.0,2.6000000000000014,-1.8999999999999986
2025-07-15,27.8,31.0,25.4,0.8416666666666667,99.58333333333333,5.600000000000001,1.5
2025-07-16,28.6,31.8,26.8,0.12083333333333333,96.66666666666667,5.0,0.8000000000000007
2025-07-17,29.4,32.7,26.7,0.11666666666666665,98.45833333333333,6.0000000000000036,0.7999999999999972
2025-07-18,29.1,32.3,27.0,0.33749999999999997,67.375,5.299999999999997,-0.29999999999999716
2025-07-19,29.9,33.3,27.2,0.13749999999999998,78.45833333333333,6.099999999999998,0.7999999999999972
2025-07-20,29.7,33.3,27.2,0.2625,98.25,6.099999999999998,-0.1999999999999993
2025-07-21,29.1,32.6,27.2,0.17083333333333336,99.45833333333333,5.400000000000002,-0.5999999999999979
2025-07-22,29.8,33.3,27.3,0.04583333333333334,88.66666666666667,5.9999999999999964,0.6999999999999993
2025-07-23,30.9,34.2,27.5,0.03333333333333333,97.33333333333333,6.700000000000003,1.0999999999999979
2025-07-24,29.5,33.0,26.2,0.4041666666666666,97.25,6.800000000000001,-1.3999999999999986
2025-07-25,27.7,30.9,26.0,0.9083333333333333,98.91666666666667,4.899999999999999,-1.8000000000000007
2025-07-26,28.3,30.7,26.0,0.22083333333333333,99.20833333333333,4.699999999999999,0.6000000000000014
2025-07-27,29.5,32.8,26.7,0.24583333333333332,99.91666666666667,6.099999999999998,1.1999999999999993
2025-07-28,28.1,30.3,26.1,1.4208333333333334,100.0,4.199999999999999,-1.3999999999999986
2025-07-29,27.2,28.8,25.1,0.85,99.16666666666667,3.6999999999999993,-0.9000000000000021
2025-07-30,27.2,29.6,25.0,1.1125,94.83333333333333,4.600000000000001,0.0
2025-07-31,27.6,30.4,25.2,1.4375,95.20833333333333,5.199999999999999,0.40000000000000213
2025-08-01,28.6,31.9,26.1,0.6708333333333334,95.58333333333333,5.799999999999997,1.0
2025-08-02,29.1,32.0,26.2,0.525,100.0,5.800000000000001,0.5
2025-08-03,29.1,32.5,26.3,0.7708333333333334,97.41666666666667,6.199999999999999,0.0
2025-08-04,28.9,31.8,26.4,0.2833333333333333,98.33333333333333,5.400000000000002,-0.20000000000000284
2025-08-05,28.5,32.3,26.2,0.6625,99.33333333333333,6.099999999999998,-0.3999999999999986
2025-08-06,27.2,30.0,25.5,0.8708333333333332,99.625,4.5,-1.3000000000000007
2025-08-07,27.1,31.6,25.0,0.6749999999999999,97.41666666666667,6.600000000000001,-0.09999999999999787
2025-08-08,27.4,30.5,24.5,0.19999999999999998,87.625,6.0,0.29999999999999716
2025-08-09,28.2,31.6,25.4,0.13749999999999998,82.54166666666667,6.200000000000003,0.8000000000000007
2025-08-10,29.6,33.0,26.6,0.012500000000000002,97.45833333333333,6.399999999999999,1.4000000000000021
2025-08-11,29.3,32.2,27.0,0.37916666666666665,98.79166666666667,5.200000000000003,-0.3000000000000007
2025-08-12,29.7,33.5,27.0,0.4166666666666667,99.70833333333333,6.5,0.3999999999999986
2025-08-13,28.0,31.2,25.4,0.7958333333333334,98.33333333333333,5.800000000000001,-1.6999999999999993
2025-08-14,27.7,30.5,25.2,0.2791666666666667,99.625,5.300000000000001,-0.3000000000000007
2025-08-15,28.2,31.7,24.9,0.35000000000000003,96.33333333333333,6.800000000000001,0.5
2025-08-16,28.9,32.3,26.4,0.1708333333333333,93.04166666666667,5.899999999999999,0.6999999999999993
2025-08-17,28.7,32.2,26.4,0.5958333333333333,92.0,5.800000000000004,-0.1999999999999993
2025-08-18,28.1,31.6,25.8,0.19166666666666668,88.33333333333333,5.800000000000001,-0.5999999999999979
2025-08-19,27.7,29.8,25.5,0.225,99.08333333333333,4.300000000000001,-0.40000000000000213
2025-08-20,27.7,30.1,25.2,0.6125,99.70833333333333,4.900000000000002,0.0
2025-08-21,26.7,29.0,24.6,1.7208333333333332,99.625,4.399999999999999,-1.0
2025-08-22,26.3,29.8,24.6,0.6375,99.83333333333333,5.199999999999999,-0.3999999999999986
2025-08-23,26.7,28.3,24.7,0.3958333333333333,99.875,3.6000000000000014,0.3999999999999986
2025-08-24,27.4,30.2,25.0,0.19583333333333333,98.375,5.199999999999999,0.6999999999999993
2025-08-25,28.1,31.6,25.0,0.19999999999999998,91.91666666666667,6.600000000000001,0.7000000000000028
2025-08-26,28.7,31.9,26.0,0.08749999999999998,73.58333333333333,5.899999999999999,0.5999999999999979
2025-08-27,28.2,31.8,26.1,0.25416666666666665,80.125,5.699999999999999,-0.5
2025-08-28,27.8,31.0,25.5,0.2333333333333333,92.66666666666667,5.5,-0.3999999999999986
2025-08-29,27.3,30.0,25.5,0.49583333333333335,97.95833333333333,4.5,-0.5
2025-08-30,27.4,29.9,25.5,0.4791666666666667,90.41666666666667,4.399999999999999,0.09999999999999787
2025-08-31,29.1,32.4,25.8,0.13333333333333333,75.875,6.599999999999998,1.7000000000000028
2025-09-01,29.3,33.8,25.8,1.0458333333333332,99.75,7.9999999999999964,0.1999999999999993
2025-09-02,27.5,30.6,25.5,0.8083333333333335,97.66666666666667,5.100000000000001,-1.8000000000000007
2025-09-03,26.9,29.2,25.5,0.9583333333333334,98.875,3.6999999999999993,-0.6000000000000014
2025-09-04,27.6,29.6,25.5,0.3958333333333333,78.0,4.100000000000001,0.7000000000000028
2025-09-05,28.2,32.0,25.1,0.5083333333333333,50.541666666666664,6.899999999999999,0.5999999999999979
2025-09-06,29.0,32.5,25.9,0.11666666666666668,65.91666666666667,6.600000000000001,0.8000000000000007
2025-09-07,29.1,32.8,26.0,0.020833333333333332,88.41666666666667,6.799999999999997,0.10000000000000142
2025-09-08,29.3,32.7,25.9,0.03333333333333333,83.45833333333333,6.800000000000004,0.1999999999999993
2025-09-09,29.9,33.7,26.1,0.012500000000000002,95.54166666666667,7.600000000000001,0.5999999999999979
2025-09-10,30.5,34.8,26.8,0.012500000000000002,91.29166666666667,7.9999999999999964,0.6000000000000014
2025-09-11,29.2,34.5,25.4,0.8583333333333333,99.83333333333333,9.100000000000001,-1.3000000000000007
2025-09-12,28.4,33.0,25.8,0.23750000000000002,97.16666666666667,7.199999999999999,-0.8000000000000007
2025-09-13,28.0,30.7,26.4,0.1875,97.58333333333333,4.300000000000001,-0.3999999999999986
2025-09-14,27.6,31.9,25.1,0.22916666666666666,99.75,6.799999999999997,-0.3999999999999986
2025-09-15,26.1,29.2,24.6,0.9041666666666667,99.75,4.599999999999998,-1.5
2025-09-16,27.1,30.0,24.6,0.125,99.91666666666667,5.399999999999999,1.0
2025-09-17,27.9,30.8,25.4,0.5833333333333334,92.95833333333333,5.400000000000002,0.7999999999999972
2025-09-18,28.8,32.2,26.5,0.19583333333333333,87.375,5.700000000000003,0.9000000000000021
2025-09-19,28.6,31.2,26.6,0.4166666666666667,88.70833333333333,4.599999999999998,-0.1999999999999993
2025-09-20,28.8,32.3,26.2,0.43333333333333335,97.95833333333333,6.099999999999998,0.1999999999999993
2025-09-21,28.8,32.5,26.0,0.1875,98.20833333333333,6.5,0.0
2025-09-22,27.5,29.5,25.2,0.9166666666666666,100.0,4.300000000000001,-1.3000000000000007
2025-09-23,27.1,30.1,24.9,0.6541666666666667,73.79166666666667,5.200000000000003,-0.3999999999999986
2025-09-24,27.9,30.9,25.5,0.39999999999999997,83.58333333333333,5.399999999999999,0.7999999999999972
2025-09-25,28.5,33.0,25.8,0.37083333333333335,65.29166666666667,7.199999999999999,0.6000000000000014
2025-09-26,28.1,31.8,25.8,0.6708333333333333,99.875,6.0,-0.3999999999999986
2025-09-27,27.8,30.0,25.5,0.4458333333333333,96.625,4.5,-0.3000000000000007
2025-09-28,28.1,31.9,25.8,0.25416666666666665,80.83333333333333,6.099999999999998,0.3000000000000007
2025-09-29,29.5,32.7,26.2,0.012499999999999999,45.916666666666664,6.5000000000000036,1.3999999999999986
2025-09-30,29.2,32.7,25.4,0.125,79.625,7.300000000000004,-0.3000000000000007
2025-10-01,28.3,32.2,24.5,1.1166666666666667,99.58333333333333,7.700000000000003,-0.8999999999999986
2025-10-02,26.6,28.1,25.2,0.7708333333333334,99.91666666666667,2.900000000000002,-1.6999999999999993
2025-10-03,27.4,30.0,25.4,0.725,99.91666666666667,4.600000000000001,0.7999999999999972
2025-10-04,28.0,31.6,25.0,0.2333333333333333,97.20833333333333,6.600000000000001,0.6000000000000014
2025-10-05,26.7,30.2,24.8,0.31666666666666665,99.375,5.399999999999999,-1.3000000000000007
2025-10-06,27.0,29.2,24.8,0.3458333333333334,88.45833333333333,4.399999999999999,0.3000000000000007
2025-10-07,27.7,31.0,25.5,0.08750000000000001,83.66666666666667,5.5,0.6999999999999993
2025-10-08,27.2,31.0,25.2,0.3958333333333333,67.04166666666667,5.800000000000001,-0.5
2025-10-09,27.5,31.4,25.2,0.2333333333333333,85.5,6.199999999999999,0.3000000000000007
2025-10-10,27.2,31.6,24.5,0.5208333333333334,79.16666666666667,7.100000000000001,-0.3000000000000007
2025-10-11,27.3,30.5,25.0,0.06666666666666667,48.416666666666664,5.5,0.10000000000000142
2025-10-12,27.9,31.5,24.7,0.0,10.125,6.800000000000001,0.5999999999999979
2025-10-13,27.7,31.1,24.8,0.0,4.708333333333333,6.300000000000001,-0.1999999999999993
2025-10-14,28.0,31.9,24.5,0.0,0.8333333333333334,7.399999999999999,0.3000000000000007
2025-10-15,28.5,33.0,24.0,0.0,0.0,9.0,0.5
2025-10-16,28.4,32.8,24.0,0.0,3.625,8.799999999999997,-0.10000000000000142
2025-10-17,29.7,34.2,24.5,0.0,4.75,9.700000000000003,1.3000000000000007
2025-10-18,29.4,34.5,25.0,0.14583333333333334,19.166666666666668,9.5,-0.3000000000000007
2025-10-19,30.5,35.4,26.2,0.0,24.416666666666668,9.2,1.1000000000000014
2025-10-20,30.9,35.7,26.1,0.0,12.25,9.600000000000001,0.3999999999999986
2025-10-21,30.2,34.6,26.1,0.0,3.7916666666666665,8.5,-0.6999999999999993
2025-10-22,29.8,34.5,25.5,0.0,1.0,9.0,-0.3999999999999986
2025-10-23,30.4,34.7,25.6,0.0,1.4583333333333333,9.100000000000001,0.5999999999999979
2025-10-24,30.0,35.0,25.3,0.0,4.291666666666667,9.7,-0.3999999999999986
2025-10-25,29.7,34.4,25.9,0.0,22.291666666666668,8.5,-0.3000000000000007
2025-10-26,29.8,34.6,26.4,0.004166666666666667,18.458333333333332,8.200000000000003,0.10000000000000142
2025-10-27,30.5,34.5,26.4,0.004166666666666667,94.70833333333333,8.100000000000001,0.6999999999999993
2025-10-28,29.5,33.9,24.8,0.2791666666666666,93.41666666666667,9.099999999999998,-1.0
2025-10-29,26.2,29.2,24.6,0.4791666666666667,94.625,4.599999999999998,-3.3000000000000007
2025-10-30,26.9,30.2,25.2,0.2416666666666667,60.833333333333336,5.0,0.6999999999999993
2025-10-31,28.1,31.7,25.8,0.03333333333333333,53.625,5.899999999999999,1.2000000000000028
2025-11-01,27.0,30.4,24.4,0.43333333333333335,87.08333333333333,6.0,-1.1000000000000014
2025-11-02,26.0,28.5,23.1,0.0,66.91666666666667,5.399999999999999,-1.0
2025-11-03,25.5,30.0,21.4,0.0,40.041666666666664,8.600000000000001,-0.5
2025-11-04,25.2,29.9,21.5,0.0,81.95833333333333,8.399999999999999,-0.3000000000000007
2025-11-05,25.6,30.1,22.0,0.0,22.708333333333332,8.100000000000001,0.40000000000000213
2025-11-06,26.8,30.5,22.3,0.004166666666666667,11.166666666666666,8.2,1.1999999999999993
2025-11-07,26.8,31.0,22.0,0.0,27.583333333333332,9.0,0.0
2025-11-08,25.0,30.6,19.5,0.0,0.0,11.100000000000001,-1.8000000000000007
2025-11-09,24.6,29.8,19.8,0.0,0.0,10.0,-0.3999999999999986
2025-11-10,24.9,30.2,19.0,0.0,0.0,11.2,0.29999999999999716
2025-11-11,24.3,29.4,19.0,0.0,0.0,10.399999999999999,-0.5999999999999979
2025-11-12,23.6,28.5,18.6,0.0,0.0,9.899999999999999,-0.6999999999999993
2025-11-13,23.7,28.6,19.0,0.0,0.0,9.600000000000001,0.09999999999999787
2025-11-14,23.8,28.5,18.8,0.0,0.041666666666666664,9.7,0.10000000000000142
2025-11-15,23.8,28.8,18.8,0.0,1.625,10.0,0.0
2025-11-16,23.9,28.4,18.5,0.0,7.375,9.899999999999999,0.09999999999999787
2025-11-17,24.3,28.6,19.7,0.0,9.75,8.900000000000002,0.40000000000000213
2025-11-18,24.6,30.0,19.7,0.0,3.6666666666666665,10.3,0.3000000000000007
2025-11-19,25.4,30.9,19.5,0.0,0.0,11.399999999999999,0.7999999999999972
2025-11-20,25.4,30.2,21.0,0.0,0.125,9.2,0.0
2025-11-21,25.2,29.7,20.0,0.0,0.7916666666666666,9.7,-0.1999999999999993
2025-11-22,24.5,29.2,19.5,0.0,5.833333333333333,9.7,-0.6999999999999993
2025-11-23,24.6,29.4,19.8,0.0,7.458333333333333,9.599999999999998,0.10000000000000142
2025-11-24,23.6,28.8,18.5,0.0,14.333333333333334,10.3,-1.0
2025-11-25,22.5,27.8,17.8,0.0,0.0,10.0,-1.1000000000000014
2025-11-26,22.5,27.7,17.8,0.0,2.625,9.899999999999999,0.0
2025-11-27,23.7,28.9,18.5,0.0,0.5833333333333334,10.399999999999999,1.1999999999999993
2025-11-28,23.7,28.8,18.7,0.0,2.375,10.100000000000001,0.0
2025-11-29,23.7,28.6,18.8,0.0,40.5,9.8,0.0
2025-11-30,23.7,28.7,18.9,0.0,63.291666666666664,9.8,0.0
2025-12-01,24.0,28.2,19.9,0.0,88.08333333333333,8.3,0.3000000000000007
2025-12-02,23.8,28.6,19.5,0.0,87.0,9.100000000000001,-0.1999999999999993
2025-12-03,22.8,27.6,17.5,0.0,67.41666666666667,10.100000000000001,-1.0
2025-12-04,21.8,27.0,17.0,0.0,20.208333333333332,10.0,-1.0
2025-12-05,21.4,27.2,15.5,0.0,17.625,11.7,-0.40000000000000213
2025-12-06,20.5,26.1,15.2,0.0,13.208333333333334,10.900000000000002,-0.8999999999999986
2025-12-07,20.9,26.4,15.6,0.0,36.458333333333336,10.799999999999999,0.3999999999999986
2025-12-08,21.3,26.3,15.8,0.0,90.91666666666667,10.5,0.40000000000000213
2025-12-09,21.5,26.6,16.4,0.0,75.08333333333333,10.200000000000003,0.1999999999999993
2025-12-10,21.6,27.0,16.5,0.0,30.416666666666668,10.5,0.10000000000000142
2025-12-11,21.4,26.6,15.9,0.0,0.0,10.700000000000001,-0.20000000000000284
2025-12-12,21.5,26.6,16.4,0.0,1.4166666666666667,10.200000000000003,0.10000000000000142
2025-12-13,22.0,26.9,16.6,0.0,0.25,10.299999999999997,0.5
2025-12-14,22.9,28.0,17.8,0.0,0.125,10.2,0.8999999999999986
2025-12-15,22.1,27.5,16.7,0.0,0.0,10.8,-0.7999999999999972
2025-12-16,21.5,26.5,16.4,0.0,16.166666666666668,10.100000000000001,-0.6000000000000014
2025-12-17,21.4,26.2,16.5,0.0,0.041666666666666664,9.7,-0.10000000000000142
2025-12-18,22.2,27.7,16.8,0.0,4.875,10.899999999999999,0.8000000000000007
2025-12-19,22.3,27.6,17.4,0.0,27.833333333333332,10.200000000000003,0.10000000000000142
2025-12-20,20.3,24.6,16.2,0.0,26.0,8.400000000000002,-2.0
2025-12-21,20.7,25.5,15.6,0.0,25.416666666666668,9.9,0.3999999999999986
2025-12-22,20.6,25.9,15.6,0.0,27.333333333333332,10.299999999999999,-0.09999999999999787
2025-12-23,20.4,25.2,15.6,0.0,1.0416666666666667,9.6,-0.20000000000000284
2025-12-24,19.6,24.8,15.0,0.0,15.875,9.8,-0.7999999999999972
2025-12-25,18.4,22.8,14.3,0.0,0.0,8.5,-1.2000000000000028
2025-12-26,17.9,23.0,12.8,0.0,1.1666666666666667,10.2,-0.5
2025-12-27,18.7,23.5,13.4,0.0,6.75,10.1,0.8000000000000007
